This is pdfTeX, Version 3.141592653-2.6-1.40.29 (TeX Live 2026) (preloaded format=pdflatex 2026.9.20)  25 SEP 2026 23:27
entering extended mode
 restricted \write18 enabled.
 %&-line parsing enabled.
**main.tex
(./main.tex
LaTeX2e <2026-06-01>
L3 programming layer <2026-08-10>
(/usr/local/texlive/2026/texmf-dist/tex/latex/base/book.cls
Document Class: book 2025/01/22 v1.4n Standard LaTeX document class
(/usr/local/texlive/2026/texmf-dist/tex/latex/base/bk12.clo
File: bk12.clo 2025/01/22 v1.4n Standard LaTeX file (size option)
)
\c@part=\count276
\c@chapter=\count277
\c@section=\count278
\c@subsection=\count279
\c@subsubsection=\count280
\c@paragraph=\count281
\c@subparagraph=\count282
\c@figure=\count283
\c@table=\count284
\abovecaptionskip=\skip49
\belowcaptionskip=\skip50
\bibindent=\dimen150
)
(/usr/local/texlive/2026/texmf-dist/tex/latex/titlesec/titlesec.sty
Package: titlesec 2025/01/04 v2.17 Sectioning titles
\ttl@box=\box53
\beforetitleunit=\skip51
\aftertitleunit=\skip52
\ttl@plus=\dimen151
\ttl@minus=\dimen152
\ttl@toksa=\toks17
\titlewidth=\dimen153
\titlewidthlast=\dimen154
\titlewidthfirst=\dimen155
)
(/usr/local/texlive/2026/texmf-dist/tex/latex/cmap/cmap.sty
Package: cmap 2021/02/06 v1.0j CMap support: searchable PDF
)
(/usr/local/texlive/2026/texmf-dist/tex/latex/base/inputenc.sty
Package: inputenc 2024/02/08 v1.3d Input encoding file
\inpenc@prehook=\toks18
\inpenc@posthook=\toks19
)
(/usr/local/texlive/2026/texmf-dist/tex/latex/base/fontenc.sty
Package: fontenc 2025/07/18 v2.1d Standard LaTeX package
<<t1.cmap>>)
(/usr/local/texlive/2026/texmf-dist/tex/latex/lm/lmodern.sty
Package: lmodern 2015/05/01 v1.6.1 Latin Modern Fonts
LaTeX Font Info:    Overwriting symbol font `operators' in version `normal'
(Font)                  OT1/cmr/m/n --> OT1/lmr/m/n on input line 22.
LaTeX Font Info:    Overwriting symbol font `letters' in version `normal'
(Font)                  OML/cmm/m/it --> OML/lmm/m/it on input line 23.
LaTeX Font Info:    Overwriting symbol font `symbols' in version `normal'
(Font)                  OMS/cmsy/m/n --> OMS/lmsy/m/n on input line 24.
LaTeX Font Info:    Overwriting symbol font `largesymbols' in version `normal'
(Font)                  OMX/cmex/m/n --> OMX/lmex/m/n on input line 25.
LaTeX Font Info:    Overwriting symbol font `operators' in version `bold'
(Font)                  OT1/cmr/bx/n --> OT1/lmr/bx/n on input line 26.
LaTeX Font Info:    Overwriting symbol font `letters' in version `bold'
(Font)                  OML/cmm/b/it --> OML/lmm/b/it on input line 27.
LaTeX Font Info:    Overwriting symbol font `symbols' in version `bold'
(Font)                  OMS/cmsy/b/n --> OMS/lmsy/b/n on input line 28.
LaTeX Font Info:    Overwriting symbol font `largesymbols' in version `bold'
(Font)                  OMX/cmex/m/n --> OMX/lmex/m/n on input line 29.
LaTeX Font Info:    Overwriting math alphabet `\mathbf' in version `normal'
(Font)                  OT1/cmr/bx/n --> OT1/lmr/bx/n on input line 31.
LaTeX Font Info:    Overwriting math alphabet `\mathsf' in version `normal'
(Font)                  OT1/cmss/m/n --> OT1/lmss/m/n on input line 32.
LaTeX Font Info:    Overwriting math alphabet `\mathit' in version `normal'
(Font)                  OT1/cmr/m/it --> OT1/lmr/m/it on input line 33.
LaTeX Font Info:    Overwriting math alphabet `\mathtt' in version `normal'
(Font)                  OT1/cmtt/m/n --> OT1/lmtt/m/n on input line 34.
LaTeX Font Info:    Overwriting math alphabet `\mathbf' in version `bold'
(Font)                  OT1/cmr/bx/n --> OT1/lmr/bx/n on input line 35.
LaTeX Font Info:    Overwriting math alphabet `\mathsf' in version `bold'
(Font)                  OT1/cmss/bx/n --> OT1/lmss/bx/n on input line 36.
LaTeX Font Info:    Overwriting math alphabet `\mathit' in version `bold'
(Font)                  OT1/cmr/bx/it --> OT1/lmr/bx/it on input line 37.
LaTeX Font Info:    Overwriting math alphabet `\mathtt' in version `bold'
(Font)                  OT1/cmtt/m/n --> OT1/lmtt/m/n on input line 38.
)
(/usr/local/texlive/2026/texmf-dist/tex/latex/biblatex/biblatex.sty
Package: biblatex 2026/08/13 v3.22 programmable bibliographies (PK/MW)

(/usr/local/texlive/2026/texmf-dist/tex/generic/pdftexcmds/pdftexcmds.sty
Package: pdftexcmds 2020-06-27 v0.33 Utility functions of pdfTeX for LuaTeX (HO
)

(/usr/local/texlive/2026/texmf-dist/tex/generic/infwarerr/infwarerr.sty
Package: infwarerr 2019/12/03 v1.5 Providing info/warning/error messages (HO)
)
(/usr/local/texlive/2026/texmf-dist/tex/generic/iftex/iftex.sty
Package: iftex 2024/12/12 v1.0g TeX engine tests
)
(/usr/local/texlive/2026/texmf-dist/tex/generic/ltxcmds/ltxcmds.sty
Package: ltxcmds 2023-12-04 v1.26 LaTeX kernel commands for general use (HO)
)
Package pdftexcmds Info: \pdf@primitive is available.
Package pdftexcmds Info: \pdf@ifprimitive is available.
Package pdftexcmds Info: \pdfdraftmode found.
)
(/usr/local/texlive/2026/texmf-dist/tex/latex/etoolbox/etoolbox.sty
Package: etoolbox 2025/10/02 v2.5m e-TeX tools for LaTeX (JAW)
\etb@tempcnta=\count285
)
(/usr/local/texlive/2026/texmf-dist/tex/latex/graphics/keyval.sty
Package: keyval 2026-05-17 v1.15 key=value parser (DPC)
\KV@toks@=\toks20
)
(/usr/local/texlive/2026/texmf-dist/tex/latex/kvoptions/kvoptions.sty
Package: kvoptions 2022-06-15 v3.15 Key value format for package options (HO)

(/usr/local/texlive/2026/texmf-dist/tex/latex/kvsetkeys/kvsetkeys.sty
Package: kvsetkeys 2022-10-05 v1.19 Key value parser (HO)
))
(/usr/local/texlive/2026/texmf-dist/tex/latex/logreq/logreq.sty
Package: logreq 2010/08/04 v1.0 xml request logger
\lrq@indent=\count286

(/usr/local/texlive/2026/texmf-dist/tex/latex/logreq/logreq.def
File: logreq.def 2010/08/04 v1.0 logreq spec v1.0
))
(/usr/local/texlive/2026/texmf-dist/tex/latex/base/ifthen.sty
Package: ifthen 2024/03/16 v1.1e Standard LaTeX ifthen package (DPC)
)
(/usr/local/texlive/2026/texmf-dist/tex/latex/url/url.sty
\Urlmuskip=\muskip17
Package: url 2013/09/16  ver 3.4  Verb mode for urls, etc.
)
\c@tabx@nest=\count287
\c@listtotal=\count288
\c@listcount=\count289
\c@liststart=\count290
\c@liststop=\count291
\c@citecount=\count292
\c@citetotal=\count293
\c@multicitecount=\count294
\c@multicitetotal=\count295
\c@instcount=\count296
\c@maxnames=\count297
\c@minnames=\count298
\c@maxitems=\count299
\c@minitems=\count300
\c@citecounter=\count301
\c@maxcitecounter=\count302
\c@savedcitecounter=\count303
\c@uniquelist=\count304
\c@uniquename=\count305
\c@refsection=\count306
\c@refsegment=\count307
\c@maxextratitle=\count308
\c@maxextratitleyear=\count309
\c@maxextraname=\count310
\c@maxextradate=\count311
\c@maxextraalpha=\count312
\c@abbrvpenalty=\count313
\c@highnamepenalty=\count314
\c@lownamepenalty=\count315
\c@maxparens=\count316
\c@parenlevel=\count317
\blx@tempcnta=\count318
\blx@tempcntb=\count319
\blx@tempcntc=\count320
\c@blx@maxsection=\count321
\blx@maxsegment@0=\count322
\blx@notetype=\count323
\blx@parenlevel@text=\count324
\blx@parenlevel@foot=\count325
\blx@sectionciteorder@0=\count326
\blx@sectionciteorderinternal@0=\count327
\blx@entrysetcounter=\count328
\blx@biblioinstance=\count329
\labelnumberwidth=\skip53
\labelalphawidth=\skip54
\biblabelsep=\skip55
\bibitemsep=\skip56
\bibnamesep=\skip57
\bibinitsep=\skip58
\bibparsep=\skip59
\bibhang=\skip60
\blx@bcfin=\read2
\blx@bcfout=\write3
\blx@langwohyphens=\language91
\c@mincomprange=\count330
\c@maxcomprange=\count331
\c@mincompwidth=\count332
Package biblatex Info: Trying to load biblatex default data model...
Package biblatex Info: ... file 'blx-dm.def' found.

(/usr/local/texlive/2026/texmf-dist/tex/latex/biblatex/blx-dm.def
File: blx-dm.def 2026/08/13 v3.22 biblatex datamodel (PK/MW)
)
Package biblatex Info: Trying to load biblatex style data model...
Package biblatex Info: ... file 'iso-numeric.dbx' found.

(/usr/local/texlive/2026/texmf-dist/tex/latex/biblatex-iso690/iso-numeric.dbx
File: iso-numeric.dbx 2022/03/20 v0.4.1 ISO 690 biblatex data model extension
)
Package biblatex Info: Trying to load biblatex custom data model...
Package biblatex Info: ... file 'biblatex-dm.cfg' not found.
\c@afterword=\count333
\c@savedafterword=\count334
\c@annotator=\count335
\c@savedannotator=\count336
\c@author=\count337
\c@savedauthor=\count338
\c@bookauthor=\count339
\c@savedbookauthor=\count340
\c@commentator=\count341
\c@savedcommentator=\count342
\c@editor=\count343
\c@savededitor=\count344
\c@editora=\count345
\c@savededitora=\count346
\c@editorb=\count347
\c@savededitorb=\count348
\c@editorc=\count349
\c@savededitorc=\count350
\c@foreword=\count351
\c@savedforeword=\count352
\c@holder=\count353
\c@savedholder=\count354
\c@introduction=\count355
\c@savedintroduction=\count356
\c@namea=\count357
\c@savednamea=\count358
\c@nameb=\count359
\c@savednameb=\count360
\c@namec=\count361
\c@savednamec=\count362
\c@translator=\count363
\c@savedtranslator=\count364
\c@shortauthor=\count365
\c@savedshortauthor=\count366
\c@shorteditor=\count367
\c@savedshorteditor=\count368
\c@supervisor=\count369
\c@savedsupervisor=\count370
\c@labelname=\count371
\c@savedlabelname=\count372
\c@institution=\count373
\c@savedinstitution=\count374
\c@lista=\count375
\c@savedlista=\count376
\c@listb=\count377
\c@savedlistb=\count378
\c@listc=\count379
\c@savedlistc=\count380
\c@listd=\count381
\c@savedlistd=\count382
\c@liste=\count383
\c@savedliste=\count384
\c@listf=\count385
\c@savedlistf=\count386
\c@location=\count387
\c@savedlocation=\count388
\c@organization=\count389
\c@savedorganization=\count390
\c@origlocation=\count391
\c@savedoriglocation=\count392
\c@origpublisher=\count393
\c@savedorigpublisher=\count394
\c@publisher=\count395
\c@savedpublisher=\count396
\c@language=\count397
\c@savedlanguage=\count398
\c@origlanguage=\count399
\c@savedoriglanguage=\count400
\c@pageref=\count401
\c@savedpageref=\count402
\shorthandwidth=\skip61
\shortjournalwidth=\skip62
\shortserieswidth=\skip63
\shorttitlewidth=\skip64
\shortauthorwidth=\skip65
\shorteditorwidth=\skip66
\locallabelnumberwidth=\skip67
\locallabelalphawidth=\skip68
\localshorthandwidth=\skip69
\localshortjournalwidth=\skip70
\localshortserieswidth=\skip71
\localshorttitlewidth=\skip72
\localshortauthorwidth=\skip73
\localshorteditorwidth=\skip74
Package biblatex Info: Trying to load compatibility code...
Package biblatex Info: ... file 'blx-compat.def' found.

(/usr/local/texlive/2026/texmf-dist/tex/latex/biblatex/blx-compat.def
File: blx-compat.def 2026/08/13 v3.22 biblatex compatibility (PK/MW)
)
Package biblatex Info: Trying to load generic definitions...
Package biblatex Info: ... file 'biblatex.def' found.

(/usr/local/texlive/2026/texmf-dist/tex/latex/biblatex/biblatex.def
File: biblatex.def 2026/08/13 v3.22 biblatex compatibility (PK/MW)
\c@textcitecount=\count403
\c@textcitetotal=\count404
\c@textcitemaxnames=\count405
\c@biburlbigbreakpenalty=\count406
\c@biburlbreakpenalty=\count407
\c@biburlnumpenalty=\count408
\c@biburlucpenalty=\count409
\c@biburllcpenalty=\count410
\biburlbigskip=\muskip18
\biburlnumskip=\muskip19
\biburlucskip=\muskip20
\biburllcskip=\muskip21
\c@smartand=\count411
)
Package biblatex Info: Trying to load bibliography style 'iso-numeric'...
Package biblatex Info: ... file 'iso-numeric.bbx' found.

(/usr/local/texlive/2026/texmf-dist/tex/latex/biblatex-iso690/iso-numeric.bbx
File: iso-numeric.bbx 2022/03/20 v0.4.1 ISO 690 biblatex bibliography style
Package biblatex Info: Trying to load bibliography style 'iso'...
Package biblatex Info: ... file 'iso.bbx' found.

(/usr/local/texlive/2026/texmf-dist/tex/latex/biblatex-iso690/iso.bbx
File: iso.bbx 2022/03/20 v0.4.1 ISO 690 biblatex bibliography style
Package biblatex-iso690 Info: Space colon enabled: false.
Package biblatex-iso690 Info: Total pages enabled: false.
Package biblatex-iso690 Info: Short numeration enabled: false.
Package biblatex-iso690 Info: Thesis info in the notes section enabled: true.
Package biblatex-iso690 Info: URL field enabled: true.
Package biblatex-iso690 Info: ISBN field enabled: true.
Package biblatex-iso690 Info: DOI field enabled: true.
Package biblatex-iso690 Info: eprint field enabled: true.
Package biblatex-iso690 Info: Article publication info enabled: false.
Package biblatex-iso690 Info: Use current language for the bibliography: false.

Package biblatex-iso690 Info: Use no end dot for the bibliography entries: fals
e.
Package biblatex Info: Delimiter 'multinamedelim' in context '' already defined
, overwriting.
Package biblatex Info: Delimiter 'finalnamedelim' in context '' already defined
, overwriting.
Package biblatex Info: Delimiter 'editortypedelim' in context '' already define
d, overwriting.
Package biblatex Info: Delimiter 'authortypedelim' in context '' already define
d, overwriting.
))
Package biblatex Info: Trying to load citation style 'iso-numeric'...
Package biblatex Info: ... file 'iso-numeric.cbx' found.

(/usr/local/texlive/2026/texmf-dist/tex/latex/biblatex-iso690/iso-numeric.cbx
File: iso-numeric.cbx 2022/03/20 v0.4.1 ISO 690 biblatex citation style
Package biblatex Info: Trying to load citation style 'numeric'...
Package biblatex Info: ... file 'numeric.cbx' found.

(/usr/local/texlive/2026/texmf-dist/tex/latex/biblatex/cbx/numeric.cbx
File: numeric.cbx 2026/08/13 v3.22 biblatex citation style (PK/MW)
Package biblatex Info: Redefining '\cite'.
Package biblatex Info: Redefining '\parencite'.
Package biblatex Info: Redefining '\footcite'.
Package biblatex Info: Redefining '\footcitetext'.
Package biblatex Info: Redefining '\smartcite'.
Package biblatex Info: Redefining '\supercite'.
Package biblatex Info: Redefining '\textcite'.
Package biblatex Info: Redefining '\textcites'.
Package biblatex Info: Redefining '\cites'.
Package biblatex Info: Redefining '\parencites'.
Package biblatex Info: Redefining '\smartcites'.
)
Package biblatex Info: Trying to load citation style 'iso-fullcite'...
Package biblatex Info: ... file 'iso-fullcite.cbx' found.

(/usr/local/texlive/2026/texmf-dist/tex/latex/biblatex-iso690/iso-fullcite.cbx
File: iso-fullcite.cbx 2022/03/20 v0.4.1 ISO 690 biblatex fullcite modification
s
Package biblatex Info: Redefining '\fullcite'.
Package biblatex Info: Redefining '\footfullcite'.
)
Package biblatex Info: Redefining '\parencite'.
)
Package biblatex Info: Trying to load configuration file...
Package biblatex Info: ... file 'biblatex.cfg' found.
 (/usr/local/texlive/2026/texmf-dist/tex/latex/biblatex/biblatex.cfg
File: biblatex.cfg 
)
Package biblatex-iso690 Info: DOI field enabled: true.
Package biblatex-iso690 Info: URL field enabled: true.
Package biblatex-iso690 Info: ISBN field enabled: false.
Package biblatex Info: Input encoding 'utf8' detected.
Package biblatex Info: Document encoding is UTF8 ....

(/usr/local/texlive/2026/texmf-dist/tex/latex/l3kernel/expl3.sty
Package: expl3 2026-08-10 L3 programming layer (loader) 

(/usr/local/texlive/2026/texmf-dist/tex/latex/l3kernel/l3backend-pdftex.def
File: l3backend-pdftex.def 2026-08-10 L3 backend support: PDF output (pdfTeX)
\l__color_backend_stack_int=\count412
))
Package biblatex Info: ... and expl3
(biblatex)             2026-08-10 L3 programming layer (loader) 
(biblatex)             is new enough (at least 2020/04/06),
(biblatex)             setting 'casechanger=expl3'.

(/usr/local/texlive/2026/texmf-dist/tex/latex/biblatex/blx-case-expl3.sty
(/usr/local/texlive/2026/texmf-dist/tex/latex/l3packages/xparse/xparse.sty
Package: xparse 2025-10-09 L3 Experimental document command parser
)
Package: blx-case-expl3 2026/08/13 v3.22 expl3 case changing code for biblatex
))
   defining Unicode char U+202F (decimal 8239)
Package biblatex Info: Redefining '\parencite' on input line 32.

(/usr/local/texlive/2026/texmf-dist/tex/latex/xcolor/xcolor.sty
Package: xcolor 2024/09/29 v3.02 LaTeX color extensions (UK)

(/usr/local/texlive/2026/texmf-dist/tex/latex/graphics-cfg/color.cfg
File: color.cfg 2016/01/02 v1.6 sample color configuration
)

Package xcolor Warning: Package option `usenames' is obsolete and ignored on in
put line 265.

Package xcolor Info: Driver file: pdftex.def on input line 274.
(/usr/local/texlive/2026/texmf-dist/tex/latex/graphics-def/pdftex.def
File: pdftex.def 2025/09/29 v1.2d Graphics/color driver for pdftex
)
(/usr/local/texlive/2026/texmf-dist/tex/latex/graphics/mathcolor.ltx)
Package xcolor Info: Model `cmy' substituted by `cmy0' on input line 1349.
Package xcolor Info: Model `hsb' substituted by `rgb' on input line 1353.
Package xcolor Info: Model `RGB' extended on input line 1365.
Package xcolor Info: Model `HTML' substituted by `rgb' on input line 1367.
Package xcolor Info: Model `Hsb' substituted by `hsb' on input line 1368.
Package xcolor Info: Model `tHsb' substituted by `hsb' on input line 1369.
Package xcolor Info: Model `HSB' substituted by `hsb' on input line 1370.
Package xcolor Info: Model `Gray' substituted by `gray' on input line 1371.
Package xcolor Info: Model `wave' substituted by `hsb' on input line 1372.
)
(/usr/local/texlive/2026/texmf-dist/tex/latex/graphics/dvipsnam.def
File: dvipsnam.def 2026-05-17 v3.0m Driver-dependent file (DPC,SPQR)
)
(/usr/local/texlive/2026/texmf-dist/tex/latex/framed/framed.sty
Package: framed 2011/10/22 v 0.96: framed or shaded text with page breaks
\OuterFrameSep=\skip75
\fb@frw=\dimen156
\fb@frh=\dimen157
\FrameRule=\dimen158
\FrameSep=\dimen159
)
(/usr/local/texlive/2026/texmf-dist/tex/latex/float/float.sty
Package: float 2001/11/08 v1.3d Float enhancements (AL)
\c@float@type=\count413
\float@exts=\toks21
\float@box=\box54
\@float@everytoks=\toks22
\@floatcapt=\box55
)
(/usr/local/texlive/2026/texmf-dist/tex/latex/adjustbox/adjustbox.sty
Package: adjustbox 2025/02/26 v1.3c Adjusting TeX boxes (trim, clip, ...)

(/usr/local/texlive/2026/texmf-dist/tex/latex/xkeyval/xkeyval.sty
Package: xkeyval 2025/11/04 v2.10 package option processing (HA)

(/usr/local/texlive/2026/texmf-dist/tex/generic/xkeyval/xkeyval.tex
(/usr/local/texlive/2026/texmf-dist/tex/generic/xkeyval/xkvutils.tex
\XKV@toks=\toks23
\XKV@tempa@toks=\toks24
\XKV@tempb@toks=\toks25
)
\XKV@depth=\count414
File: xkeyval.tex 2014/12/03 v2.7a key=value parser (HA)
))
(/usr/local/texlive/2026/texmf-dist/tex/latex/adjustbox/adjcalc.sty
Package: adjcalc 2012/05/16 v1.1 Provides advanced setlength with multiple back
-ends (calc, etex, pgfmath)
)
(/usr/local/texlive/2026/texmf-dist/tex/latex/adjustbox/trimclip.sty
Package: trimclip 2025/02/21 v1.2a Trim and clip general TeX material

(/usr/local/texlive/2026/texmf-dist/tex/latex/graphics/graphicx.sty
Package: graphicx 2026-05-17 v1.2e Enhanced LaTeX Graphics (DPC,SPQR)

(/usr/local/texlive/2026/texmf-dist/tex/latex/graphics/graphics.sty
Package: graphics 2026-05-17 v1.4h Standard LaTeX Graphics (DPC,SPQR)

(/usr/local/texlive/2026/texmf-dist/tex/latex/graphics/trig.sty
Package: trig 2023/12/02 v1.11 sin cos tan (DPC)
)
(/usr/local/texlive/2026/texmf-dist/tex/latex/graphics-cfg/graphics.cfg
File: graphics.cfg 2016/06/04 v1.11 sample graphics configuration
)
Package graphics Info: Driver file: pdftex.def on input line 106.
)
\Gin@req@height=\dimen160
\Gin@req@width=\dimen161
)
(/usr/local/texlive/2026/texmf-dist/tex/latex/collectbox/collectbox.sty
Package: collectbox 2022/10/17 v0.4c Collect macro arguments as boxes
\collectedbox=\box56
)
\tc@llx=\dimen162
\tc@lly=\dimen163
\tc@urx=\dimen164
\tc@ury=\dimen165
Package trimclip Info: Using driver 'tc-pdftex.def'.

(/usr/local/texlive/2026/texmf-dist/tex/latex/adjustbox/tc-pdftex.def
File: tc-pdftex.def 2025/02/26 v2.3 Clipping driver for pdftex
))
\adjbox@Width=\dimen166
\adjbox@Height=\dimen167
\adjbox@Depth=\dimen168
\adjbox@Totalheight=\dimen169
\adjbox@pwidth=\dimen170
\adjbox@pheight=\dimen171
\adjbox@pdepth=\dimen172
\adjbox@ptotalheight=\dimen173

(/usr/local/texlive/2026/texmf-dist/tex/latex/ifoddpage/ifoddpage.sty
Package: ifoddpage 2022/10/18 v1.2 Conditionals for odd/even page detection
\c@checkoddpage=\count415
)
(/usr/local/texlive/2026/texmf-dist/tex/latex/varwidth/varwidth.sty
Package: varwidth 2009/03/30 ver 0.92;  Variable-width minipages
\@vwid@box=\box57
\sift@deathcycles=\count416
\@vwid@loff=\dimen174
\@vwid@roff=\dimen175
)
==> First Aid for varwidth.sty applied!
) (/usr/local/texlive/2026/texmf-dist/tex/latex/needspace/needspace.sty
Package: needspace 2025/03/13 v1.3e reserve vertical space
)
(/usr/local/texlive/2026/texmf-dist/tex/latex/placeins/placeins.sty
Package: placeins 2005/04/18  v 2.2
)
(/usr/local/texlive/2026/texmf-dist/tex/latex/microtype/microtype.sty
Package: microtype 2026/03/01 v3.2d Micro-typographical refinements (RS)
\MT@toks=\toks26
\MT@tempbox=\box58
\MT@count=\count417
LaTeX Info: Redefining \noprotrusionifhmode on input line 1084.
LaTeX Info: Redefining \leftprotrusion on input line 1085.
\MT@prot@toks=\toks27
LaTeX Info: Redefining \rightprotrusion on input line 1104.
LaTeX Info: Redefining \textls on input line 1449.
\MT@outer@kern=\dimen176
LaTeX Info: Redefining \microtypecontext on input line 2053.
LaTeX Info: Redefining \textmicrotypecontext on input line 2070.
\MT@listname@count=\count418

(/usr/local/texlive/2026/texmf-dist/tex/latex/microtype/microtype-pdftex.def
File: microtype-pdftex.def 2026/03/01 v3.2d Definitions specific to pdftex (RS)

LaTeX Info: Redefining \lsstyle on input line 944.
LaTeX Info: Redefining \lslig on input line 944.
\MT@outer@space=\skip76
)
Package microtype Info: Loading configuration file microtype.cfg.

(/usr/local/texlive/2026/texmf-dist/tex/latex/microtype/microtype.cfg
File: microtype.cfg 2026/03/01 v3.2d microtype main configuration file (RS)
)
LaTeX Info: Redefining \microtypesetup on input line 3065.
)
(/usr/local/texlive/2026/texmf-dist/tex/latex/anyfontsize/anyfontsize.sty
Package: anyfontsize 2007/11/22 anyfontsize.sty by pts
)
(/usr/local/texlive/2026/texmf-dist/tex/latex/chngcntr/chngcntr.sty
Package: chngcntr 2018/04/09 v1.1a change counter resetting
Package chngcntr Info: \counterwithout already defined.
(chngcntr)             Quitting chngcntr on input line 21.
)
(/usr/local/texlive/2026/texmf-dist/tex/latex/enumitem/enumitem.sty
Package: enumitem 2025/02/06 v3.11 Customized lists
\labelindent=\skip77
\enit@outerparindent=\dimen177
\enit@toks=\toks28
\enit@inbox=\box59
\enit@count@id=\count419
\enitdp@description=\count420
)
\c@Propertiesi=\count421
\c@Propertiesii=\count422
\enitdp@Properties=\count423

(/usr/local/texlive/2026/texmf-dist/tex/latex/lastpage/lastpage.sty
Package: lastpage 2025/08/14 v2.1h lastpage: 2.09 or 2e? (HMM)

(/usr/local/texlive/2026/texmf-dist/tex/latex/lastpage/lastpage2e.sty
Package: lastpage2e 2025/08/14 v2.1h Decide which 2e lastpage version to use (H
MM)

(/usr/local/texlive/2026/texmf-dist/tex/latex/lastpage/lastpagemodern.sty
Package: lastpagemodern 2025-08-14 v2.1h Refers to last page's name (HMM; JPG)
\c@lastpagecount=\count424
) 
)) (/usr/local/texlive/2026/texmf-dist/tex/latex/titlesec/titleps.sty
Package: titleps 2025/01/04 v2.17 Page styles
)
(/usr/local/texlive/2026/texmf-dist/tex/latex/textcase/textcase.sty
Package: textcase 2025/02/16 v1.05 Text only upper/lower case changing (DPC)
Package textcase Info: Defining Legacy names on input line 20.
)
(/usr/local/texlive/2026/texmf-dist/tex/latex/pdfpages/pdfpages.sty
Package: pdfpages 2026/03/30 v0.6h Insert pages of external PDF documents (AM)

(/usr/local/texlive/2026/texmf-dist/tex/latex/tools/calc.sty
Package: calc 2025/03/01 v4.3b Infix arithmetic (KKT,FJ)
\calc@Acount=\count425
\calc@Bcount=\count426
\calc@Adimen=\dimen178
\calc@Bdimen=\dimen179
\calc@Askip=\skip78
\calc@Bskip=\skip79
LaTeX Info: Redefining \setlength on input line 86.
LaTeX Info: Redefining \addtolength on input line 87.
\calc@Ccount=\count427
\calc@Cskip=\skip80
)
(/usr/local/texlive/2026/texmf-dist/tex/latex/eso-pic/eso-pic.sty
Package: eso-pic 2026/05/31 v3.0e eso-pic (RN)
\ESO@tempdima=\dimen180
\ESO@tempdimb=\dimen181
)
\AM@pagewidth=\dimen182
\AM@pageheight=\dimen183
\AM@fboxrule=\dimen184

(/usr/local/texlive/2026/texmf-dist/tex/latex/pdfpages/pppdftex.def
File: pppdftex.def 2026/03/30 v0.6h Pdfpages driver for pdfTeX (AM)
)
\pdfpages@includegraphics@status=\count428
\AM@pagebox=\box60
\AM@global@opts=\toks29
\AM@pagecnt=\count429
\AM@toc@title=\toks30
\AM@lof@heading=\toks31
\c@AM@survey=\count430
\AM@templatesizebox=\box61
)
(/usr/local/texlive/2026/texmf-dist/tex/latex/vmargin/vmargin.sty
Package: vmargin 2004/07/15 V2.5 set document margins (VK)

Package: vmargin 2004/07/15 V2.5 set document margins (VK)
\PaperWidth=\dimen185
\PaperHeight=\dimen186
) (/usr/local/texlive/2026/texmf-dist/tex/latex/todonotes/todonotes.sty
Package: todonotes 2024/01/05 v1.1.7 Todonotes source and documentation.
Package: todonotes 2024/01/05

(/usr/local/texlive/2026/texmf-dist/tex/latex/pgf/frontendlayer/tikz.sty
(/usr/local/texlive/2026/texmf-dist/tex/latex/pgf/basiclayer/pgf.sty
(/usr/local/texlive/2026/texmf-dist/tex/latex/pgf/utilities/pgfrcs.sty
(/usr/local/texlive/2026/texmf-dist/tex/generic/pgf/utilities/pgfutil-common.te
x
\pgfutil@everybye=\toks32
\pgfutil@tempdima=\dimen187
\pgfutil@tempdimb=\dimen188
)
(/usr/local/texlive/2026/texmf-dist/tex/generic/pgf/utilities/pgfutil-latex.def
\pgfutil@abb=\box62
) (/usr/local/texlive/2026/texmf-dist/tex/generic/pgf/utilities/pgfrcs.code.tex
(/usr/local/texlive/2026/texmf-dist/tex/generic/pgf/pgf.revision.tex)
Package: pgfrcs 2026-08-01 v3.1.12 (3.1.12)
))
Package: pgf 2026-08-01 v3.1.12 (3.1.12)

(/usr/local/texlive/2026/texmf-dist/tex/latex/pgf/basiclayer/pgfcore.sty
(/usr/local/texlive/2026/texmf-dist/tex/latex/pgf/systemlayer/pgfsys.sty
(/usr/local/texlive/2026/texmf-dist/tex/generic/pgf/systemlayer/pgfsys.code.tex
Package: pgfsys 2026-08-01 v3.1.12 (3.1.12)
(/usr/local/texlive/2026/texmf-dist/tex/generic/pgf/utilities/pgfkeys.code.tex
\pgfkeys@pathtoks=\toks33
\pgfkeys@temptoks=\toks34

(/usr/local/texlive/2026/texmf-dist/tex/generic/pgf/utilities/pgfkeyslibraryfil
tered.code.tex
\pgfkeys@tmptoks=\toks35
))
\pgf@x=\dimen189
\pgf@y=\dimen190
\pgf@xa=\dimen191
\pgf@ya=\dimen192
\pgf@xb=\dimen193
\pgf@yb=\dimen194
\pgf@xc=\dimen195
\pgf@yc=\dimen196
\pgf@xd=\dimen197
\pgf@yd=\dimen198
\w@pgf@writea=\write4
\r@pgf@reada=\read3
\c@pgf@counta=\count431
\c@pgf@countb=\count432
\c@pgf@countc=\count433
\c@pgf@countd=\count434
\t@pgf@toka=\toks36
\t@pgf@tokb=\toks37
\t@pgf@tokc=\toks38
\pgf@sys@id@count=\count435

(/usr/local/texlive/2026/texmf-dist/tex/generic/pgf/systemlayer/pgf.cfg
File: pgf.cfg 2026-08-01 v3.1.12 (3.1.12)
)
Driver file for pgf: pgfsys-pdftex.def

(/usr/local/texlive/2026/texmf-dist/tex/generic/pgf/systemlayer/pgfsys-pdftex.d
ef
File: pgfsys-pdftex.def 2026-08-01 v3.1.12 (3.1.12)

(/usr/local/texlive/2026/texmf-dist/tex/generic/pgf/systemlayer/pgfsys-common-p
df.def
File: pgfsys-common-pdf.def 2026-08-01 v3.1.12 (3.1.12)
)))
(/usr/local/texlive/2026/texmf-dist/tex/generic/pgf/systemlayer/pgfsyssoftpath.
code.tex
File: pgfsyssoftpath.code.tex 2026-08-01 v3.1.12 (3.1.12)
\pgfsyssoftpath@smallbuffer@items=\count436
\pgfsyssoftpath@bigbuffer@items=\count437
)
(/usr/local/texlive/2026/texmf-dist/tex/generic/pgf/systemlayer/pgfsysprotocol.
code.tex
File: pgfsysprotocol.code.tex 2026-08-01 v3.1.12 (3.1.12)
))
(/usr/local/texlive/2026/texmf-dist/tex/generic/pgf/basiclayer/pgfcore.code.tex
Package: pgfcore 2026-08-01 v3.1.12 (3.1.12)
(/usr/local/texlive/2026/texmf-dist/tex/generic/pgf/math/pgfmath.code.tex
(/usr/local/texlive/2026/texmf-dist/tex/generic/pgf/math/pgfmathutil.code.tex)
(/usr/local/texlive/2026/texmf-dist/tex/generic/pgf/math/pgfmathparser.code.tex
\pgfmath@dimen=\dimen199
\pgfmath@count=\count438
\pgfmath@box=\box63
\pgfmath@toks=\toks39
\pgfmath@stack@operand=\toks40
\pgfmath@stack@operation=\toks41
)
(/usr/local/texlive/2026/texmf-dist/tex/generic/pgf/math/pgfmathfunctions.code.
tex)
(/usr/local/texlive/2026/texmf-dist/tex/generic/pgf/math/pgfmathfunctions.basic
.code.tex)
(/usr/local/texlive/2026/texmf-dist/tex/generic/pgf/math/pgfmathfunctions.trigo
nometric.code.tex)
(/usr/local/texlive/2026/texmf-dist/tex/generic/pgf/math/pgfmathfunctions.rando
m.code.tex)
(/usr/local/texlive/2026/texmf-dist/tex/generic/pgf/math/pgfmathfunctions.compa
rison.code.tex)
(/usr/local/texlive/2026/texmf-dist/tex/generic/pgf/math/pgfmathfunctions.base.
code.tex)
(/usr/local/texlive/2026/texmf-dist/tex/generic/pgf/math/pgfmathfunctions.round
.code.tex)
(/usr/local/texlive/2026/texmf-dist/tex/generic/pgf/math/pgfmathfunctions.misc.
code.tex)
(/usr/local/texlive/2026/texmf-dist/tex/generic/pgf/math/pgfmathfunctions.integ
erarithmetics.code.tex)
(/usr/local/texlive/2026/texmf-dist/tex/generic/pgf/math/pgfmathcalc.code.tex)
(/usr/local/texlive/2026/texmf-dist/tex/generic/pgf/math/pgfmathfloat.code.tex
\c@pgfmathroundto@lastzeros=\count439
)) (/usr/local/texlive/2026/texmf-dist/tex/generic/pgf/math/pgfint.code.tex)
(/usr/local/texlive/2026/texmf-dist/tex/generic/pgf/basiclayer/pgfcorepoints.co
de.tex
File: pgfcorepoints.code.tex 2026-08-01 v3.1.12 (3.1.12)
\pgf@picminx=\dimen256
\pgf@picmaxx=\dimen257
\pgf@picminy=\dimen258
\pgf@picmaxy=\dimen259
\pgf@pathminx=\dimen260
\pgf@pathmaxx=\dimen261
\pgf@pathminy=\dimen262
\pgf@pathmaxy=\dimen263
\pgf@xx=\dimen264
\pgf@xy=\dimen265
\pgf@yx=\dimen266
\pgf@yy=\dimen267
\pgf@zx=\dimen268
\pgf@zy=\dimen269
)
(/usr/local/texlive/2026/texmf-dist/tex/generic/pgf/basiclayer/pgfcorepathconst
ruct.code.tex
File: pgfcorepathconstruct.code.tex 2026-08-01 v3.1.12 (3.1.12)
\pgf@path@lastx=\dimen270
\pgf@path@lasty=\dimen271
)
(/usr/local/texlive/2026/texmf-dist/tex/generic/pgf/basiclayer/pgfcorepathusage
.code.tex
File: pgfcorepathusage.code.tex 2026-08-01 v3.1.12 (3.1.12)
\pgf@shorten@end@additional=\dimen272
\pgf@shorten@start@additional=\dimen273
)
(/usr/local/texlive/2026/texmf-dist/tex/generic/pgf/basiclayer/pgfcorescopes.co
de.tex
File: pgfcorescopes.code.tex 2026-08-01 v3.1.12 (3.1.12)
\pgfpic=\box64
\pgf@hbox=\box65
\pgf@layerbox@main=\box66
\pgf@picture@serial@count=\count440
)
(/usr/local/texlive/2026/texmf-dist/tex/generic/pgf/basiclayer/pgfcoregraphicst
ate.code.tex
File: pgfcoregraphicstate.code.tex 2026-08-01 v3.1.12 (3.1.12)
\pgflinewidth=\dimen274
)
(/usr/local/texlive/2026/texmf-dist/tex/generic/pgf/basiclayer/pgfcoretransform
ations.code.tex
File: pgfcoretransformations.code.tex 2026-08-01 v3.1.12 (3.1.12)
\pgf@pt@x=\dimen275
\pgf@pt@y=\dimen276
\pgf@pt@temp=\dimen277
)
(/usr/local/texlive/2026/texmf-dist/tex/generic/pgf/basiclayer/pgfcorequick.cod
e.tex
File: pgfcorequick.code.tex 2026-08-01 v3.1.12 (3.1.12)
)
(/usr/local/texlive/2026/texmf-dist/tex/generic/pgf/basiclayer/pgfcoreobjects.c
ode.tex
File: pgfcoreobjects.code.tex 2026-08-01 v3.1.12 (3.1.12)
)
(/usr/local/texlive/2026/texmf-dist/tex/generic/pgf/basiclayer/pgfcorepathproce
ssing.code.tex
File: pgfcorepathprocessing.code.tex 2026-08-01 v3.1.12 (3.1.12)
)
(/usr/local/texlive/2026/texmf-dist/tex/generic/pgf/basiclayer/pgfcorearrows.co
de.tex
File: pgfcorearrows.code.tex 2026-08-01 v3.1.12 (3.1.12)
\pgfarrowsep=\dimen278
)
(/usr/local/texlive/2026/texmf-dist/tex/generic/pgf/basiclayer/pgfcoreshade.cod
e.tex
File: pgfcoreshade.code.tex 2026-08-01 v3.1.12 (3.1.12)
\pgf@max=\dimen279
\pgf@sys@shading@range@num=\count441
\pgf@shadingcount=\count442
)
(/usr/local/texlive/2026/texmf-dist/tex/generic/pgf/basiclayer/pgfcoreimage.cod
e.tex
File: pgfcoreimage.code.tex 2026-08-01 v3.1.12 (3.1.12)
)
(/usr/local/texlive/2026/texmf-dist/tex/generic/pgf/basiclayer/pgfcoreexternal.
code.tex
File: pgfcoreexternal.code.tex 2026-08-01 v3.1.12 (3.1.12)
\pgfexternal@startupbox=\box67
)
(/usr/local/texlive/2026/texmf-dist/tex/generic/pgf/basiclayer/pgfcorelayers.co
de.tex
File: pgfcorelayers.code.tex 2026-08-01 v3.1.12 (3.1.12)
)
(/usr/local/texlive/2026/texmf-dist/tex/generic/pgf/basiclayer/pgfcoretranspare
ncy.code.tex
File: pgfcoretransparency.code.tex 2026-08-01 v3.1.12 (3.1.12)
)
(/usr/local/texlive/2026/texmf-dist/tex/generic/pgf/basiclayer/pgfcorepatterns.
code.tex
File: pgfcorepatterns.code.tex 2026-08-01 v3.1.12 (3.1.12)
)
(/usr/local/texlive/2026/texmf-dist/tex/generic/pgf/basiclayer/pgfcorerdf.code.
tex
File: pgfcorerdf.code.tex 2026-08-01 v3.1.12 (3.1.12)
)))
(/usr/local/texlive/2026/texmf-dist/tex/generic/pgf/modules/pgfmoduleshapes.cod
e.tex
File: pgfmoduleshapes.code.tex 2026-08-01 v3.1.12 (3.1.12)
\pgfnodeparttextbox=\box68
)
(/usr/local/texlive/2026/texmf-dist/tex/generic/pgf/modules/pgfmoduleplot.code.
tex
File: pgfmoduleplot.code.tex 2026-08-01 v3.1.12 (3.1.12)
)
(/usr/local/texlive/2026/texmf-dist/tex/latex/pgf/compatibility/pgfcomp-version
-0-65.sty
Package: pgfcomp-version-0-65 2026-08-01 v3.1.12 (3.1.12)
\pgf@nodesepstart=\dimen280
\pgf@nodesepend=\dimen281
)
(/usr/local/texlive/2026/texmf-dist/tex/latex/pgf/compatibility/pgfcomp-version
-1-18.sty
Package: pgfcomp-version-1-18 2026-08-01 v3.1.12 (3.1.12)
))
(/usr/local/texlive/2026/texmf-dist/tex/latex/pgf/utilities/pgffor.sty
(/usr/local/texlive/2026/texmf-dist/tex/latex/pgf/utilities/pgfkeys.sty
(/usr/local/texlive/2026/texmf-dist/tex/generic/pgf/utilities/pgfkeys.code.tex)
) (/usr/local/texlive/2026/texmf-dist/tex/latex/pgf/math/pgfmath.sty
(/usr/local/texlive/2026/texmf-dist/tex/generic/pgf/math/pgfmath.code.tex))
(/usr/local/texlive/2026/texmf-dist/tex/generic/pgf/utilities/pgffor.code.tex
Package: pgffor 2026-08-01 v3.1.12 (3.1.12)
\pgffor@iter=\dimen282
\pgffor@skip=\dimen283
\pgffor@stack=\toks42
\pgffor@toks=\toks43
))
(/usr/local/texlive/2026/texmf-dist/tex/generic/pgf/frontendlayer/tikz/tikz.cod
e.tex
Package: tikz 2026-08-01 v3.1.12 (3.1.12)

(/usr/local/texlive/2026/texmf-dist/tex/generic/pgf/libraries/pgflibraryplothan
dlers.code.tex
File: pgflibraryplothandlers.code.tex 2026-08-01 v3.1.12 (3.1.12)
\pgf@plot@mark@count=\count443
\pgfplotmarksize=\dimen284
)
\tikz@lastx=\dimen285
\tikz@lasty=\dimen286
\tikz@lastxsaved=\dimen287
\tikz@lastysaved=\dimen288
\tikz@lastmovetox=\dimen289
\tikz@lastmovetoy=\dimen290
\tikzleveldistance=\dimen291
\tikzsiblingdistance=\dimen292
\tikz@figbox=\box69
\tikz@figbox@bg=\box70
\tikz@tempbox=\box71
\tikz@tempbox@bg=\box72
\tikztreelevel=\count444
\tikznumberofchildren=\count445
\tikznumberofcurrentchild=\count446
\tikz@fig@count=\count447

(/usr/local/texlive/2026/texmf-dist/tex/generic/pgf/modules/pgfmodulematrix.cod
e.tex
File: pgfmodulematrix.code.tex 2026-08-01 v3.1.12 (3.1.12)
\pgfmatrixcurrentrow=\count448
\pgfmatrixcurrentcolumn=\count449
\pgf@matrix@numberofcolumns=\count450
)
\tikz@expandcount=\count451

(/usr/local/texlive/2026/texmf-dist/tex/generic/pgf/frontendlayer/tikz/librarie
s/tikzlibrarytopaths.code.tex
File: tikzlibrarytopaths.code.tex 2026-08-01 v3.1.12 (3.1.12)
)))
(/usr/local/texlive/2026/texmf-dist/tex/generic/pgf/frontendlayer/tikz/librarie
s/tikzlibrarypositioning.code.tex
File: tikzlibrarypositioning.code.tex 2026-08-01 v3.1.12 (3.1.12)
)
\c@@todonotes@numberoftodonotes=\count452
)
(/usr/local/texlive/2026/texmf-dist/tex/latex/pdfcomment/pdfcomment.sty
Package: pdfcomment 2026-06-15 v3.0b PDF annotations and comments

(/usr/local/texlive/2026/texmf-dist/tex/latex/pdfcomment/pdfcomment-2018-11-01.
sty
Package: pdfcomment-2018-11-01 2026-06-15 pdfcomment.sty v2.4b - Josef Kleber (
C) 2008-2012, 2015-2016, 2018, Ulrike Fischer 2026
\c@pc@count@i=\count453
\c@pc@count@ii=\count454
\c@pc@count@iii=\count455
\c@pc@count@iv=\count456
\pc@mathannot@box=\box73
\pc@nullbox=\box74
\pc@dima=\skip81
\pc@dimb=\skip82
\pc@Sposx=\skip83
\pc@Sposy=\skip84
\pc@Eposx=\skip85
\pc@Eposy=\skip86
\pc@column=\skip87
\pc@box@width=\skip88
\pc@box@height=\skip89
\pc@box@depth=\skip90
 (/usr/local/texlive/2026/texmf-dist/tex/latex/datetime2/datetime2.sty
Package: datetime2 2021/03/21 v1.5.7 (NLCT) date and time formats

(/usr/local/texlive/2026/texmf-dist/tex/latex/tracklang/tracklang.sty
Package: tracklang 2026/05/24 v1.6.8 (NLCT) Track Languages

(/usr/local/texlive/2026/texmf-dist/tex/generic/tracklang/tracklang.tex)))
(/usr/local/texlive/2026/texmf-dist/tex/latex/zref/zref-savepos.sty
Package: zref-savepos 2026-09-16 v2.38 Module savepos for zref (HO)

(/usr/local/texlive/2026/texmf-dist/tex/latex/zref/zref-base.sty
Package: zref-base 2026-09-16 v2.38 Module base for zref (HO)

(/usr/local/texlive/2026/texmf-dist/tex/generic/kvdefinekeys/kvdefinekeys.sty
Package: kvdefinekeys 2019-12-19 v1.6 Define keys (HO)
)
(/usr/local/texlive/2026/texmf-dist/tex/generic/etexcmds/etexcmds.sty
Package: etexcmds 2019/12/15 v1.7 Avoid name clashes with e-TeX commands (HO)
)
(/usr/local/texlive/2026/texmf-dist/tex/latex/auxhook/auxhook.sty
Package: auxhook 2019-12-17 v1.6 Hooks for auxiliary files (HO)
)
Package zref Info: New property list: main on input line 772.
Package zref Info: New property: default on input line 773.
Package zref Info: New property: page on input line 774.
)
Package zref Info: New property list: savepos on input line 57.
Package zref Info: New property: posx on input line 59.
Package zref Info: New property: posy on input line 60.
)
\c@zref@unique=\count457

(/usr/local/texlive/2026/texmf-dist/tex/latex/refcount/refcount.sty
Package: refcount 2019/12/15 v3.6 Data extraction from label references (HO)
)
(/usr/local/texlive/2026/texmf-dist/tex/latex/marginnote/marginnote.sty
Package: marginnote 2026-06-15 1.5 non floating margin notes for LaTeX 
\c@mn@abspage=\count458
)
(/usr/local/texlive/2026/texmf-dist/tex/generic/iftex/ifpdf.sty
Package: ifpdf 2019/10/25 v3.4 ifpdf legacy package. Use iftex instead.
)
(/usr/local/texlive/2026/texmf-dist/tex/generic/iftex/ifluatex.sty
Package: ifluatex 2019/10/25 v1.5 ifluatex legacy package. Use iftex instead.
)
(/usr/local/texlive/2026/texmf-dist/tex/latex/soulpos/soulpos.sty
Package: soulpos 2021/10/15 v1.2 Fancy underlining
\ulp@subcnt=\count459
\ulp@cnt=\count460
\ulp@out=\write5
\ulp@in=\read4
\ulwidth=\dimen293
)
(/usr/local/texlive/2026/texmf-dist/tex/latex/hyperref/hyperref.sty
Package: hyperref 2026-06-17 v7.01r Hypertext links for LaTeX

(/usr/local/texlive/2026/texmf-dist/tex/generic/pdfescape/pdfescape.sty
Package: pdfescape 2019/12/09 v1.15 Implements pdfTeX's escape features (HO)
)
(/usr/local/texlive/2026/texmf-dist/tex/latex/hycolor/hycolor.sty
Package: hycolor 2020-01-27 v1.10 Color options for hyperref/bookmark (HO)
)
(/usr/local/texlive/2026/texmf-dist/tex/latex/hyperref/nameref.sty
Package: nameref 2026-01-29 v2.58 Cross-referencing by name of section

(/usr/local/texlive/2026/texmf-dist/tex/generic/gettitlestring/gettitlestring.s
ty
Package: gettitlestring 2019/12/15 v1.6 Cleanup title references (HO)
)
\c@section@level=\count461
) (/usr/local/texlive/2026/texmf-dist/tex/generic/stringenc/stringenc.sty
Package: stringenc 2019/11/29 v1.12 Convert strings between diff. encodings (HO
)
)
\@linkdim=\dimen294
\Hy@linkcounter=\count462
\Hy@pagecounter=\count463

(/usr/local/texlive/2026/texmf-dist/tex/latex/hyperref/pd1enc.def
File: pd1enc.def 2026-06-17 v7.01r Hyperref: PDFDocEncoding definition (HO)
Now handling font encoding PD1 ...
... no UTF-8 mapping file for font encoding PD1
)
(/usr/local/texlive/2026/texmf-dist/tex/generic/intcalc/intcalc.sty
Package: intcalc 2019/12/15 v1.3 Expandable calculations with integers (HO)
)
\Hy@SavedSpaceFactor=\count464

(/usr/local/texlive/2026/texmf-dist/tex/latex/hyperref/puenc.def
File: puenc.def 2026-06-17 v7.01r Hyperref: PDF Unicode definition (HO)
Now handling font encoding PU ...
... no UTF-8 mapping file for font encoding PU
)
Package hyperref Info: Option `unicode' set `true' on input line 4070.
Package hyperref Info: Hyper figures OFF on input line 4199.
Package hyperref Info: Link nesting OFF on input line 4204.
Package hyperref Info: Hyper index ON on input line 4207.
Package hyperref Info: Plain pages OFF on input line 4214.
Package hyperref Info: Backreferencing OFF on input line 4219.
Package hyperref Info: Implicit mode ON; LaTeX internals redefined.
Package hyperref Info: Bookmarks ON on input line 4466.
\c@Hy@tempcnt=\count465
LaTeX Info: Redefining \url on input line 4805.
\XeTeXLinkMargin=\dimen295

(/usr/local/texlive/2026/texmf-dist/tex/generic/bitset/bitset.sty
Package: bitset 2019/12/09 v1.3 Handle bit-vector datatype (HO)

(/usr/local/texlive/2026/texmf-dist/tex/generic/bigintcalc/bigintcalc.sty
Package: bigintcalc 2019/12/15 v1.5 Expandable calculations on big integers (HO
)
))
\Fld@menulength=\count466
\Field@Width=\dimen296
\Fld@charsize=\dimen297
Package hyperref Info: Hyper figures OFF on input line 6091.
Package hyperref Info: Link nesting OFF on input line 6096.
Package hyperref Info: Hyper index ON on input line 6099.
Package hyperref Info: backreferencing OFF on input line 6106.
Package hyperref Info: Link coloring OFF on input line 6111.
Package hyperref Info: Link coloring with OCG OFF on input line 6116.
Package hyperref Info: PDF/A mode OFF on input line 6121.
\Hy@abspage=\count467
\c@Item=\count468
\c@Hfootnote=\count469
)
Package hyperref Info: Driver: hpdftex.

(/usr/local/texlive/2026/texmf-dist/tex/latex/hyperref/hpdftex.def
File: hpdftex.def 2026-06-17 v7.01r Hyperref driver for pdfTeX
\Fld@listcount=\count470
\c@bookmark@seq@number=\count471

(/usr/local/texlive/2026/texmf-dist/tex/latex/rerunfilecheck/rerunfilecheck.sty
Package: rerunfilecheck 2025-06-21 v1.11 Rerun checks for auxiliary files (HO)

(/usr/local/texlive/2026/texmf-dist/tex/generic/uniquecounter/uniquecounter.sty
Package: uniquecounter 2019/12/15 v1.4 Provide unlimited unique counter (HO)
)
Package uniquecounter Info: New unique counter `rerunfilecheck' on input line 2
84.
)
\Hy@SectionHShift=\skip91
)
\pc@tmp@box=\box75
Package zref Info: New property list: pdfcomment on input line 2756.
Package zref Info: New property: PCPDFOBJID on input line 2757.
)) (/usr/local/texlive/2026/texmf-dist/tex/generic/babel/babel.sty
Package: babel 2026/09/09 v26.12 The multilingual framework for LuaLaTeX, pdfLa
TeX and XeLaTeX
\babel@savecnt=\count472
LaTeX Encoding Info:    Redeclaring text command \ij (encoding OT1) on input li
ne 2095.
LaTeX Encoding Info:    Redeclaring text command \IJ (encoding OT1) on input li
ne 2097.
LaTeX Encoding Info:    Redeclaring text command \ij (encoding T1) on input lin
e 2099.
LaTeX Encoding Info:    Redeclaring text command \IJ (encoding T1) on input lin
e 2100.
LaTeX Encoding Info:    Ignoring declaration for text command \ij (encoding ?) 
on input line 2101.
LaTeX Encoding Info:    Ignoring declaration for text command \IJ (encoding ?) 
on input line 2103.
LaTeX Encoding Info:    Ignoring declaration for text command \SS (encoding ?) 
on input line 2128.
\U@D=\dimen298
\l@unhyphenated=\language92

(/usr/local/texlive/2026/texmf-dist/tex/generic/babel/txtbabel.def)
\bbl@readstream=\read5
\bbl@dirlevel=\count473

(/usr/local/texlive/2026/texmf-dist/tex/generic/babel/locale/es/babel-spanish.t
ex)
Package babel Info: Importing font and identification data for 'spanish'
(babel)             from babel-es.ini. Reported on input line 4459.
 (/usr/local/texlive/2026/texmf-dist/tex/generic/babel-spanish/spanish.ldf
Language: spanish.ldf 2021/05/27 v5.0q Spanish support from the babel system
\es@quottoks=\toks44
\es@quotdepth=\count474
Package babel Info: Making " an active character on input line 570.
Package babel Info: Making < an active character on input line 722.
Package babel Info: Making > an active character on input line 722.
))
LaTeX Encoding Info:    Redeclaring text command \guillemotleft (encoding OT1) 
on input line 122.
LaTeX Encoding Info:    Redeclaring text command \guillemotright (encoding OT1)
 on input line 122.
(/usr/local/texlive/2026/texmf-dist/tex/latex/csquotes/csquotes.sty
Package: csquotes 2026-05-19 v5.2p context-sensitive quotations (JAW)
\csq@reset=\count475
\csq@gtype=\count476
\csq@glevel=\count477
\csq@qlevel=\count478
\csq@maxlvl=\count479
\csq@tshold=\count480
\csq@ltx@everypar=\toks45

(/usr/local/texlive/2026/texmf-dist/tex/latex/csquotes/csquotes.def
File: csquotes.def 2026-05-19 v5.2p csquotes generic definitions (JAW)
)
Package csquotes Info: Trying to load configuration file 'csquotes.cfg'...
Package csquotes Info: ... configuration file loaded successfully.

(/usr/local/texlive/2026/texmf-dist/tex/latex/csquotes/csquotes.cfg
File: csquotes.cfg 
))
(/usr/local/texlive/2026/texmf-dist/tex/latex/tools/multicol.sty
Package: multicol 2025/10/21 v2.0b multicolumn formatting (FMi)
\c@tracingmulticols=\count481
\mult@box=\box76
\multicol@leftmargin=\dimen299
\c@unbalance=\count482
\c@collectmore=\count483
\doublecol@number=\count484
\multicoltolerance=\count485
\multicolpretolerance=\count486
\full@width=\dimen300
\page@free=\dimen301
\premulticols=\dimen302
\postmulticols=\dimen303
\multicolsep=\skip92
\multicolbaselineskip=\skip93
\partial@page=\box77
\last@line=\box78
\mc@boxedresult=\box79
\maxbalancingoverflow=\dimen304
\mult@rightbox=\box80
\mult@grightbox=\box81
\mult@firstbox=\box82
\mult@gfirstbox=\box83
\@tempa=\box84
\@tempa=\box85
\@tempa=\box86
\@tempa=\box87
\@tempa=\box88
\@tempa=\box89
\@tempa=\box90
\@tempa=\box91
\@tempa=\box92
\@tempa=\box93
\@tempa=\box94
\@tempa=\box95
\@tempa=\box96
\@tempa=\box97
\@tempa=\box98
\@tempa=\box99
\@tempa=\box100
\@tempa=\box101
\@tempa=\box102
\@tempa=\box103
\@tempa=\box104
\@tempa=\box105
\@tempa=\box106
\@tempa=\box107
\@tempa=\box108
\@tempa=\box109
\@tempa=\box110
\@tempa=\box111
\@tempa=\box112
\@tempa=\box113
\@tempa=\box114
\@tempa=\box115
\@tempa=\box116
\@tempa=\box117
\@tempa=\box118
\@tempa=\box119
\c@minrows=\count487
\c@columnbadness=\count488
\c@finalcolumnbadness=\count489
\last@try=\dimen305
\multicolovershoot=\dimen306
\multicolundershoot=\dimen307
\mult@nat@firstbox=\box120
\colbreak@box=\box121
\mc@col@check@num=\count490
\g__mc_curr_col_int=\count491
)
(/usr/local/texlive/2026/texmf-dist/tex/latex/multirow/multirow.sty
Package: multirow 2024/11/12 v2.9 Span multiple rows of a table
\multirow@colwidth=\skip94
\multirow@cntb=\count492
\multirow@dima=\skip95
\bigstrutjot=\dimen308
)
(/usr/local/texlive/2026/texmf-dist/tex/latex/tools/array.sty
Package: array 2026/02/24 v2.7b Tabular extension package (FMi)
\col@sep=\dimen309
\ar@mcellbox=\box122
\extrarowheight=\dimen310
\NC@list=\toks46
\extratabsurround=\skip96
\backup@length=\skip97
\ar@cellbox=\box123
)
(/usr/local/texlive/2026/texmf-dist/tex/latex/tools/longtable.sty
Package: longtable 2026-01-28 v4.27 Multi-page Table package (DPC)
\LTleft=\skip98
\LTright=\skip99
\LTpre=\skip100
\LTpost=\skip101
\LTchunksize=\count493
\LTcapwidth=\dimen311
\LT@head=\box124
\LT@firsthead=\box125
\LT@foot=\box126
\LT@lastfoot=\box127
\LT@gbox=\box128
\LT@cols=\count494
\LT@rows=\count495
\c@LT@tables=\count496
\c@LT@chunks=\count497
\LT@p@ftn=\toks47
)
(/usr/local/texlive/2026/texmf-dist/tex/latex/tools/tabularx.sty
Package: tabularx 2023/12/11 v2.12a `tabularx' package (DPC)
\TX@col@width=\dimen312
\TX@old@table=\dimen313
\TX@old@col=\dimen314
\TX@target=\dimen315
\TX@delta=\dimen316
\TX@cols=\count498
\TX@ftn=\toks48
)
(/usr/local/texlive/2026/texmf-dist/tex/latex/psnfss/mathptmx.sty
Package: mathptmx 2020/03/25 PSNFSS-v9.3 Times w/ Math, improved (SPQR, WaS) 
LaTeX Font Info:    Redeclaring symbol font `operators' on input line 28.
LaTeX Font Info:    Overwriting symbol font `operators' in version `normal'
(Font)                  OT1/lmr/m/n --> OT1/ztmcm/m/n on input line 28.
LaTeX Font Info:    Overwriting symbol font `operators' in version `bold'
(Font)                  OT1/lmr/bx/n --> OT1/ztmcm/m/n on input line 28.
LaTeX Font Info:    Redeclaring symbol font `letters' on input line 29.
LaTeX Font Info:    Overwriting symbol font `letters' in version `normal'
(Font)                  OML/lmm/m/it --> OML/ztmcm/m/it on input line 29.
LaTeX Font Info:    Overwriting symbol font `letters' in version `bold'
(Font)                  OML/lmm/b/it --> OML/ztmcm/m/it on input line 29.
LaTeX Font Info:    Redeclaring symbol font `symbols' on input line 30.
LaTeX Font Info:    Overwriting symbol font `symbols' in version `normal'
(Font)                  OMS/lmsy/m/n --> OMS/ztmcm/m/n on input line 30.
LaTeX Font Info:    Overwriting symbol font `symbols' in version `bold'
(Font)                  OMS/lmsy/b/n --> OMS/ztmcm/m/n on input line 30.
LaTeX Font Info:    Redeclaring symbol font `largesymbols' on input line 31.
LaTeX Font Info:    Overwriting symbol font `largesymbols' in version `normal'
(Font)                  OMX/lmex/m/n --> OMX/ztmcm/m/n on input line 31.
LaTeX Font Info:    Overwriting symbol font `largesymbols' in version `bold'
(Font)                  OMX/lmex/m/n --> OMX/ztmcm/m/n on input line 31.
\symbold=\mathgroup4
\symitalic=\mathgroup5
LaTeX Font Info:    Redeclaring math alphabet \mathbf on input line 34.
LaTeX Font Info:    Overwriting math alphabet `\mathbf' in version `normal'
(Font)                  OT1/lmr/bx/n --> OT1/ptm/bx/n on input line 34.
LaTeX Font Info:    Overwriting math alphabet `\mathbf' in version `bold'
(Font)                  OT1/lmr/bx/n --> OT1/ptm/bx/n on input line 34.
LaTeX Font Info:    Redeclaring math alphabet \mathit on input line 35.
LaTeX Font Info:    Overwriting math alphabet `\mathit' in version `normal'
(Font)                  OT1/lmr/m/it --> OT1/ptm/m/it on input line 35.
LaTeX Font Info:    Overwriting math alphabet `\mathit' in version `bold'
(Font)                  OT1/lmr/bx/it --> OT1/ptm/m/it on input line 35.
LaTeX Info: Redefining \hbar on input line 50.
)
(/usr/local/texlive/2026/texmf-dist/tex/latex/amsmath/amsmath.sty
Package: amsmath 2026/05/19 v2.18d AMS math features
\@mathmargin=\skip102

For additional information on amsmath, use the `?' option.
(/usr/local/texlive/2026/texmf-dist/tex/latex/amsmath/amstext.sty
Package: amstext 2024/11/17 v2.01 AMS text

(/usr/local/texlive/2026/texmf-dist/tex/latex/amsmath/amsgen.sty
File: amsgen.sty 1999/11/30 v2.0 generic functions
\@emptytoks=\toks49
\ex@=\dimen317
))
(/usr/local/texlive/2026/texmf-dist/tex/latex/amsmath/amsbsy.sty
Package: amsbsy 1999/11/29 v1.2d Bold Symbols
\pmbraise@=\dimen318
)
(/usr/local/texlive/2026/texmf-dist/tex/latex/amsmath/amsopn.sty
Package: amsopn 2022/04/08 v2.04 operator names
)
\inf@bad=\count499
LaTeX Info: Redefining \frac on input line 233.
\uproot@=\count500
\leftroot@=\count501
LaTeX Info: Redefining \overline on input line 398.
LaTeX Info: Redefining \colon on input line 409.
\classnum@=\count502
\DOTSCASE@=\count503
LaTeX Info: Redefining \ldots on input line 495.
LaTeX Info: Redefining \dots on input line 498.
LaTeX Info: Redefining \cdots on input line 619.
\Mathstrutbox@=\box129
\strutbox@=\box130
LaTeX Info: Redefining \big on input line 721.
LaTeX Info: Redefining \Big on input line 722.
LaTeX Info: Redefining \bigg on input line 723.
LaTeX Info: Redefining \Bigg on input line 724.
\big@size=\dimen319
LaTeX Font Info:    Redeclaring font encoding OML on input line 742.
LaTeX Font Info:    Redeclaring font encoding OMS on input line 743.
\macc@depth=\count504
LaTeX Info: Redefining \bmod on input line 904.
LaTeX Info: Redefining \pmod on input line 909.
LaTeX Info: Redefining \smash on input line 939.
LaTeX Info: Redefining \relbar on input line 969.
LaTeX Info: Redefining \Relbar on input line 970.
\c@MaxMatrixCols=\count505
\dotsspace@=\muskip22
\c@parentequation=\count506
\dspbrk@lvl=\count507
\tag@help=\toks50
\row@=\count508
\column@=\count509
\maxfields@=\count510
\andhelp@=\toks51
\eqnshift@=\dimen320
\alignsep@=\dimen321
\tagshift@=\dimen322
\tagwidth@=\dimen323
\totwidth@=\dimen324
\lineht@=\dimen325
\@envbody=\toks52
\multlinegap=\skip103
\multlinetaggap=\skip104
\mathdisplay@stack=\toks53
LaTeX Info: Redefining \[ on input line 2965.
LaTeX Info: Redefining \] on input line 2966.
)
(/usr/local/texlive/2026/texmf-dist/tex/latex/amsfonts/amsfonts.sty
Package: amsfonts 2013/01/14 v3.01 Basic AMSFonts support
\symAMSa=\mathgroup6
\symAMSb=\mathgroup7
LaTeX Font Info:    Overwriting math alphabet `\mathfrak' in version `bold'
(Font)                  U/euf/m/n --> U/euf/b/n on input line 106.
)
(/usr/local/texlive/2026/texmf-dist/tex/latex/amsfonts/amssymb.sty
Package: amssymb 2013/01/14 v3.01 AMS font symbols
)
(/usr/local/texlive/2026/texmf-dist/tex/latex/amscls/amsthm.sty
Package: amsthm 2020/05/29 v2.20.6
\thm@style=\toks54
\thm@bodyfont=\toks55
\thm@headfont=\toks56
\thm@notefont=\toks57
\thm@headpunct=\toks58
\thm@preskip=\skip105
\thm@postskip=\skip106
\thm@headsep=\skip107
\dth@everypar=\toks59
)
(/usr/local/texlive/2026/texmf-dist/tex/latex/cancel/cancel.sty
Package: cancel 2013/04/12 v2.2 Cancel math terms
)
(/usr/local/texlive/2026/texmf-dist/tex/generic/pgf/libraries/pgflibraryarrows.
meta.code.tex
File: pgflibraryarrows.meta.code.tex 2026-08-01 v3.1.12 (3.1.12)
\pgfarrowinset=\dimen326
\pgfarrowlength=\dimen327
\pgfarrowwidth=\dimen328
\pgfarrowlinewidth=\dimen329
)
(/usr/local/texlive/2026/texmf-dist/tex/generic/pgf/frontendlayer/tikz/librarie
s/tikzlibrarycalc.code.tex
File: tikzlibrarycalc.code.tex 2026-08-01 v3.1.12 (3.1.12)
)
(/usr/local/texlive/2026/texmf-dist/tex/generic/pgf/frontendlayer/tikz/librarie
s/tikzlibrarybabel.code.tex
File: tikzlibrarybabel.code.tex 2026-08-01 v3.1.12 (3.1.12)
) (./config/symbols.tex
(/usr/local/texlive/2026/texmf-dist/tex/latex/wrapfig/wrapfig.sty
\wrapoverhang=\dimen330
\WF@size=\dimen331
\c@WF@wrappedlines=\count511
\WF@box=\box131
\WF@everypar=\toks60
Package: wrapfig 2003/01/31  v 3.6
)
(/usr/local/texlive/2026/texmf-dist/tex/latex/blochsphere/blochsphere.sty
Package: blochsphere 2015/09/15 v1.1 blochsphere drawing package
Package: blochsphere 2015/08/17

(/usr/local/texlive/2026/texmf-dist/tex/latex/environ/environ.sty
Package: environ 2014/05/04 v0.3 A new way to define environments

(/usr/local/texlive/2026/texmf-dist/tex/latex/trimspaces/trimspaces.sty
Package: trimspaces 2009/09/17 v1.1 Trim spaces around a token list
))
(/usr/local/texlive/2026/texmf-dist/tex/generic/pgf/frontendlayer/tikz/librarie
s/tikzlibrarydecorations.pathreplacing.code.tex
(/usr/local/texlive/2026/texmf-dist/tex/generic/pgf/frontendlayer/tikz/librarie
s/tikzlibrarydecorations.code.tex
(/usr/local/texlive/2026/texmf-dist/tex/generic/pgf/modules/pgfmoduledecoration
s.code.tex
\pgfdecoratedcompleteddistance=\dimen332
\pgfdecoratedremainingdistance=\dimen333
\pgfdecoratedinputsegmentcompleteddistance=\dimen334
\pgfdecoratedinputsegmentremainingdistance=\dimen335
\pgf@decorate@distancetomove=\dimen336
\pgf@decorate@repeatstate=\count512
\pgfdecorationsegmentamplitude=\dimen337
\pgfdecorationsegmentlength=\dimen338
)
\tikz@lib@dec@box=\box132
)
(/usr/local/texlive/2026/texmf-dist/tex/generic/pgf/libraries/decorations/pgfli
brarydecorations.pathreplacing.code.tex))
(/usr/local/texlive/2026/texmf-dist/tex/generic/pgf/frontendlayer/tikz/librarie
s/tikzlibrarydecorations.markings.code.tex
(/usr/local/texlive/2026/texmf-dist/tex/generic/pgf/libraries/decorations/pgfli
brarydecorations.markings.code.tex))
(/usr/local/texlive/2026/texmf-dist/tex/generic/pgf/frontendlayer/tikz/librarie
s/tikzlibraryfadings.code.tex
File: tikzlibraryfadings.code.tex 2026-08-01 v3.1.12 (3.1.12)

(/usr/local/texlive/2026/texmf-dist/tex/generic/pgf/libraries/pgflibraryfadings
.code.tex
File: pgflibraryfadings.code.tex 2026-08-01 v3.1.12 (3.1.12)
))) (/usr/local/texlive/2026/texmf-dist/tex/latex/tikz-cd/tikz-cd.sty
Package: tikz-cd 2021/05/04 v1.0 Commutative diagrams with TikZ

(/usr/local/texlive/2026/texmf-dist/tex/generic/tikz-cd/tikzlibrarycd.code.tex
(/usr/local/texlive/2026/texmf-dist/tex/generic/pgf/frontendlayer/tikz/librarie
s/tikzlibrarymatrix.code.tex
File: tikzlibrarymatrix.code.tex 2026-08-01 v3.1.12 (3.1.12)
)
(/usr/local/texlive/2026/texmf-dist/tex/generic/pgf/frontendlayer/tikz/librarie
s/tikzlibraryquotes.code.tex
File: tikzlibraryquotes.code.tex 2026-08-01 v3.1.12 (3.1.12)
)))
(/usr/local/texlive/2026/texmf-dist/tex/latex/quiver/quiver.sty
Package: quiver 2026/07/27 quiver

(/usr/local/texlive/2026/texmf-dist/tex/generic/pgf/frontendlayer/tikz/librarie
s/tikzlibrarydecorations.pathmorphing.code.tex
(/usr/local/texlive/2026/texmf-dist/tex/generic/pgf/libraries/decorations/pgfli
brarydecorations.pathmorphing.code.tex))
(/usr/local/texlive/2026/texmf-dist/tex/latex/spath3/tikzlibraryspath3.code.tex
(/usr/local/texlive/2026/texmf-dist/tex/latex/spath3/spath3.sty
Package: spath3 2026/05/31 v2.9 Functions for manipulating PGF soft paths
\g__spath_output_int=\count513
\l__spath_tmpa_dim=\dimen339
\l__spath_tmpb_dim=\dimen340
\l__spath_tmpa_int=\count514
\l__spath_tmpb_int=\count515
\l__spath_move_x_dim=\dimen341
\l__spath_move_y_dim=\dimen342
\l__spath_rectx_dim=\dimen343
\l__spath_recty_dim=\dimen344
\g__spath_anon_int=\count516
)
\l__tikzspath_tmpa_int=\count517
)
(/usr/local/texlive/2026/texmf-dist/tex/latex/tikz-nfold/tikzlibrarynfold.code.
tex
(/usr/local/texlive/2026/texmf-dist/tex/latex/tikz-nfold/pgflibrarynfold.code.t
ex
(/usr/local/texlive/2026/texmf-dist/tex/latex/tikz-nfold/pgflibraryoffsetpath.c
ode.tex
(/usr/local/texlive/2026/texmf-dist/tex/latex/tikz-nfold/pgflibrarybezieroffset
.code.tex
\pgf@offset@max@recursion=\count518
)
\pgf@nfold@order=\count519
)
\pgf@nfold@index=\count520
)))) (/usr/local/texlive/2026/texmf-dist/tex/generic/ulem/ulem.sty
\UL@box=\box133
\UL@hyphenbox=\box134
\UL@skip=\skip108
\UL@hook=\toks61
\UL@height=\dimen345
\UL@pe=\count521
\UL@pixel=\dimen346
\ULC@box=\box135
Package: ulem 2019/11/18
\ULdepth=\dimen347
)
(/usr/local/texlive/2026/texmf-dist/tex/latex/setspace/setspace.sty
Package: setspace 2022/12/04 v6.7b set line spacing
)
(/usr/local/texlive/2026/texmf-dist/tex/latex/tocloft/tocloft.sty
Package: tocloft 2026-09-12 v3.0c parameterised ToC, etc., typesetting
Package tocloft Info: The document has chapter divisions on input line 64.
\cftparskip=\skip109
\cftbeforetoctitleskip=\skip110
\cftaftertoctitleskip=\skip111
\cftbeforepartskip=\skip112
\cftpartnumwidth=\skip113
\cftpartindent=\skip114
\cftbeforechapskip=\skip115
\cftchapindent=\skip116
\cftchapnumwidth=\skip117
\cftbeforesecskip=\skip118
\cftsecindent=\skip119
\cftsecnumwidth=\skip120
\cftbeforesubsecskip=\skip121
\cftsubsecindent=\skip122
\cftsubsecnumwidth=\skip123
\cftbeforesubsubsecskip=\skip124
\cftsubsubsecindent=\skip125
\cftsubsubsecnumwidth=\skip126
\cftbeforeparaskip=\skip127
\cftparaindent=\skip128
\cftparanumwidth=\skip129
\cftbeforesubparaskip=\skip130
\cftsubparaindent=\skip131
\cftsubparanumwidth=\skip132
\cftbeforeloftitleskip=\skip133
\cftafterloftitleskip=\skip134
\cftbeforefigskip=\skip135
\cftfigindent=\skip136
\cftfignumwidth=\skip137
\c@lofdepth=\count522
\c@lotdepth=\count523
\cftbeforelottitleskip=\skip138
\cftafterlottitleskip=\skip139
\cftbeforetabskip=\skip140
\cfttabindent=\skip141
\cfttabnumwidth=\skip142
)
Package hyperref Info: Option `colorlinks' set `false' on input line 220.
Package csquotes Info: Checking for multilingual support...
Package csquotes Info: ... found 'babel' package.
Package csquotes Info: Adjusting default style.
Package csquotes Info: Redefining alias 'default' -> 'spanish'.
LaTeX Font Info:    Trying to load font information for T1+ptm on input line 22
8.

(/usr/local/texlive/2026/texmf-dist/tex/latex/psnfss/t1ptm.fd
File: t1ptm.fd 2001/06/04 font definitions for T1/ptm.
) (./main.aux
LaTeX Info: Redefining \. on input line 14.
LaTeX Info: Redefining \% on input line 14.
Package babel Info: 'spanish' activates 'spanish' shorthands.
(babel)             Reported on input line 14.
LaTeX Info: Redefining \. on input line 52.
LaTeX Info: Redefining \% on input line 52.
LaTeX Info: Redefining \. on input line 53.
LaTeX Info: Redefining \% on input line 53.
LaTeX Info: Redefining \. on input line 59.
LaTeX Info: Redefining \% on input line 59.
LaTeX Info: Redefining \. on input line 60.
LaTeX Info: Redefining \% on input line 60.
LaTeX Info: Redefining \. on input line 63.
LaTeX Info: Redefining \% on input line 63.
LaTeX Info: Redefining \. on input line 64.
LaTeX Info: Redefining \% on input line 64.
LaTeX Info: Redefining \. on input line 76.
LaTeX Info: Redefining \% on input line 76.
LaTeX Info: Redefining \. on input line 77.
LaTeX Info: Redefining \% on input line 77.
LaTeX Info: Redefining \. on input line 79.
LaTeX Info: Redefining \% on input line 79.
LaTeX Info: Redefining \. on input line 80.
LaTeX Info: Redefining \% on input line 80.
LaTeX Info: Redefining \. on input line 88.
LaTeX Info: Redefining \% on input line 88.
LaTeX Info: Redefining \. on input line 89.
LaTeX Info: Redefining \% on input line 89.
LaTeX Info: Redefining \. on input line 90.
LaTeX Info: Redefining \% on input line 90.
LaTeX Info: Redefining \. on input line 91.
LaTeX Info: Redefining \% on input line 91.
LaTeX Info: Redefining \. on input line 93.
LaTeX Info: Redefining \% on input line 93.
LaTeX Info: Redefining \. on input line 94.
LaTeX Info: Redefining \% on input line 94.
LaTeX Info: Redefining \. on input line 95.
LaTeX Info: Redefining \% on input line 95.
LaTeX Info: Redefining \. on input line 96.
LaTeX Info: Redefining \% on input line 96.
LaTeX Info: Redefining \. on input line 101.
LaTeX Info: Redefining \% on input line 101.
LaTeX Info: Redefining \. on input line 102.
LaTeX Info: Redefining \% on input line 102.
LaTeX Info: Redefining \. on input line 104.
LaTeX Info: Redefining \% on input line 104.
LaTeX Info: Redefining \. on input line 105.
LaTeX Info: Redefining \% on input line 105.
LaTeX Info: Redefining \. on input line 114.
LaTeX Info: Redefining \% on input line 114.
LaTeX Info: Redefining \. on input line 115.
LaTeX Info: Redefining \% on input line 115.
LaTeX Info: Redefining \. on input line 117.
LaTeX Info: Redefining \% on input line 117.
LaTeX Info: Redefining \. on input line 118.
LaTeX Info: Redefining \% on input line 118.
LaTeX Info: Redefining \. on input line 120.
LaTeX Info: Redefining \% on input line 120.
LaTeX Info: Redefining \. on input line 121.
LaTeX Info: Redefining \% on input line 121.
LaTeX Info: Redefining \. on input line 179.
LaTeX Info: Redefining \% on input line 179.
LaTeX Info: Redefining \. on input line 180.
LaTeX Info: Redefining \% on input line 180.
LaTeX Info: Redefining \. on input line 181.
LaTeX Info: Redefining \% on input line 181.
LaTeX Info: Redefining \. on input line 182.
LaTeX Info: Redefining \% on input line 182.
LaTeX Info: Redefining \. on input line 187.
LaTeX Info: Redefining \% on input line 187.
LaTeX Info: Redefining \. on input line 188.
LaTeX Info: Redefining \% on input line 188.
LaTeX Info: Redefining \. on input line 189.
LaTeX Info: Redefining \% on input line 189.
LaTeX Info: Redefining \. on input line 190.
LaTeX Info: Redefining \% on input line 190.
LaTeX Info: Redefining \. on input line 192.
LaTeX Info: Redefining \% on input line 192.
LaTeX Info: Redefining \. on input line 193.
LaTeX Info: Redefining \% on input line 193.
LaTeX Info: Redefining \. on input line 194.
LaTeX Info: Redefining \% on input line 194.
LaTeX Info: Redefining \. on input line 195.
LaTeX Info: Redefining \% on input line 195.
LaTeX Info: Redefining \. on input line 203.
LaTeX Info: Redefining \% on input line 203.
LaTeX Info: Redefining \. on input line 204.
LaTeX Info: Redefining \% on input line 204.
LaTeX Info: Redefining \. on input line 205.
LaTeX Info: Redefining \% on input line 205.
LaTeX Info: Redefining \. on input line 206.
LaTeX Info: Redefining \% on input line 206.
LaTeX Info: Redefining \. on input line 210.
LaTeX Info: Redefining \% on input line 210.
LaTeX Info: Redefining \. on input line 211.
LaTeX Info: Redefining \% on input line 211.
LaTeX Info: Redefining \. on input line 225.
LaTeX Info: Redefining \% on input line 225.
LaTeX Info: Redefining \. on input line 226.
LaTeX Info: Redefining \% on input line 226.
LaTeX Info: Redefining \. on input line 227.
LaTeX Info: Redefining \% on input line 227.
LaTeX Info: Redefining \. on input line 228.
LaTeX Info: Redefining \% on input line 228.
LaTeX Info: Redefining \. on input line 230.
LaTeX Info: Redefining \% on input line 230.
LaTeX Info: Redefining \. on input line 231.
LaTeX Info: Redefining \% on input line 231.
LaTeX Info: Redefining \. on input line 232.
LaTeX Info: Redefining \% on input line 232.
LaTeX Info: Redefining \. on input line 233.
LaTeX Info: Redefining \% on input line 233.
LaTeX Info: Redefining \. on input line 236.
LaTeX Info: Redefining \% on input line 236.
LaTeX Info: Redefining \. on input line 237.
LaTeX Info: Redefining \% on input line 237.
LaTeX Info: Redefining \. on input line 243.
LaTeX Info: Redefining \% on input line 243.
LaTeX Info: Redefining \. on input line 244.
LaTeX Info: Redefining \% on input line 244.
LaTeX Info: Redefining \. on input line 248.
LaTeX Info: Redefining \% on input line 248.
LaTeX Info: Redefining \. on input line 249.
LaTeX Info: Redefining \% on input line 249.
LaTeX Info: Redefining \. on input line 265.
LaTeX Info: Redefining \% on input line 265.
LaTeX Info: Redefining \. on input line 266.
LaTeX Info: Redefining \% on input line 266.
LaTeX Info: Redefining \. on input line 267.
LaTeX Info: Redefining \% on input line 267.
LaTeX Info: Redefining \. on input line 268.
LaTeX Info: Redefining \% on input line 268.
LaTeX Info: Redefining \. on input line 271.
LaTeX Info: Redefining \% on input line 271.
LaTeX Info: Redefining \. on input line 272.
LaTeX Info: Redefining \% on input line 272.
LaTeX Info: Redefining \. on input line 274.
LaTeX Info: Redefining \% on input line 274.
LaTeX Info: Redefining \. on input line 275.
LaTeX Info: Redefining \% on input line 275.
LaTeX Info: Redefining \. on input line 281.
LaTeX Info: Redefining \% on input line 281.
LaTeX Info: Redefining \. on input line 282.
LaTeX Info: Redefining \% on input line 282.
LaTeX Info: Redefining \. on input line 283.
LaTeX Info: Redefining \% on input line 283.
LaTeX Info: Redefining \. on input line 284.
LaTeX Info: Redefining \% on input line 284.
LaTeX Info: Redefining \. on input line 286.
LaTeX Info: Redefining \% on input line 286.
LaTeX Info: Redefining \. on input line 287.
LaTeX Info: Redefining \% on input line 287.
LaTeX Info: Redefining \. on input line 297.
LaTeX Info: Redefining \% on input line 297.
LaTeX Info: Redefining \. on input line 298.
LaTeX Info: Redefining \% on input line 298.
LaTeX Info: Redefining \. on input line 299.
LaTeX Info: Redefining \% on input line 299.
LaTeX Info: Redefining \. on input line 300.
LaTeX Info: Redefining \% on input line 300.
LaTeX Info: Redefining \. on input line 304.
LaTeX Info: Redefining \% on input line 304.
LaTeX Info: Redefining \. on input line 305.
LaTeX Info: Redefining \% on input line 305.
LaTeX Info: Redefining \. on input line 306.
LaTeX Info: Redefining \% on input line 306.
LaTeX Info: Redefining \. on input line 307.
LaTeX Info: Redefining \% on input line 307.
LaTeX Info: Redefining \. on input line 314.
LaTeX Info: Redefining \% on input line 314.
LaTeX Info: Redefining \. on input line 315.
LaTeX Info: Redefining \% on input line 315.
LaTeX Info: Redefining \. on input line 330.
LaTeX Info: Redefining \% on input line 330.
LaTeX Info: Redefining \. on input line 331.
LaTeX Info: Redefining \% on input line 331.
LaTeX Info: Redefining \. on input line 339.
LaTeX Info: Redefining \% on input line 339.
LaTeX Info: Redefining \. on input line 340.
LaTeX Info: Redefining \% on input line 340.
LaTeX Info: Redefining \. on input line 341.
LaTeX Info: Redefining \% on input line 341.
LaTeX Info: Redefining \. on input line 342.
LaTeX Info: Redefining \% on input line 342.
LaTeX Info: Redefining \. on input line 354.
LaTeX Info: Redefining \% on input line 354.
LaTeX Info: Redefining \. on input line 355.
LaTeX Info: Redefining \% on input line 355.
LaTeX Info: Redefining \. on input line 391.
LaTeX Info: Redefining \% on input line 391.
LaTeX Info: Redefining \. on input line 392.
LaTeX Info: Redefining \% on input line 392.
LaTeX Info: Redefining \. on input line 414.
LaTeX Info: Redefining \% on input line 414.
LaTeX Info: Redefining \. on input line 415.
LaTeX Info: Redefining \% on input line 415.
LaTeX Info: Redefining \. on input line 661.
LaTeX Info: Redefining \% on input line 661.
LaTeX Info: Redefining \. on input line 662.
LaTeX Info: Redefining \% on input line 662.
LaTeX Info: Redefining \. on input line 1010.
LaTeX Info: Redefining \% on input line 1010.
LaTeX Info: Redefining \. on input line 1011.
LaTeX Info: Redefining \% on input line 1011.
LaTeX Info: Redefining \. on input line 1012.
LaTeX Info: Redefining \% on input line 1012.
LaTeX Info: Redefining \. on input line 1013.
LaTeX Info: Redefining \% on input line 1013.
LaTeX Info: Redefining \. on input line 1014.
LaTeX Info: Redefining \% on input line 1014.
LaTeX Info: Redefining \. on input line 1015.
LaTeX Info: Redefining \% on input line 1015.
LaTeX Info: Redefining \. on input line 1016.
LaTeX Info: Redefining \% on input line 1016.
LaTeX Info: Redefining \. on input line 1017.
LaTeX Info: Redefining \% on input line 1017.
LaTeX Info: Redefining \. on input line 1018.
LaTeX Info: Redefining \% on input line 1018.
LaTeX Info: Redefining \. on input line 1019.
LaTeX Info: Redefining \% on input line 1019.
LaTeX Info: Redefining \. on input line 1020.
LaTeX Info: Redefining \% on input line 1020.
LaTeX Info: Redefining \. on input line 1021.
LaTeX Info: Redefining \% on input line 1021.
LaTeX Info: Redefining \. on input line 1022.
LaTeX Info: Redefining \% on input line 1022.
LaTeX Info: Redefining \. on input line 1023.
LaTeX Info: Redefining \% on input line 1023.
LaTeX Info: Redefining \. on input line 1024.
LaTeX Info: Redefining \% on input line 1024.
LaTeX Info: Redefining \. on input line 1025.
LaTeX Info: Redefining \% on input line 1025.
LaTeX Info: Redefining \. on input line 1026.
LaTeX Info: Redefining \% on input line 1026.
LaTeX Info: Redefining \. on input line 1027.
LaTeX Info: Redefining \% on input line 1027.
LaTeX Info: Redefining \. on input line 1028.
LaTeX Info: Redefining \% on input line 1028.
LaTeX Info: Redefining \. on input line 1029.
LaTeX Info: Redefining \% on input line 1029.
LaTeX Info: Redefining \. on input line 1030.
LaTeX Info: Redefining \% on input line 1030.
LaTeX Info: Redefining \. on input line 1031.
LaTeX Info: Redefining \% on input line 1031.
LaTeX Info: Redefining \. on input line 1032.
LaTeX Info: Redefining \% on input line 1032.
LaTeX Info: Redefining \. on input line 1033.
LaTeX Info: Redefining \% on input line 1033.
LaTeX Info: Redefining \. on input line 1034.
LaTeX Info: Redefining \% on input line 1034.
LaTeX Info: Redefining \. on input line 1035.
LaTeX Info: Redefining \% on input line 1035.
LaTeX Info: Redefining \. on input line 1036.
LaTeX Info: Redefining \% on input line 1036.
LaTeX Info: Redefining \. on input line 1037.
LaTeX Info: Redefining \% on input line 1037.
LaTeX Info: Redefining \. on input line 1038.
LaTeX Info: Redefining \% on input line 1038.
LaTeX Info: Redefining \. on input line 1039.
LaTeX Info: Redefining \% on input line 1039.
LaTeX Info: Redefining \. on input line 1040.
LaTeX Info: Redefining \% on input line 1040.
LaTeX Info: Redefining \. on input line 1041.
LaTeX Info: Redefining \% on input line 1041.
LaTeX Info: Redefining \. on input line 1042.
LaTeX Info: Redefining \% on input line 1042.
LaTeX Info: Redefining \. on input line 1043.
LaTeX Info: Redefining \% on input line 1043.
LaTeX Info: Redefining \. on input line 1044.
LaTeX Info: Redefining \% on input line 1044.
LaTeX Info: Redefining \. on input line 1045.
LaTeX Info: Redefining \% on input line 1045.
LaTeX Info: Redefining \. on input line 1046.
LaTeX Info: Redefining \% on input line 1046.
LaTeX Info: Redefining \. on input line 1047.
LaTeX Info: Redefining \% on input line 1047.
LaTeX Info: Redefining \. on input line 1048.
LaTeX Info: Redefining \% on input line 1048.
LaTeX Info: Redefining \. on input line 1049.
LaTeX Info: Redefining \% on input line 1049.
LaTeX Info: Redefining \. on input line 1050.
LaTeX Info: Redefining \% on input line 1050.
LaTeX Info: Redefining \. on input line 1051.
LaTeX Info: Redefining \% on input line 1051.
LaTeX Info: Redefining \. on input line 1052.
LaTeX Info: Redefining \% on input line 1052.
LaTeX Info: Redefining \. on input line 1053.
LaTeX Info: Redefining \% on input line 1053.
LaTeX Info: Redefining \. on input line 1054.
LaTeX Info: Redefining \% on input line 1054.
LaTeX Info: Redefining \. on input line 1055.
LaTeX Info: Redefining \% on input line 1055.
LaTeX Info: Redefining \. on input line 1056.
LaTeX Info: Redefining \% on input line 1056.
LaTeX Info: Redefining \. on input line 1057.
LaTeX Info: Redefining \% on input line 1057.
LaTeX Info: Redefining \. on input line 1058.
LaTeX Info: Redefining \% on input line 1058.
LaTeX Info: Redefining \. on input line 1059.
LaTeX Info: Redefining \% on input line 1059.
LaTeX Info: Redefining \. on input line 1060.
LaTeX Info: Redefining \% on input line 1060.
LaTeX Info: Redefining \. on input line 1061.
LaTeX Info: Redefining \% on input line 1061.
LaTeX Info: Redefining \. on input line 1062.
LaTeX Info: Redefining \% on input line 1062.
LaTeX Info: Redefining \. on input line 1063.
LaTeX Info: Redefining \% on input line 1063.
LaTeX Info: Redefining \. on input line 1064.
LaTeX Info: Redefining \% on input line 1064.
LaTeX Info: Redefining \. on input line 1065.
LaTeX Info: Redefining \% on input line 1065.
LaTeX Info: Redefining \. on input line 1066.
LaTeX Info: Redefining \% on input line 1066.
LaTeX Info: Redefining \. on input line 1067.
LaTeX Info: Redefining \% on input line 1067.
LaTeX Info: Redefining \. on input line 1068.
LaTeX Info: Redefining \% on input line 1068.
LaTeX Info: Redefining \. on input line 1069.
LaTeX Info: Redefining \% on input line 1069.
LaTeX Info: Redefining \. on input line 1070.
LaTeX Info: Redefining \% on input line 1070.
LaTeX Info: Redefining \. on input line 1071.
LaTeX Info: Redefining \% on input line 1071.
LaTeX Info: Redefining \. on input line 1072.
LaTeX Info: Redefining \% on input line 1072.
LaTeX Info: Redefining \. on input line 1073.
LaTeX Info: Redefining \% on input line 1073.
LaTeX Info: Redefining \. on input line 1074.
LaTeX Info: Redefining \% on input line 1074.
LaTeX Info: Redefining \. on input line 1075.
LaTeX Info: Redefining \% on input line 1075.
LaTeX Info: Redefining \. on input line 1076.
LaTeX Info: Redefining \% on input line 1076.
LaTeX Info: Redefining \. on input line 1077.
LaTeX Info: Redefining \% on input line 1077.
LaTeX Info: Redefining \. on input line 1078.
LaTeX Info: Redefining \% on input line 1078.
LaTeX Info: Redefining \. on input line 1079.
LaTeX Info: Redefining \% on input line 1079.
LaTeX Info: Redefining \. on input line 1080.
LaTeX Info: Redefining \% on input line 1080.
LaTeX Info: Redefining \. on input line 1081.
LaTeX Info: Redefining \% on input line 1081.
LaTeX Info: Redefining \. on input line 1082.
LaTeX Info: Redefining \% on input line 1082.
LaTeX Info: Redefining \. on input line 1083.
LaTeX Info: Redefining \% on input line 1083.
LaTeX Info: Redefining \. on input line 1084.
LaTeX Info: Redefining \% on input line 1084.
LaTeX Info: Redefining \. on input line 1085.
LaTeX Info: Redefining \% on input line 1085.
LaTeX Info: Redefining \. on input line 1086.
LaTeX Info: Redefining \% on input line 1086.
LaTeX Info: Redefining \. on input line 1087.
LaTeX Info: Redefining \% on input line 1087.
LaTeX Info: Redefining \. on input line 1088.
LaTeX Info: Redefining \% on input line 1088.
LaTeX Info: Redefining \. on input line 1089.
LaTeX Info: Redefining \% on input line 1089.
LaTeX Info: Redefining \. on input line 1090.
LaTeX Info: Redefining \% on input line 1090.
LaTeX Info: Redefining \. on input line 1091.
LaTeX Info: Redefining \% on input line 1091.
LaTeX Info: Redefining \. on input line 1092.
LaTeX Info: Redefining \% on input line 1092.
LaTeX Info: Redefining \. on input line 1093.
LaTeX Info: Redefining \% on input line 1093.
LaTeX Info: Redefining \. on input line 1094.
LaTeX Info: Redefining \% on input line 1094.
LaTeX Info: Redefining \. on input line 1095.
LaTeX Info: Redefining \% on input line 1095.
LaTeX Info: Redefining \. on input line 1096.
LaTeX Info: Redefining \% on input line 1096.
LaTeX Info: Redefining \. on input line 1097.
LaTeX Info: Redefining \% on input line 1097.
LaTeX Info: Redefining \. on input line 1098.
LaTeX Info: Redefining \% on input line 1098.
LaTeX Info: Redefining \. on input line 1099.
LaTeX Info: Redefining \% on input line 1099.
LaTeX Info: Redefining \. on input line 1100.
LaTeX Info: Redefining \% on input line 1100.
LaTeX Info: Redefining \. on input line 1101.
LaTeX Info: Redefining \% on input line 1101.
LaTeX Info: Redefining \. on input line 1102.
LaTeX Info: Redefining \% on input line 1102.
LaTeX Info: Redefining \. on input line 1103.
LaTeX Info: Redefining \% on input line 1103.
LaTeX Info: Redefining \. on input line 1104.
LaTeX Info: Redefining \% on input line 1104.
LaTeX Info: Redefining \. on input line 1105.
LaTeX Info: Redefining \% on input line 1105.
LaTeX Info: Redefining \. on input line 1106.
LaTeX Info: Redefining \% on input line 1106.
LaTeX Info: Redefining \. on input line 1107.
LaTeX Info: Redefining \% on input line 1107.
LaTeX Info: Redefining \. on input line 1108.
LaTeX Info: Redefining \% on input line 1108.
LaTeX Info: Redefining \. on input line 1109.
LaTeX Info: Redefining \% on input line 1109.
LaTeX Info: Redefining \. on input line 1110.
LaTeX Info: Redefining \% on input line 1110.
LaTeX Info: Redefining \. on input line 1111.
LaTeX Info: Redefining \% on input line 1111.
LaTeX Info: Redefining \. on input line 1112.
LaTeX Info: Redefining \% on input line 1112.
LaTeX Info: Redefining \. on input line 1113.
LaTeX Info: Redefining \% on input line 1113.
LaTeX Info: Redefining \. on input line 1114.
LaTeX Info: Redefining \% on input line 1114.
LaTeX Info: Redefining \. on input line 1115.
LaTeX Info: Redefining \% on input line 1115.
LaTeX Info: Redefining \. on input line 1116.
LaTeX Info: Redefining \% on input line 1116.
LaTeX Info: Redefining \. on input line 1117.
LaTeX Info: Redefining \% on input line 1117.
LaTeX Info: Redefining \. on input line 1118.
LaTeX Info: Redefining \% on input line 1118.
LaTeX Info: Redefining \. on input line 1119.
LaTeX Info: Redefining \% on input line 1119.
LaTeX Info: Redefining \. on input line 1120.
LaTeX Info: Redefining \% on input line 1120.
LaTeX Info: Redefining \. on input line 1121.
LaTeX Info: Redefining \% on input line 1121.
LaTeX Info: Redefining \. on input line 1122.
LaTeX Info: Redefining \% on input line 1122.
LaTeX Info: Redefining \. on input line 1123.
LaTeX Info: Redefining \% on input line 1123.
LaTeX Info: Redefining \. on input line 1124.
LaTeX Info: Redefining \% on input line 1124.
LaTeX Info: Redefining \. on input line 1125.
LaTeX Info: Redefining \% on input line 1125.
LaTeX Info: Redefining \. on input line 1126.
LaTeX Info: Redefining \% on input line 1126.
LaTeX Info: Redefining \. on input line 1127.
LaTeX Info: Redefining \% on input line 1127.
LaTeX Info: Redefining \. on input line 1128.
LaTeX Info: Redefining \% on input line 1128.
LaTeX Info: Redefining \. on input line 1129.
LaTeX Info: Redefining \% on input line 1129.
LaTeX Info: Redefining \. on input line 1130.
LaTeX Info: Redefining \% on input line 1130.
LaTeX Info: Redefining \. on input line 1131.
LaTeX Info: Redefining \% on input line 1131.
LaTeX Info: Redefining \. on input line 1132.
LaTeX Info: Redefining \% on input line 1132.
LaTeX Info: Redefining \. on input line 1133.
LaTeX Info: Redefining \% on input line 1133.
LaTeX Info: Redefining \. on input line 1134.
LaTeX Info: Redefining \% on input line 1134.
LaTeX Info: Redefining \. on input line 1135.
LaTeX Info: Redefining \% on input line 1135.
LaTeX Info: Redefining \. on input line 1136.
LaTeX Info: Redefining \% on input line 1136.
LaTeX Info: Redefining \. on input line 1137.
LaTeX Info: Redefining \% on input line 1137.
LaTeX Info: Redefining \. on input line 1138.
LaTeX Info: Redefining \% on input line 1138.
LaTeX Info: Redefining \. on input line 1139.
LaTeX Info: Redefining \% on input line 1139.
LaTeX Info: Redefining \. on input line 1140.
LaTeX Info: Redefining \% on input line 1140.
LaTeX Info: Redefining \. on input line 1141.
LaTeX Info: Redefining \% on input line 1141.
LaTeX Info: Redefining \. on input line 1142.
LaTeX Info: Redefining \% on input line 1142.
LaTeX Info: Redefining \. on input line 1143.
LaTeX Info: Redefining \% on input line 1143.
LaTeX Info: Redefining \. on input line 1144.
LaTeX Info: Redefining \% on input line 1144.
LaTeX Info: Redefining \. on input line 1145.
LaTeX Info: Redefining \% on input line 1145.
LaTeX Info: Redefining \. on input line 1146.
LaTeX Info: Redefining \% on input line 1146.
LaTeX Info: Redefining \. on input line 1147.
LaTeX Info: Redefining \% on input line 1147.
LaTeX Info: Redefining \. on input line 1148.
LaTeX Info: Redefining \% on input line 1148.
LaTeX Info: Redefining \. on input line 1149.
LaTeX Info: Redefining \% on input line 1149.
LaTeX Info: Redefining \. on input line 1150.
LaTeX Info: Redefining \% on input line 1150.
LaTeX Info: Redefining \. on input line 1151.
LaTeX Info: Redefining \% on input line 1151.
LaTeX Info: Redefining \. on input line 1152.
LaTeX Info: Redefining \% on input line 1152.
LaTeX Info: Redefining \. on input line 1153.
LaTeX Info: Redefining \% on input line 1153.
LaTeX Info: Redefining \. on input line 1154.
LaTeX Info: Redefining \% on input line 1154.
LaTeX Info: Redefining \. on input line 1155.
LaTeX Info: Redefining \% on input line 1155.
LaTeX Info: Redefining \. on input line 1156.
LaTeX Info: Redefining \% on input line 1156.
LaTeX Info: Redefining \. on input line 1157.
LaTeX Info: Redefining \% on input line 1157.
LaTeX Info: Redefining \. on input line 1158.
LaTeX Info: Redefining \% on input line 1158.
LaTeX Info: Redefining \. on input line 1159.
LaTeX Info: Redefining \% on input line 1159.
LaTeX Info: Redefining \. on input line 1160.
LaTeX Info: Redefining \% on input line 1160.
LaTeX Info: Redefining \. on input line 1161.
LaTeX Info: Redefining \% on input line 1161.
LaTeX Info: Redefining \. on input line 1162.
LaTeX Info: Redefining \% on input line 1162.
LaTeX Info: Redefining \. on input line 1163.
LaTeX Info: Redefining \% on input line 1163.
LaTeX Info: Redefining \. on input line 1164.
LaTeX Info: Redefining \% on input line 1164.
LaTeX Info: Redefining \. on input line 1165.
LaTeX Info: Redefining \% on input line 1165.
LaTeX Info: Redefining \. on input line 1166.
LaTeX Info: Redefining \% on input line 1166.
LaTeX Info: Redefining \. on input line 1167.
LaTeX Info: Redefining \% on input line 1167.
LaTeX Info: Redefining \. on input line 1168.
LaTeX Info: Redefining \% on input line 1168.
LaTeX Info: Redefining \. on input line 1169.
LaTeX Info: Redefining \% on input line 1169.
LaTeX Info: Redefining \. on input line 1170.
LaTeX Info: Redefining \% on input line 1170.
LaTeX Info: Redefining \. on input line 1171.
LaTeX Info: Redefining \% on input line 1171.
LaTeX Info: Redefining \. on input line 1172.
LaTeX Info: Redefining \% on input line 1172.
LaTeX Info: Redefining \. on input line 1173.
LaTeX Info: Redefining \% on input line 1173.
LaTeX Info: Redefining \. on input line 1174.
LaTeX Info: Redefining \% on input line 1174.
LaTeX Info: Redefining \. on input line 1175.
LaTeX Info: Redefining \% on input line 1175.
LaTeX Info: Redefining \. on input line 1176.
LaTeX Info: Redefining \% on input line 1176.
LaTeX Info: Redefining \. on input line 1177.
LaTeX Info: Redefining \% on input line 1177.
LaTeX Info: Redefining \. on input line 1178.
LaTeX Info: Redefining \% on input line 1178.
LaTeX Info: Redefining \. on input line 1179.
LaTeX Info: Redefining \% on input line 1179.
LaTeX Info: Redefining \. on input line 1180.
LaTeX Info: Redefining \% on input line 1180.
LaTeX Info: Redefining \. on input line 1181.
LaTeX Info: Redefining \% on input line 1181.
LaTeX Info: Redefining \. on input line 1182.
LaTeX Info: Redefining \% on input line 1182.
LaTeX Info: Redefining \. on input line 1183.
LaTeX Info: Redefining \% on input line 1183.
LaTeX Info: Redefining \. on input line 1184.
LaTeX Info: Redefining \% on input line 1184.
LaTeX Info: Redefining \. on input line 1185.
LaTeX Info: Redefining \% on input line 1185.
LaTeX Info: Redefining \. on input line 1186.
LaTeX Info: Redefining \% on input line 1186.
LaTeX Info: Redefining \. on input line 1187.
LaTeX Info: Redefining \% on input line 1187.
LaTeX Info: Redefining \. on input line 1188.
LaTeX Info: Redefining \% on input line 1188.
LaTeX Info: Redefining \. on input line 1189.
LaTeX Info: Redefining \% on input line 1189.
LaTeX Info: Redefining \. on input line 1190.
LaTeX Info: Redefining \% on input line 1190.
LaTeX Info: Redefining \. on input line 1191.
LaTeX Info: Redefining \% on input line 1191.
LaTeX Info: Redefining \. on input line 1192.
LaTeX Info: Redefining \% on input line 1192.
LaTeX Info: Redefining \. on input line 1193.
LaTeX Info: Redefining \% on input line 1193.
LaTeX Info: Redefining \. on input line 1194.
LaTeX Info: Redefining \% on input line 1194.
LaTeX Info: Redefining \. on input line 1195.
LaTeX Info: Redefining \% on input line 1195.
LaTeX Info: Redefining \. on input line 1196.
LaTeX Info: Redefining \% on input line 1196.
LaTeX Info: Redefining \. on input line 1197.
LaTeX Info: Redefining \% on input line 1197.
LaTeX Info: Redefining \. on input line 1198.
LaTeX Info: Redefining \% on input line 1198.
LaTeX Info: Redefining \. on input line 1199.
LaTeX Info: Redefining \% on input line 1199.
LaTeX Info: Redefining \. on input line 1200.
LaTeX Info: Redefining \% on input line 1200.
LaTeX Info: Redefining \. on input line 1201.
LaTeX Info: Redefining \% on input line 1201.
LaTeX Info: Redefining \. on input line 1202.
LaTeX Info: Redefining \% on input line 1202.
LaTeX Info: Redefining \. on input line 1203.
LaTeX Info: Redefining \% on input line 1203.
LaTeX Info: Redefining \. on input line 1204.
LaTeX Info: Redefining \% on input line 1204.
LaTeX Info: Redefining \. on input line 1205.
LaTeX Info: Redefining \% on input line 1205.
LaTeX Info: Redefining \. on input line 1206.
LaTeX Info: Redefining \% on input line 1206.
LaTeX Info: Redefining \. on input line 1207.
LaTeX Info: Redefining \% on input line 1207.
LaTeX Info: Redefining \. on input line 1208.
LaTeX Info: Redefining \% on input line 1208.
LaTeX Info: Redefining \. on input line 1209.
LaTeX Info: Redefining \% on input line 1209.
LaTeX Info: Redefining \. on input line 1210.
LaTeX Info: Redefining \% on input line 1210.
LaTeX Info: Redefining \. on input line 1211.
LaTeX Info: Redefining \% on input line 1211.
LaTeX Info: Redefining \. on input line 1212.
LaTeX Info: Redefining \% on input line 1212.
LaTeX Info: Redefining \. on input line 1213.
LaTeX Info: Redefining \% on input line 1213.
LaTeX Info: Redefining \. on input line 1214.
LaTeX Info: Redefining \% on input line 1214.
LaTeX Info: Redefining \. on input line 1215.
LaTeX Info: Redefining \% on input line 1215.
LaTeX Info: Redefining \. on input line 1216.
LaTeX Info: Redefining \% on input line 1216.
LaTeX Info: Redefining \. on input line 1217.
LaTeX Info: Redefining \% on input line 1217.
)
\openout1 = `main.aux'.

LaTeX Font Info:    Checking defaults for OML/cmm/m/it on input line 228.
LaTeX Font Info:    ... okay on input line 228.
LaTeX Font Info:    Checking defaults for OMS/cmsy/m/n on input line 228.
LaTeX Font Info:    ... okay on input line 228.
LaTeX Font Info:    Checking defaults for OT1/cmr/m/n on input line 228.
LaTeX Font Info:    ... okay on input line 228.
LaTeX Font Info:    Checking defaults for T1/cmr/m/n on input line 228.
LaTeX Font Info:    ... okay on input line 228.
LaTeX Font Info:    Checking defaults for TS1/cmr/m/n on input line 228.
LaTeX Font Info:    ... okay on input line 228.
LaTeX Font Info:    Checking defaults for OMX/cmex/m/n on input line 228.
LaTeX Font Info:    ... okay on input line 228.
LaTeX Font Info:    Checking defaults for U/cmr/m/n on input line 228.
LaTeX Font Info:    ... okay on input line 228.
LaTeX Font Info:    Checking defaults for PD1/pdf/m/n on input line 228.
LaTeX Font Info:    ... okay on input line 228.
LaTeX Font Info:    Checking defaults for PU/pdf/m/n on input line 228.
LaTeX Font Info:    ... okay on input line 228.
Package biblatex Info: Trying to load language 'spanish' -> 'spanish-iso'...
Package biblatex Info: ... file 'spanish-iso.lbx' found.

(/usr/local/texlive/2026/texmf-dist/tex/latex/biblatex-iso690/spanish-iso.lbx
File: spanish-iso.lbx 2022/03/20 v0.4.1 ISO 690 extended biblatex localization
Package biblatex Info: Trying to load language 'spanish'...
Package biblatex Info: ... file 'spanish.lbx' found.

(/usr/local/texlive/2026/texmf-dist/tex/latex/biblatex/lbx/spanish.lbx
File: spanish.lbx 2026/08/13 v3.22 biblatex localization (PK/MW)
)
Package biblatex Info: Trying to load language 'spanish'...
Package biblatex Info: ... file 'spanish.lbx' found.

(/usr/local/texlive/2026/texmf-dist/tex/latex/biblatex/lbx/spanish.lbx
File: spanish.lbx 2026/08/13 v3.22 biblatex localization (PK/MW)
))
Package biblatex Info: Input encoding 'utf8' detected.
Package biblatex Info: Automatic encoding selection.
(biblatex)             Assuming data encoding 'utf8'.
\openout3 = `main.bcf'.

Package biblatex Info: Trying to load bibliographic data...
Package biblatex Info: ... file 'main.bbl' found.

(./main.bbl)
Package biblatex Info: Reference section=0 on input line 228.
Package biblatex Info: Reference segment=0 on input line 228.

(/usr/local/texlive/2026/texmf-dist/tex/context/base/mkii/supp-pdf.mkii
[Loading MPS to PDF converter (version 2006.09.02).]
\scratchcounter=\count524
\scratchdimen=\dimen348
\scratchbox=\box136
\nofMPsegments=\count525
\nofMParguments=\count526
\everyMPshowfont=\toks62
\MPscratchCnt=\count527
\MPscratchDim=\dimen349
\MPnumerator=\count528
\makeMPintoPDFobject=\count529
\everyMPtoPDFconversion=\toks63
) (/usr/local/texlive/2026/texmf-dist/tex/latex/epstopdf-pkg/epstopdf-base.sty
Package: epstopdf-base 2020-01-24 v2.11 Base part for package epstopdf
Package epstopdf-base Info: Redefining graphics rule for `.eps' on input line 4
85.

(/usr/local/texlive/2026/texmf-dist/tex/latex/latexconfig/epstopdf-sys.cfg
File: epstopdf-sys.cfg 2010/07/13 v1.3 Configuration of (r)epstopdf for TeX Liv
e
))
Package microtype Info: Patching varwidth to enable character protrusion.
\MT@vwid@leftmargin=\dimen350
\MT@vwid@rightmargin=\dimen351
LaTeX Info: Redefining \microtypecontext on input line 228.
Package microtype Info: Applying patch `item' on input line 228.
Package microtype Info: Applying patch `toc' on input line 228.
Package microtype Info: Applying patch `eqnum' on input line 228.


Package microtype Warning: Unable to apply patch `footnote' on input line 228.

Package microtype Info: Applying patch `verbatim' on input line 228.
LaTeX Info: Redefining \microtypesetup on input line 228.
Package microtype Info: Generating PDF output.
Package microtype Info: Character protrusion enabled (level 2).
Package microtype Info: Using default protrusion set `alltext'.
Package microtype Info: Automatic font expansion enabled (level 2),
(microtype)             stretch: 20, shrink: 20, step: 1, non-selected.
Package microtype Info: Using default expansion set `alltext-nott'.
Package microtype Info: Patching command `\showhyphens'.
Package microtype Info: No adjustment of tracking.
Package microtype Info: No adjustment of interword spacing.
Package microtype Info: No adjustment of character kerning.
(/usr/local/texlive/2026/texmf-dist/tex/latex/microtype/mt-ptm.cfg
File: mt-ptm.cfg 2006/04/20 v1.7 microtype config. file: Times (RS)
)
(/usr/local/texlive/2026/texmf-dist/tex/latex/pdflscape/pdflscape.sty
Package: pdflscape 2025-06-23 v0.14 Display of landscape pages in PDF

(/usr/local/texlive/2026/texmf-dist/tex/latex/pdflscape/pdflscape-nometadata.st
y
Package: pdflscape-nometadata 2025-06-23 v0.14 Display of landscape pages in PD
F (HO)
 (/usr/local/texlive/2026/texmf-dist/tex/latex/graphics/lscape.sty
Package: lscape 2020/05/28 v3.02 Landscape Pages (DPC)
)
Package pdflscape Info: Auto-detected driver: pdftex on input line 81.
))
Package soulpos Info: Loading soulutf8 on input line 228.

(/usr/local/texlive/2026/texmf-dist/tex/generic/soul/soulutf8.sty
Package: soulutf8 2026-03-06 v3.2 Permit use of UTF-8 characters in soul (HO)


Package soulutf8 Warning: This package is obsolete,
(soulutf8)                use the soul package directly. 
(soulutf8)                 on input line 29.

) (/usr/local/texlive/2026/texmf-dist/tex/generic/soul/soul.sty
Package: soul 2026-03-06 v3.2 Permit use of UTF-8 characters in soul (HO)

(/usr/local/texlive/2026/texmf-dist/tex/generic/soul/soul-ori.sty
Package: soul-ori 2026-03-06 v3.2 letterspacing/underlining (mf)
\SOUL@word=\toks64
\SOUL@lasttoken=\toks65
\SOUL@syllable=\toks66
\SOUL@cmds=\toks67
\SOUL@buffer=\toks68
\SOUL@token=\toks69
\SOUL@syllgoal=\dimen352
\SOUL@syllwidth=\dimen353
\SOUL@charkern=\dimen354
\SOUL@hyphkern=\dimen355
\SOUL@dimen=\dimen356
\SOUL@dimeni=\dimen357
\SOUL@minus=\count530
\SOUL@comma=\count531
\SOUL@apo=\count532
\SOUL@grave=\count533
\SOUL@spaceskip=\skip143
\SOUL@ttwidth=\dimen358
\SOUL@uldp=\dimen359
\SOUL@ulht=\dimen360
))
Package hyperref Info: Link coloring OFF on input line 228.
 (./main.out) (./main.out)
\@outlinefile=\write6
\openout6 = `main.out'.

LaTeX Info: Redefining \sptext on input line 228.
LaTeX Info: Redefining \. on input line 228.
LaTeX Info: Redefining \% on input line 228.
Package babel Info: Main language set to 'spanish'.
<cover/58d27b9b-fe75-4fee-90c3-2e9e430da9d0.pdf, id=1093, 597.19112pt x 845.197
63pt>
File: cover/58d27b9b-fe75-4fee-90c3-2e9e430da9d0.pdf Graphic file (type pdf)
<use cover/58d27b9b-fe75-4fee-90c3-2e9e430da9d0.pdf>
Package pdftex.def Info: cover/58d27b9b-fe75-4fee-90c3-2e9e430da9d0.pdf  used o
n input line 240.
(pdftex.def)             Requested size: 597.18967pt x 845.19557pt.
<cover/58d27b9b-fe75-4fee-90c3-2e9e430da9d0.pdf, id=1095, page=1, 597.19112pt x
 845.19763pt>
File: cover/58d27b9b-fe75-4fee-90c3-2e9e430da9d0.pdf Graphic file (type pdf)
<use cover/58d27b9b-fe75-4fee-90c3-2e9e430da9d0.pdf, page 1>
Package pdftex.def Info: cover/58d27b9b-fe75-4fee-90c3-2e9e430da9d0.pdf , page1
 used on input line 240.
(pdftex.def)             Requested size: 603.15828pt x 853.64288pt.
File: cover/58d27b9b-fe75-4fee-90c3-2e9e430da9d0.pdf Graphic file (type pdf)
<use cover/58d27b9b-fe75-4fee-90c3-2e9e430da9d0.pdf, page 1>
Package pdftex.def Info: cover/58d27b9b-fe75-4fee-90c3-2e9e430da9d0.pdf , page1
 used on input line 240.
(pdftex.def)             Requested size: 603.15828pt x 853.64288pt.
File: cover/58d27b9b-fe75-4fee-90c3-2e9e430da9d0.pdf Graphic file (type pdf)
<use cover/58d27b9b-fe75-4fee-90c3-2e9e430da9d0.pdf, page 1>
Package pdftex.def Info: cover/58d27b9b-fe75-4fee-90c3-2e9e430da9d0.pdf , page1
 used on input line 240.
(pdftex.def)             Requested size: 603.15828pt x 853.64288pt.

(/usr/local/texlive/2026/texmf-dist/tex/generic/stringenc/se-pdfdoc.def
File: se-pdfdoc.def 2019/11/29 v1.12 stringenc: PDFDocEncoding
)
File: cover/58d27b9b-fe75-4fee-90c3-2e9e430da9d0.pdf Graphic file (type pdf)
<use cover/58d27b9b-fe75-4fee-90c3-2e9e430da9d0.pdf, page 1>
Package pdftex.def Info: cover/58d27b9b-fe75-4fee-90c3-2e9e430da9d0.pdf , page1
 used on input line 240.
(pdftex.def)             Requested size: 603.15828pt x 853.64288pt.

[1

\openout5 = `main.upa'.



 <./cover/58d27b9b-fe75-4fee-90c3-2e9e430da9d0.pdf>] (./chapters/title.tex
<./images/UADE.png, id=1122, 821.31844pt x 287.57437pt>
File: ./images/UADE.png Graphic file (type png)
<use ./images/UADE.png>
Package pdftex.def Info: ./images/UADE.png  used on input line 27.
(pdftex.def)             Requested size: 136.76668pt x 47.88652pt.

pdfTeX warning (ext4): destination with the same identifier (name{page.1}) has 
been already used, duplicate ignored
<to be read again> 
                   \relax 
l.30 \end{titlepage}
                     [1


{/usr/local/texlive/2026/texmf-var/fonts/map/pdftex/updmap/pdftex.map}{/usr/loc
al/texlive/2026/texmf-dist/fonts/enc/dvips/base/8r.enc} <./images/UADE.png>]
Package marginnote Info: Using workaround for absolute page number on input lin
e 30.
) (./chapters/acknowledgments.tex)
<./images/UADE_LARGE.png, id=1130, 821.31844pt x 287.57437pt>
File: ./images/UADE_LARGE.png Graphic file (type png)
<use ./images/UADE_LARGE.png>
Package pdftex.def Info: ./images/UADE_LARGE.png  used on input line 246.
(pdftex.def)             Requested size: 105.2751pt x 36.8594pt.
LaTeX Font Info:    Trying to load font information for OT1+ztmcm on input line
 246.

(/usr/local/texlive/2026/texmf-dist/tex/latex/psnfss/ot1ztmcm.fd
File: ot1ztmcm.fd 2000/01/03 Fontinst v1.801 font definitions for OT1/ztmcm.
)<<ot1.cmap>>
Package microtype Info: Loading generic protrusion settings for font family
(microtype)             `ztmcm' (encoding: OT1).
(microtype)             For optimal results, create family-specific settings.
(microtype)             See the microtype manual for details.
LaTeX Font Info:    Trying to load font information for OML+ztmcm on input line
 246.

(/usr/local/texlive/2026/texmf-dist/tex/latex/psnfss/omlztmcm.fd
File: omlztmcm.fd 2000/01/03 Fontinst v1.801 font definitions for OML/ztmcm.
)<<oml.cmap>>
LaTeX Font Info:    Trying to load font information for OMS+ztmcm on input line
 246.

(/usr/local/texlive/2026/texmf-dist/tex/latex/psnfss/omsztmcm.fd
File: omsztmcm.fd 2000/01/03 Fontinst v1.801 font definitions for OMS/ztmcm.
)<<oms.cmap>>
LaTeX Font Info:    Trying to load font information for OMX+ztmcm on input line
 246.

(/usr/local/texlive/2026/texmf-dist/tex/latex/psnfss/omxztmcm.fd
File: omxztmcm.fd 2000/01/03 Fontinst v1.801 font definitions for OMX/ztmcm.
)<<omx.cmap>>
LaTeX Font Info:    Trying to load font information for OT1+ptm on input line 2
46.

(/usr/local/texlive/2026/texmf-dist/tex/latex/psnfss/ot1ptm.fd
File: ot1ptm.fd 2001/06/04 font definitions for OT1/ptm.
)
LaTeX Font Info:    Font shape `OT1/ptm/bx/n' in size <9> not available
(Font)              Font shape `OT1/ptm/b/n' tried instead on input line 246.
LaTeX Font Info:    Font shape `OT1/ptm/bx/n' in size <7> not available
(Font)              Font shape `OT1/ptm/b/n' tried instead on input line 246.
LaTeX Font Info:    Font shape `OT1/ptm/bx/n' in size <5> not available
(Font)              Font shape `OT1/ptm/b/n' tried instead on input line 246.

(/usr/local/texlive/2026/texmf-dist/tex/latex/microtype/mt-msa.cfg
File: mt-msa.cfg 2006/02/04 v1.1 microtype config. file: AMS symbols (a) (RS)
)
(/usr/local/texlive/2026/texmf-dist/tex/latex/microtype/mt-msb.cfg
File: mt-msb.cfg 2005/06/01 v1.0 microtype config. file: AMS symbols (b) (RS)
)
Overfull \vbox (36.8594pt too high) has occurred while \output is active []


pdfTeX warning (ext4): destination with the same identifier (name{page.1}) has 
been already used, duplicate ignored
<to be read again> 
                   \relax 
l.246 \newpage
               [1 <./images/UADE_LARGE.png>]
Package marginnote Info: Using workaround for absolute page number on input lin
e 246.
 (./main.toc
LaTeX Info: Redefining \sptext on input line 1.
LaTeX Info: Redefining \. on input line 1.
LaTeX Info: Redefining \% on input line 1.
LaTeX Font Info:    Font shape `OT1/ptm/bx/n' in size <12> not available
(Font)              Font shape `OT1/ptm/b/n' tried instead on input line 2.
LaTeX Info: Redefining \sptext on input line 20.
LaTeX Info: Redefining \. on input line 20.
LaTeX Info: Redefining \% on input line 20.
LaTeX Info: Redefining \sptext on input line 21.
LaTeX Info: Redefining \. on input line 21.
LaTeX Info: Redefining \% on input line 21.
LaTeX Info: Redefining \sptext on input line 23.
LaTeX Info: Redefining \. on input line 23.
LaTeX Info: Redefining \% on input line 23.
LaTeX Info: Redefining \sptext on input line 24.
LaTeX Info: Redefining \. on input line 24.
LaTeX Info: Redefining \% on input line 24.
LaTeX Info: Redefining \sptext on input line 26.
LaTeX Info: Redefining \. on input line 26.
LaTeX Info: Redefining \% on input line 26.
LaTeX Info: Redefining \sptext on input line 27.
LaTeX Info: Redefining \. on input line 27.
LaTeX Info: Redefining \% on input line 27.
LaTeX Info: Redefining \sptext on input line 31.
LaTeX Info: Redefining \. on input line 31.
LaTeX Info: Redefining \% on input line 31.
LaTeX Info: Redefining \sptext on input line 32.
LaTeX Info: Redefining \. on input line 32.
LaTeX Info: Redefining \% on input line 32.
LaTeX Info: Redefining \sptext on input line 34.
LaTeX Info: Redefining \. on input line 34.
LaTeX Info: Redefining \% on input line 34.
LaTeX Info: Redefining \sptext on input line 35.
LaTeX Info: Redefining \. on input line 35.
LaTeX Info: Redefining \% on input line 35.
LaTeX Info: Redefining \sptext on input line 37.
LaTeX Info: Redefining \. on input line 37.
LaTeX Info: Redefining \% on input line 37.
LaTeX Info: Redefining \sptext on input line 38.
LaTeX Info: Redefining \. on input line 38.
LaTeX Info: Redefining \% on input line 38.
LaTeX Info: Redefining \sptext on input line 39.
LaTeX Info: Redefining \. on input line 39.
LaTeX Info: Redefining \% on input line 39.
LaTeX Info: Redefining \sptext on input line 40.
LaTeX Info: Redefining \. on input line 40.
LaTeX Info: Redefining \% on input line 40.
LaTeX Info: Redefining \sptext on input line 42.
LaTeX Info: Redefining \. on input line 42.
LaTeX Info: Redefining \% on input line 42.
LaTeX Info: Redefining \sptext on input line 43.
LaTeX Info: Redefining \. on input line 43.
LaTeX Info: Redefining \% on input line 43.
LaTeX Info: Redefining \sptext on input line 44.
LaTeX Info: Redefining \. on input line 44.
LaTeX Info: Redefining \% on input line 44.
LaTeX Info: Redefining \sptext on input line 45.
LaTeX Info: Redefining \. on input line 45.
LaTeX Info: Redefining \% on input line 45.
LaTeX Info: Redefining \sptext on input line 48.
LaTeX Info: Redefining \. on input line 48.
LaTeX Info: Redefining \% on input line 48.
LaTeX Info: Redefining \sptext on input line 49.
LaTeX Info: Redefining \. on input line 49.
LaTeX Info: Redefining \% on input line 49.
LaTeX Info: Redefining \sptext on input line 51.
LaTeX Info: Redefining \. on input line 51.
LaTeX Info: Redefining \% on input line 51.
LaTeX Info: Redefining \sptext on input line 52.
LaTeX Info: Redefining \. on input line 52.
LaTeX Info: Redefining \% on input line 52.
File: ./images/UADE_LARGE.png Graphic file (type png)
<use ./images/UADE_LARGE.png>
Package pdftex.def Info: ./images/UADE_LARGE.png  used on input line 54.
(pdftex.def)             Requested size: 105.2751pt x 36.8594pt.

Overfull \vbox (36.8594pt too high) has occurred while \output is active []


[2]
LaTeX Info: Redefining \sptext on input line 55.
LaTeX Info: Redefining \. on input line 55.
LaTeX Info: Redefining \% on input line 55.
LaTeX Info: Redefining \sptext on input line 56.
LaTeX Info: Redefining \. on input line 56.
LaTeX Info: Redefining \% on input line 56.
LaTeX Info: Redefining \sptext on input line 58.
LaTeX Info: Redefining \. on input line 58.
LaTeX Info: Redefining \% on input line 58.
LaTeX Info: Redefining \sptext on input line 59.
LaTeX Info: Redefining \. on input line 59.
LaTeX Info: Redefining \% on input line 59.
LaTeX Info: Redefining \sptext on input line 61.
LaTeX Info: Redefining \. on input line 61.
LaTeX Info: Redefining \% on input line 61.
LaTeX Info: Redefining \sptext on input line 62.
LaTeX Info: Redefining \. on input line 62.
LaTeX Info: Redefining \% on input line 62.
LaTeX Info: Redefining \sptext on input line 77.
LaTeX Info: Redefining \. on input line 77.
LaTeX Info: Redefining \% on input line 77.
LaTeX Info: Redefining \sptext on input line 78.
LaTeX Info: Redefining \. on input line 78.
LaTeX Info: Redefining \% on input line 78.
LaTeX Info: Redefining \sptext on input line 79.
LaTeX Info: Redefining \. on input line 79.
LaTeX Info: Redefining \% on input line 79.
LaTeX Info: Redefining \sptext on input line 80.
LaTeX Info: Redefining \. on input line 80.
LaTeX Info: Redefining \% on input line 80.
LaTeX Info: Redefining \sptext on input line 81.
LaTeX Info: Redefining \. on input line 81.
LaTeX Info: Redefining \% on input line 81.
LaTeX Info: Redefining \sptext on input line 82.
LaTeX Info: Redefining \. on input line 82.
LaTeX Info: Redefining \% on input line 82.
LaTeX Info: Redefining \sptext on input line 83.
LaTeX Info: Redefining \. on input line 83.
LaTeX Info: Redefining \% on input line 83.
LaTeX Info: Redefining \sptext on input line 84.
LaTeX Info: Redefining \. on input line 84.
LaTeX Info: Redefining \% on input line 84.
LaTeX Info: Redefining \sptext on input line 86.
LaTeX Info: Redefining \. on input line 86.
LaTeX Info: Redefining \% on input line 86.
LaTeX Info: Redefining \sptext on input line 87.
LaTeX Info: Redefining \. on input line 87.
LaTeX Info: Redefining \% on input line 87.
LaTeX Info: Redefining \sptext on input line 88.
LaTeX Info: Redefining \. on input line 88.
LaTeX Info: Redefining \% on input line 88.
LaTeX Info: Redefining \sptext on input line 89.
LaTeX Info: Redefining \. on input line 89.
LaTeX Info: Redefining \% on input line 89.
LaTeX Info: Redefining \sptext on input line 93.
LaTeX Info: Redefining \. on input line 93.
LaTeX Info: Redefining \% on input line 93.
LaTeX Info: Redefining \sptext on input line 94.
LaTeX Info: Redefining \. on input line 94.
LaTeX Info: Redefining \% on input line 94.
LaTeX Info: Redefining \sptext on input line 95.
LaTeX Info: Redefining \. on input line 95.
LaTeX Info: Redefining \% on input line 95.
LaTeX Info: Redefining \sptext on input line 96.
LaTeX Info: Redefining \. on input line 96.
LaTeX Info: Redefining \% on input line 96.
LaTeX Info: Redefining \sptext on input line 98.
LaTeX Info: Redefining \. on input line 98.
LaTeX Info: Redefining \% on input line 98.
LaTeX Info: Redefining \sptext on input line 99.
LaTeX Info: Redefining \. on input line 99.
LaTeX Info: Redefining \% on input line 99.
LaTeX Info: Redefining \sptext on input line 103.
LaTeX Info: Redefining \. on input line 103.
LaTeX Info: Redefining \% on input line 103.
LaTeX Info: Redefining \sptext on input line 104.
LaTeX Info: Redefining \. on input line 104.
LaTeX Info: Redefining \% on input line 104.
LaTeX Info: Redefining \sptext on input line 105.
LaTeX Info: Redefining \. on input line 105.
LaTeX Info: Redefining \% on input line 105.
LaTeX Info: Redefining \sptext on input line 106.
LaTeX Info: Redefining \. on input line 106.
LaTeX Info: Redefining \% on input line 106.
LaTeX Info: Redefining \sptext on input line 108.
LaTeX Info: Redefining \. on input line 108.
LaTeX Info: Redefining \% on input line 108.
LaTeX Info: Redefining \sptext on input line 109.
LaTeX Info: Redefining \. on input line 109.
LaTeX Info: Redefining \% on input line 109.
LaTeX Info: Redefining \sptext on input line 110.
LaTeX Info: Redefining \. on input line 110.
LaTeX Info: Redefining \% on input line 110.
LaTeX Info: Redefining \sptext on input line 111.
LaTeX Info: Redefining \. on input line 111.
LaTeX Info: Redefining \% on input line 111.
LaTeX Info: Redefining \sptext on input line 114.
LaTeX Info: Redefining \. on input line 114.
LaTeX Info: Redefining \% on input line 114.
LaTeX Info: Redefining \sptext on input line 115.
LaTeX Info: Redefining \. on input line 115.
LaTeX Info: Redefining \% on input line 115.
LaTeX Info: Redefining \sptext on input line 117.
LaTeX Info: Redefining \. on input line 117.
LaTeX Info: Redefining \% on input line 117.
LaTeX Info: Redefining \sptext on input line 118.
LaTeX Info: Redefining \. on input line 118.
LaTeX Info: Redefining \% on input line 118.
LaTeX Info: Redefining \sptext on input line 122.
LaTeX Info: Redefining \. on input line 122.
LaTeX Info: Redefining \% on input line 122.
LaTeX Info: Redefining \sptext on input line 123.
LaTeX Info: Redefining \. on input line 123.
LaTeX Info: Redefining \% on input line 123.
LaTeX Info: Redefining \sptext on input line 127.
LaTeX Info: Redefining \. on input line 127.
LaTeX Info: Redefining \% on input line 127.
LaTeX Info: Redefining \sptext on input line 128.
LaTeX Info: Redefining \. on input line 128.
LaTeX Info: Redefining \% on input line 128.
LaTeX Info: Redefining \sptext on input line 129.
LaTeX Info: Redefining \. on input line 129.
LaTeX Info: Redefining \% on input line 129.
LaTeX Info: Redefining \sptext on input line 130.
LaTeX Info: Redefining \. on input line 130.
LaTeX Info: Redefining \% on input line 130.
File: ./images/UADE_LARGE.png Graphic file (type png)
<use ./images/UADE_LARGE.png>
Package pdftex.def Info: ./images/UADE_LARGE.png  used on input line 132.
(pdftex.def)             Requested size: 105.2751pt x 36.8594pt.

Overfull \vbox (36.8594pt too high) has occurred while \output is active []


[3]
LaTeX Info: Redefining \sptext on input line 133.
LaTeX Info: Redefining \. on input line 133.
LaTeX Info: Redefining \% on input line 133.
LaTeX Info: Redefining \sptext on input line 134.
LaTeX Info: Redefining \. on input line 134.
LaTeX Info: Redefining \% on input line 134.
LaTeX Info: Redefining \sptext on input line 136.
LaTeX Info: Redefining \. on input line 136.
LaTeX Info: Redefining \% on input line 136.
LaTeX Info: Redefining \sptext on input line 137.
LaTeX Info: Redefining \. on input line 137.
LaTeX Info: Redefining \% on input line 137.
LaTeX Info: Redefining \sptext on input line 139.
LaTeX Info: Redefining \. on input line 139.
LaTeX Info: Redefining \% on input line 139.
LaTeX Info: Redefining \sptext on input line 140.
LaTeX Info: Redefining \. on input line 140.
LaTeX Info: Redefining \% on input line 140.
LaTeX Info: Redefining \sptext on input line 141.
LaTeX Info: Redefining \. on input line 141.
LaTeX Info: Redefining \% on input line 141.
LaTeX Info: Redefining \sptext on input line 142.
LaTeX Info: Redefining \. on input line 142.
LaTeX Info: Redefining \% on input line 142.
LaTeX Info: Redefining \sptext on input line 144.
LaTeX Info: Redefining \. on input line 144.
LaTeX Info: Redefining \% on input line 144.
LaTeX Info: Redefining \sptext on input line 145.
LaTeX Info: Redefining \. on input line 145.
LaTeX Info: Redefining \% on input line 145.
LaTeX Info: Redefining \sptext on input line 149.
LaTeX Info: Redefining \. on input line 149.
LaTeX Info: Redefining \% on input line 149.
LaTeX Info: Redefining \sptext on input line 150.
LaTeX Info: Redefining \. on input line 150.
LaTeX Info: Redefining \% on input line 150.
LaTeX Info: Redefining \sptext on input line 151.
LaTeX Info: Redefining \. on input line 151.
LaTeX Info: Redefining \% on input line 151.
LaTeX Info: Redefining \sptext on input line 152.
LaTeX Info: Redefining \. on input line 152.
LaTeX Info: Redefining \% on input line 152.
LaTeX Info: Redefining \sptext on input line 156.
LaTeX Info: Redefining \. on input line 156.
LaTeX Info: Redefining \% on input line 156.
LaTeX Info: Redefining \sptext on input line 157.
LaTeX Info: Redefining \. on input line 157.
LaTeX Info: Redefining \% on input line 157.
LaTeX Info: Redefining \sptext on input line 158.
LaTeX Info: Redefining \. on input line 158.
LaTeX Info: Redefining \% on input line 158.
LaTeX Info: Redefining \sptext on input line 159.
LaTeX Info: Redefining \. on input line 159.
LaTeX Info: Redefining \% on input line 159.
LaTeX Info: Redefining \sptext on input line 164.
LaTeX Info: Redefining \. on input line 164.
LaTeX Info: Redefining \% on input line 164.
LaTeX Info: Redefining \sptext on input line 165.
LaTeX Info: Redefining \. on input line 165.
LaTeX Info: Redefining \% on input line 165.
LaTeX Info: Redefining \sptext on input line 174.
LaTeX Info: Redefining \. on input line 174.
LaTeX Info: Redefining \% on input line 174.
LaTeX Info: Redefining \sptext on input line 175.
LaTeX Info: Redefining \. on input line 175.
LaTeX Info: Redefining \% on input line 175.
LaTeX Info: Redefining \sptext on input line 179.
LaTeX Info: Redefining \. on input line 179.
LaTeX Info: Redefining \% on input line 179.
LaTeX Info: Redefining \sptext on input line 180.
LaTeX Info: Redefining \. on input line 180.
LaTeX Info: Redefining \% on input line 180.
LaTeX Info: Redefining \sptext on input line 181.
LaTeX Info: Redefining \. on input line 181.
LaTeX Info: Redefining \% on input line 181.
LaTeX Info: Redefining \sptext on input line 182.
LaTeX Info: Redefining \. on input line 182.
LaTeX Info: Redefining \% on input line 182.
LaTeX Info: Redefining \sptext on input line 188.
LaTeX Info: Redefining \. on input line 188.
LaTeX Info: Redefining \% on input line 188.
LaTeX Info: Redefining \sptext on input line 189.
LaTeX Info: Redefining \. on input line 189.
LaTeX Info: Redefining \% on input line 189.
File: ./images/UADE_LARGE.png Graphic file (type png)
<use ./images/UADE_LARGE.png>
Package pdftex.def Info: ./images/UADE_LARGE.png  used on input line 196.
(pdftex.def)             Requested size: 105.2751pt x 36.8594pt.

Overfull \vbox (36.8594pt too high) has occurred while \output is active []


[4]
LaTeX Info: Redefining \sptext on input line 200.
LaTeX Info: Redefining \. on input line 200.
LaTeX Info: Redefining \% on input line 200.
LaTeX Info: Redefining \sptext on input line 201.
LaTeX Info: Redefining \. on input line 201.
LaTeX Info: Redefining \% on input line 201.
LaTeX Info: Redefining \sptext on input line 208.
LaTeX Info: Redefining \. on input line 208.
LaTeX Info: Redefining \% on input line 208.
LaTeX Info: Redefining \sptext on input line 209.
LaTeX Info: Redefining \. on input line 209.
LaTeX Info: Redefining \% on input line 209.
File: ./images/UADE_LARGE.png Graphic file (type png)
<use ./images/UADE_LARGE.png>
Package pdftex.def Info: ./images/UADE_LARGE.png  used on input line 235.
(pdftex.def)             Requested size: 105.2751pt x 36.8594pt.

Overfull \vbox (36.8594pt too high) has occurred while \output is active []


[5]
LaTeX Info: Redefining \sptext on input line 265.
LaTeX Info: Redefining \. on input line 265.
LaTeX Info: Redefining \% on input line 265.
LaTeX Info: Redefining \sptext on input line 266.
LaTeX Info: Redefining \. on input line 266.
LaTeX Info: Redefining \% on input line 266.
File: ./images/UADE_LARGE.png Graphic file (type png)
<use ./images/UADE_LARGE.png>
Package pdftex.def Info: ./images/UADE_LARGE.png  used on input line 272.
(pdftex.def)             Requested size: 105.2751pt x 36.8594pt.

Overfull \vbox (36.8594pt too high) has occurred while \output is active []


[6]
File: ./images/UADE_LARGE.png Graphic file (type png)
<use ./images/UADE_LARGE.png>
Package pdftex.def Info: ./images/UADE_LARGE.png  used on input line 307.
(pdftex.def)             Requested size: 105.2751pt x 36.8594pt.

Overfull \vbox (36.8594pt too high) has occurred while \output is active []


[7]
File: ./images/UADE_LARGE.png Graphic file (type png)
<use ./images/UADE_LARGE.png>
Package pdftex.def Info: ./images/UADE_LARGE.png  used on input line 339.
(pdftex.def)             Requested size: 105.2751pt x 36.8594pt.

Overfull \vbox (36.8594pt too high) has occurred while \output is active []


[8]
LaTeX Info: Redefining \sptext on input line 365.
LaTeX Info: Redefining \. on input line 365.
LaTeX Info: Redefining \% on input line 365.
LaTeX Info: Redefining \sptext on input line 366.
LaTeX Info: Redefining \. on input line 366.
LaTeX Info: Redefining \% on input line 366.
LaTeX Info: Redefining \sptext on input line 367.
LaTeX Info: Redefining \. on input line 367.
LaTeX Info: Redefining \% on input line 367.
LaTeX Info: Redefining \sptext on input line 368.
LaTeX Info: Redefining \. on input line 368.
LaTeX Info: Redefining \% on input line 368.
LaTeX Info: Redefining \sptext on input line 369.
LaTeX Info: Redefining \. on input line 369.
LaTeX Info: Redefining \% on input line 369.
LaTeX Info: Redefining \sptext on input line 370.
LaTeX Info: Redefining \. on input line 370.
LaTeX Info: Redefining \% on input line 370.
LaTeX Info: Redefining \sptext on input line 371.
LaTeX Info: Redefining \. on input line 371.
LaTeX Info: Redefining \% on input line 371.
LaTeX Info: Redefining \sptext on input line 372.
LaTeX Info: Redefining \. on input line 372.
LaTeX Info: Redefining \% on input line 372.
LaTeX Info: Redefining \sptext on input line 373.
LaTeX Info: Redefining \. on input line 373.
LaTeX Info: Redefining \% on input line 373.
LaTeX Info: Redefining \sptext on input line 374.
LaTeX Info: Redefining \. on input line 374.
LaTeX Info: Redefining \% on input line 374.
LaTeX Info: Redefining \sptext on input line 375.
LaTeX Info: Redefining \. on input line 375.
LaTeX Info: Redefining \% on input line 375.
LaTeX Info: Redefining \sptext on input line 376.
LaTeX Info: Redefining \. on input line 376.
LaTeX Info: Redefining \% on input line 376.
LaTeX Info: Redefining \sptext on input line 377.
LaTeX Info: Redefining \. on input line 377.
LaTeX Info: Redefining \% on input line 377.
LaTeX Info: Redefining \sptext on input line 378.
LaTeX Info: Redefining \. on input line 378.
LaTeX Info: Redefining \% on input line 378.
LaTeX Info: Redefining \sptext on input line 379.
LaTeX Info: Redefining \. on input line 379.
LaTeX Info: Redefining \% on input line 379.
LaTeX Info: Redefining \sptext on input line 380.
LaTeX Info: Redefining \. on input line 380.
LaTeX Info: Redefining \% on input line 380.
LaTeX Info: Redefining \sptext on input line 381.
LaTeX Info: Redefining \. on input line 381.
LaTeX Info: Redefining \% on input line 381.
LaTeX Info: Redefining \sptext on input line 382.
LaTeX Info: Redefining \. on input line 382.
LaTeX Info: Redefining \% on input line 382.
LaTeX Info: Redefining \sptext on input line 383.
LaTeX Info: Redefining \. on input line 383.
LaTeX Info: Redefining \% on input line 383.
LaTeX Info: Redefining \sptext on input line 384.
LaTeX Info: Redefining \. on input line 384.
LaTeX Info: Redefining \% on input line 384.
LaTeX Info: Redefining \sptext on input line 385.
LaTeX Info: Redefining \. on input line 385.
LaTeX Info: Redefining \% on input line 385.
LaTeX Info: Redefining \sptext on input line 386.
LaTeX Info: Redefining \. on input line 386.
LaTeX Info: Redefining \% on input line 386.
LaTeX Info: Redefining \sptext on input line 387.
LaTeX Info: Redefining \. on input line 387.
LaTeX Info: Redefining \% on input line 387.
LaTeX Info: Redefining \sptext on input line 388.
LaTeX Info: Redefining \. on input line 388.
LaTeX Info: Redefining \% on input line 388.
LaTeX Info: Redefining \sptext on input line 389.
LaTeX Info: Redefining \. on input line 389.
LaTeX Info: Redefining \% on input line 389.
LaTeX Info: Redefining \sptext on input line 390.
LaTeX Info: Redefining \. on input line 390.
LaTeX Info: Redefining \% on input line 390.
LaTeX Info: Redefining \sptext on input line 391.
LaTeX Info: Redefining \. on input line 391.
LaTeX Info: Redefining \% on input line 391.
LaTeX Info: Redefining \sptext on input line 392.
LaTeX Info: Redefining \. on input line 392.
LaTeX Info: Redefining \% on input line 392.
LaTeX Info: Redefining \sptext on input line 393.
LaTeX Info: Redefining \. on input line 393.
LaTeX Info: Redefining \% on input line 393.
LaTeX Info: Redefining \sptext on input line 394.
LaTeX Info: Redefining \. on input line 394.
LaTeX Info: Redefining \% on input line 394.
LaTeX Info: Redefining \sptext on input line 395.
LaTeX Info: Redefining \. on input line 395.
LaTeX Info: Redefining \% on input line 395.
LaTeX Info: Redefining \sptext on input line 396.
LaTeX Info: Redefining \. on input line 396.
LaTeX Info: Redefining \% on input line 396.
LaTeX Info: Redefining \sptext on input line 397.
LaTeX Info: Redefining \. on input line 397.
LaTeX Info: Redefining \% on input line 397.
LaTeX Info: Redefining \sptext on input line 398.
LaTeX Info: Redefining \. on input line 398.
LaTeX Info: Redefining \% on input line 398.
LaTeX Info: Redefining \sptext on input line 399.
LaTeX Info: Redefining \. on input line 399.
LaTeX Info: Redefining \% on input line 399.
LaTeX Info: Redefining \sptext on input line 400.
LaTeX Info: Redefining \. on input line 400.
LaTeX Info: Redefining \% on input line 400.
LaTeX Info: Redefining \sptext on input line 401.
LaTeX Info: Redefining \. on input line 401.
LaTeX Info: Redefining \% on input line 401.
LaTeX Info: Redefining \sptext on input line 402.
LaTeX Info: Redefining \. on input line 402.
LaTeX Info: Redefining \% on input line 402.
LaTeX Info: Redefining \sptext on input line 403.
LaTeX Info: Redefining \. on input line 403.
LaTeX Info: Redefining \% on input line 403.
LaTeX Info: Redefining \sptext on input line 404.
LaTeX Info: Redefining \. on input line 404.
LaTeX Info: Redefining \% on input line 404.
LaTeX Info: Redefining \sptext on input line 405.
LaTeX Info: Redefining \. on input line 405.
LaTeX Info: Redefining \% on input line 405.
LaTeX Info: Redefining \sptext on input line 406.
LaTeX Info: Redefining \. on input line 406.
LaTeX Info: Redefining \% on input line 406.
LaTeX Info: Redefining \sptext on input line 407.
LaTeX Info: Redefining \. on input line 407.
LaTeX Info: Redefining \% on input line 407.
LaTeX Info: Redefining \sptext on input line 408.
LaTeX Info: Redefining \. on input line 408.
LaTeX Info: Redefining \% on input line 408.
LaTeX Info: Redefining \sptext on input line 409.
LaTeX Info: Redefining \. on input line 409.
LaTeX Info: Redefining \% on input line 409.
LaTeX Info: Redefining \sptext on input line 410.
LaTeX Info: Redefining \. on input line 410.
LaTeX Info: Redefining \% on input line 410.
LaTeX Info: Redefining \sptext on input line 411.
LaTeX Info: Redefining \. on input line 411.
LaTeX Info: Redefining \% on input line 411.
LaTeX Info: Redefining \sptext on input line 412.
LaTeX Info: Redefining \. on input line 412.
LaTeX Info: Redefining \% on input line 412.
LaTeX Info: Redefining \sptext on input line 413.
LaTeX Info: Redefining \. on input line 413.
LaTeX Info: Redefining \% on input line 413.
LaTeX Info: Redefining \sptext on input line 414.
LaTeX Info: Redefining \. on input line 414.
LaTeX Info: Redefining \% on input line 414.
LaTeX Info: Redefining \sptext on input line 415.
LaTeX Info: Redefining \. on input line 415.
LaTeX Info: Redefining \% on input line 415.
LaTeX Info: Redefining \sptext on input line 416.
LaTeX Info: Redefining \. on input line 416.
LaTeX Info: Redefining \% on input line 416.
LaTeX Info: Redefining \sptext on input line 417.
LaTeX Info: Redefining \. on input line 417.
LaTeX Info: Redefining \% on input line 417.
LaTeX Info: Redefining \sptext on input line 418.
LaTeX Info: Redefining \. on input line 418.
LaTeX Info: Redefining \% on input line 418.
LaTeX Info: Redefining \sptext on input line 419.
LaTeX Info: Redefining \. on input line 419.
LaTeX Info: Redefining \% on input line 419.
LaTeX Info: Redefining \sptext on input line 420.
LaTeX Info: Redefining \. on input line 420.
LaTeX Info: Redefining \% on input line 420.
LaTeX Info: Redefining \sptext on input line 421.
LaTeX Info: Redefining \. on input line 421.
LaTeX Info: Redefining \% on input line 421.
LaTeX Info: Redefining \sptext on input line 422.
LaTeX Info: Redefining \. on input line 422.
LaTeX Info: Redefining \% on input line 422.
LaTeX Info: Redefining \sptext on input line 423.
LaTeX Info: Redefining \. on input line 423.
LaTeX Info: Redefining \% on input line 423.
LaTeX Info: Redefining \sptext on input line 424.
LaTeX Info: Redefining \. on input line 424.
LaTeX Info: Redefining \% on input line 424.
LaTeX Info: Redefining \sptext on input line 425.
LaTeX Info: Redefining \. on input line 425.
LaTeX Info: Redefining \% on input line 425.
LaTeX Info: Redefining \sptext on input line 426.
LaTeX Info: Redefining \. on input line 426.
LaTeX Info: Redefining \% on input line 426.
LaTeX Info: Redefining \sptext on input line 427.
LaTeX Info: Redefining \. on input line 427.
LaTeX Info: Redefining \% on input line 427.
LaTeX Info: Redefining \sptext on input line 428.
LaTeX Info: Redefining \. on input line 428.
LaTeX Info: Redefining \% on input line 428.
LaTeX Info: Redefining \sptext on input line 429.
LaTeX Info: Redefining \. on input line 429.
LaTeX Info: Redefining \% on input line 429.
LaTeX Info: Redefining \sptext on input line 430.
LaTeX Info: Redefining \. on input line 430.
LaTeX Info: Redefining \% on input line 430.
LaTeX Info: Redefining \sptext on input line 431.
LaTeX Info: Redefining \. on input line 431.
LaTeX Info: Redefining \% on input line 431.
LaTeX Info: Redefining \sptext on input line 432.
LaTeX Info: Redefining \. on input line 432.
LaTeX Info: Redefining \% on input line 432.
LaTeX Info: Redefining \sptext on input line 433.
LaTeX Info: Redefining \. on input line 433.
LaTeX Info: Redefining \% on input line 433.
LaTeX Info: Redefining \sptext on input line 434.
LaTeX Info: Redefining \. on input line 434.
LaTeX Info: Redefining \% on input line 434.
LaTeX Info: Redefining \sptext on input line 435.
LaTeX Info: Redefining \. on input line 435.
LaTeX Info: Redefining \% on input line 435.
LaTeX Info: Redefining \sptext on input line 436.
LaTeX Info: Redefining \. on input line 436.
LaTeX Info: Redefining \% on input line 436.
LaTeX Info: Redefining \sptext on input line 437.
LaTeX Info: Redefining \. on input line 437.
LaTeX Info: Redefining \% on input line 437.
LaTeX Info: Redefining \sptext on input line 438.
LaTeX Info: Redefining \. on input line 438.
LaTeX Info: Redefining \% on input line 438.
LaTeX Info: Redefining \sptext on input line 439.
LaTeX Info: Redefining \. on input line 439.
LaTeX Info: Redefining \% on input line 439.
LaTeX Info: Redefining \sptext on input line 440.
LaTeX Info: Redefining \. on input line 440.
LaTeX Info: Redefining \% on input line 440.
LaTeX Info: Redefining \sptext on input line 441.
LaTeX Info: Redefining \. on input line 441.
LaTeX Info: Redefining \% on input line 441.
LaTeX Info: Redefining \sptext on input line 442.
LaTeX Info: Redefining \. on input line 442.
LaTeX Info: Redefining \% on input line 442.
LaTeX Info: Redefining \sptext on input line 443.
LaTeX Info: Redefining \. on input line 443.
LaTeX Info: Redefining \% on input line 443.
LaTeX Info: Redefining \sptext on input line 444.
LaTeX Info: Redefining \. on input line 444.
LaTeX Info: Redefining \% on input line 444.
LaTeX Info: Redefining \sptext on input line 445.
LaTeX Info: Redefining \. on input line 445.
LaTeX Info: Redefining \% on input line 445.
LaTeX Info: Redefining \sptext on input line 446.
LaTeX Info: Redefining \. on input line 446.
LaTeX Info: Redefining \% on input line 446.
LaTeX Info: Redefining \sptext on input line 447.
LaTeX Info: Redefining \. on input line 447.
LaTeX Info: Redefining \% on input line 447.
LaTeX Info: Redefining \sptext on input line 448.
LaTeX Info: Redefining \. on input line 448.
LaTeX Info: Redefining \% on input line 448.
LaTeX Info: Redefining \sptext on input line 449.
LaTeX Info: Redefining \. on input line 449.
LaTeX Info: Redefining \% on input line 449.
LaTeX Info: Redefining \sptext on input line 450.
LaTeX Info: Redefining \. on input line 450.
LaTeX Info: Redefining \% on input line 450.
LaTeX Info: Redefining \sptext on input line 451.
LaTeX Info: Redefining \. on input line 451.
LaTeX Info: Redefining \% on input line 451.
LaTeX Info: Redefining \sptext on input line 452.
LaTeX Info: Redefining \. on input line 452.
LaTeX Info: Redefining \% on input line 452.
LaTeX Info: Redefining \sptext on input line 453.
LaTeX Info: Redefining \. on input line 453.
LaTeX Info: Redefining \% on input line 453.
LaTeX Info: Redefining \sptext on input line 454.
LaTeX Info: Redefining \. on input line 454.
LaTeX Info: Redefining \% on input line 454.
LaTeX Info: Redefining \sptext on input line 455.
LaTeX Info: Redefining \. on input line 455.
LaTeX Info: Redefining \% on input line 455.
LaTeX Info: Redefining \sptext on input line 456.
LaTeX Info: Redefining \. on input line 456.
LaTeX Info: Redefining \% on input line 456.
LaTeX Info: Redefining \sptext on input line 457.
LaTeX Info: Redefining \. on input line 457.
LaTeX Info: Redefining \% on input line 457.
LaTeX Info: Redefining \sptext on input line 458.
LaTeX Info: Redefining \. on input line 458.
LaTeX Info: Redefining \% on input line 458.
LaTeX Info: Redefining \sptext on input line 459.
LaTeX Info: Redefining \. on input line 459.
LaTeX Info: Redefining \% on input line 459.
LaTeX Info: Redefining \sptext on input line 460.
LaTeX Info: Redefining \. on input line 460.
LaTeX Info: Redefining \% on input line 460.
LaTeX Info: Redefining \sptext on input line 461.
LaTeX Info: Redefining \. on input line 461.
LaTeX Info: Redefining \% on input line 461.
LaTeX Info: Redefining \sptext on input line 462.
LaTeX Info: Redefining \. on input line 462.
LaTeX Info: Redefining \% on input line 462.
LaTeX Info: Redefining \sptext on input line 463.
LaTeX Info: Redefining \. on input line 463.
LaTeX Info: Redefining \% on input line 463.
LaTeX Info: Redefining \sptext on input line 464.
LaTeX Info: Redefining \. on input line 464.
LaTeX Info: Redefining \% on input line 464.
LaTeX Info: Redefining \sptext on input line 465.
LaTeX Info: Redefining \. on input line 465.
LaTeX Info: Redefining \% on input line 465.
LaTeX Info: Redefining \sptext on input line 466.
LaTeX Info: Redefining \. on input line 466.
LaTeX Info: Redefining \% on input line 466.
LaTeX Info: Redefining \sptext on input line 467.
LaTeX Info: Redefining \. on input line 467.
LaTeX Info: Redefining \% on input line 467.
LaTeX Info: Redefining \sptext on input line 468.
LaTeX Info: Redefining \. on input line 468.
LaTeX Info: Redefining \% on input line 468.
LaTeX Info: Redefining \sptext on input line 469.
LaTeX Info: Redefining \. on input line 469.
LaTeX Info: Redefining \% on input line 469.
LaTeX Info: Redefining \sptext on input line 470.
LaTeX Info: Redefining \. on input line 470.
LaTeX Info: Redefining \% on input line 470.
LaTeX Info: Redefining \sptext on input line 471.
LaTeX Info: Redefining \. on input line 471.
LaTeX Info: Redefining \% on input line 471.
LaTeX Info: Redefining \sptext on input line 472.
LaTeX Info: Redefining \. on input line 472.
LaTeX Info: Redefining \% on input line 472.
LaTeX Info: Redefining \sptext on input line 473.
LaTeX Info: Redefining \. on input line 473.
LaTeX Info: Redefining \% on input line 473.
LaTeX Info: Redefining \sptext on input line 474.
LaTeX Info: Redefining \. on input line 474.
LaTeX Info: Redefining \% on input line 474.
LaTeX Info: Redefining \sptext on input line 475.
LaTeX Info: Redefining \. on input line 475.
LaTeX Info: Redefining \% on input line 475.
LaTeX Info: Redefining \sptext on input line 476.
LaTeX Info: Redefining \. on input line 476.
LaTeX Info: Redefining \% on input line 476.
LaTeX Info: Redefining \sptext on input line 477.
LaTeX Info: Redefining \. on input line 477.
LaTeX Info: Redefining \% on input line 477.
LaTeX Info: Redefining \sptext on input line 478.
LaTeX Info: Redefining \. on input line 478.
LaTeX Info: Redefining \% on input line 478.
LaTeX Info: Redefining \sptext on input line 479.
LaTeX Info: Redefining \. on input line 479.
LaTeX Info: Redefining \% on input line 479.
LaTeX Info: Redefining \sptext on input line 480.
LaTeX Info: Redefining \. on input line 480.
LaTeX Info: Redefining \% on input line 480.
LaTeX Info: Redefining \sptext on input line 481.
LaTeX Info: Redefining \. on input line 481.
LaTeX Info: Redefining \% on input line 481.
LaTeX Info: Redefining \sptext on input line 482.
LaTeX Info: Redefining \. on input line 482.
LaTeX Info: Redefining \% on input line 482.
LaTeX Info: Redefining \sptext on input line 483.
LaTeX Info: Redefining \. on input line 483.
LaTeX Info: Redefining \% on input line 483.
LaTeX Info: Redefining \sptext on input line 484.
LaTeX Info: Redefining \. on input line 484.
LaTeX Info: Redefining \% on input line 484.
LaTeX Info: Redefining \sptext on input line 485.
LaTeX Info: Redefining \. on input line 485.
LaTeX Info: Redefining \% on input line 485.
LaTeX Info: Redefining \sptext on input line 486.
LaTeX Info: Redefining \. on input line 486.
LaTeX Info: Redefining \% on input line 486.
LaTeX Info: Redefining \sptext on input line 487.
LaTeX Info: Redefining \. on input line 487.
LaTeX Info: Redefining \% on input line 487.
LaTeX Info: Redefining \sptext on input line 488.
LaTeX Info: Redefining \. on input line 488.
LaTeX Info: Redefining \% on input line 488.
LaTeX Info: Redefining \sptext on input line 489.
LaTeX Info: Redefining \. on input line 489.
LaTeX Info: Redefining \% on input line 489.
LaTeX Info: Redefining \sptext on input line 490.
LaTeX Info: Redefining \. on input line 490.
LaTeX Info: Redefining \% on input line 490.
LaTeX Info: Redefining \sptext on input line 491.
LaTeX Info: Redefining \. on input line 491.
LaTeX Info: Redefining \% on input line 491.
LaTeX Info: Redefining \sptext on input line 492.
LaTeX Info: Redefining \. on input line 492.
LaTeX Info: Redefining \% on input line 492.
LaTeX Info: Redefining \sptext on input line 493.
LaTeX Info: Redefining \. on input line 493.
LaTeX Info: Redefining \% on input line 493.
LaTeX Info: Redefining \sptext on input line 494.
LaTeX Info: Redefining \. on input line 494.
LaTeX Info: Redefining \% on input line 494.
LaTeX Info: Redefining \sptext on input line 495.
LaTeX Info: Redefining \. on input line 495.
LaTeX Info: Redefining \% on input line 495.
LaTeX Info: Redefining \sptext on input line 496.
LaTeX Info: Redefining \. on input line 496.
LaTeX Info: Redefining \% on input line 496.
LaTeX Info: Redefining \sptext on input line 497.
LaTeX Info: Redefining \. on input line 497.
LaTeX Info: Redefining \% on input line 497.
LaTeX Info: Redefining \sptext on input line 498.
LaTeX Info: Redefining \. on input line 498.
LaTeX Info: Redefining \% on input line 498.
LaTeX Info: Redefining \sptext on input line 499.
LaTeX Info: Redefining \. on input line 499.
LaTeX Info: Redefining \% on input line 499.
LaTeX Info: Redefining \sptext on input line 500.
LaTeX Info: Redefining \. on input line 500.
LaTeX Info: Redefining \% on input line 500.
LaTeX Info: Redefining \sptext on input line 501.
LaTeX Info: Redefining \. on input line 501.
LaTeX Info: Redefining \% on input line 501.
LaTeX Info: Redefining \sptext on input line 502.
LaTeX Info: Redefining \. on input line 502.
LaTeX Info: Redefining \% on input line 502.
LaTeX Info: Redefining \sptext on input line 503.
LaTeX Info: Redefining \. on input line 503.
LaTeX Info: Redefining \% on input line 503.
LaTeX Info: Redefining \sptext on input line 504.
LaTeX Info: Redefining \. on input line 504.
LaTeX Info: Redefining \% on input line 504.
LaTeX Info: Redefining \sptext on input line 505.
LaTeX Info: Redefining \. on input line 505.
LaTeX Info: Redefining \% on input line 505.
LaTeX Info: Redefining \sptext on input line 506.
LaTeX Info: Redefining \. on input line 506.
LaTeX Info: Redefining \% on input line 506.
LaTeX Info: Redefining \sptext on input line 507.
LaTeX Info: Redefining \. on input line 507.
LaTeX Info: Redefining \% on input line 507.
LaTeX Info: Redefining \sptext on input line 508.
LaTeX Info: Redefining \. on input line 508.
LaTeX Info: Redefining \% on input line 508.
LaTeX Info: Redefining \sptext on input line 509.
LaTeX Info: Redefining \. on input line 509.
LaTeX Info: Redefining \% on input line 509.
LaTeX Info: Redefining \sptext on input line 510.
LaTeX Info: Redefining \. on input line 510.
LaTeX Info: Redefining \% on input line 510.
LaTeX Info: Redefining \sptext on input line 511.
LaTeX Info: Redefining \. on input line 511.
LaTeX Info: Redefining \% on input line 511.
LaTeX Info: Redefining \sptext on input line 512.
LaTeX Info: Redefining \. on input line 512.
LaTeX Info: Redefining \% on input line 512.
LaTeX Info: Redefining \sptext on input line 513.
LaTeX Info: Redefining \. on input line 513.
LaTeX Info: Redefining \% on input line 513.
LaTeX Info: Redefining \sptext on input line 514.
LaTeX Info: Redefining \. on input line 514.
LaTeX Info: Redefining \% on input line 514.
LaTeX Info: Redefining \sptext on input line 515.
LaTeX Info: Redefining \. on input line 515.
LaTeX Info: Redefining \% on input line 515.
LaTeX Info: Redefining \sptext on input line 516.
LaTeX Info: Redefining \. on input line 516.
LaTeX Info: Redefining \% on input line 516.
LaTeX Info: Redefining \sptext on input line 517.
LaTeX Info: Redefining \. on input line 517.
LaTeX Info: Redefining \% on input line 517.
LaTeX Info: Redefining \sptext on input line 518.
LaTeX Info: Redefining \. on input line 518.
LaTeX Info: Redefining \% on input line 518.
LaTeX Info: Redefining \sptext on input line 519.
LaTeX Info: Redefining \. on input line 519.
LaTeX Info: Redefining \% on input line 519.
LaTeX Info: Redefining \sptext on input line 520.
LaTeX Info: Redefining \. on input line 520.
LaTeX Info: Redefining \% on input line 520.
LaTeX Info: Redefining \sptext on input line 521.
LaTeX Info: Redefining \. on input line 521.
LaTeX Info: Redefining \% on input line 521.
LaTeX Info: Redefining \sptext on input line 522.
LaTeX Info: Redefining \. on input line 522.
LaTeX Info: Redefining \% on input line 522.
LaTeX Info: Redefining \sptext on input line 523.
LaTeX Info: Redefining \. on input line 523.
LaTeX Info: Redefining \% on input line 523.
LaTeX Info: Redefining \sptext on input line 524.
LaTeX Info: Redefining \. on input line 524.
LaTeX Info: Redefining \% on input line 524.
LaTeX Info: Redefining \sptext on input line 525.
LaTeX Info: Redefining \. on input line 525.
LaTeX Info: Redefining \% on input line 525.
LaTeX Info: Redefining \sptext on input line 526.
LaTeX Info: Redefining \. on input line 526.
LaTeX Info: Redefining \% on input line 526.
LaTeX Info: Redefining \sptext on input line 527.
LaTeX Info: Redefining \. on input line 527.
LaTeX Info: Redefining \% on input line 527.
LaTeX Info: Redefining \sptext on input line 528.
LaTeX Info: Redefining \. on input line 528.
LaTeX Info: Redefining \% on input line 528.
LaTeX Info: Redefining \sptext on input line 529.
LaTeX Info: Redefining \. on input line 529.
LaTeX Info: Redefining \% on input line 529.
LaTeX Info: Redefining \sptext on input line 530.
LaTeX Info: Redefining \. on input line 530.
LaTeX Info: Redefining \% on input line 530.
LaTeX Info: Redefining \sptext on input line 531.
LaTeX Info: Redefining \. on input line 531.
LaTeX Info: Redefining \% on input line 531.
LaTeX Info: Redefining \sptext on input line 532.
LaTeX Info: Redefining \. on input line 532.
LaTeX Info: Redefining \% on input line 532.
LaTeX Info: Redefining \sptext on input line 533.
LaTeX Info: Redefining \. on input line 533.
LaTeX Info: Redefining \% on input line 533.
LaTeX Info: Redefining \sptext on input line 534.
LaTeX Info: Redefining \. on input line 534.
LaTeX Info: Redefining \% on input line 534.
LaTeX Info: Redefining \sptext on input line 535.
LaTeX Info: Redefining \. on input line 535.
LaTeX Info: Redefining \% on input line 535.
LaTeX Info: Redefining \sptext on input line 536.
LaTeX Info: Redefining \. on input line 536.
LaTeX Info: Redefining \% on input line 536.
LaTeX Info: Redefining \sptext on input line 537.
LaTeX Info: Redefining \. on input line 537.
LaTeX Info: Redefining \% on input line 537.
LaTeX Info: Redefining \sptext on input line 538.
LaTeX Info: Redefining \. on input line 538.
LaTeX Info: Redefining \% on input line 538.
LaTeX Info: Redefining \sptext on input line 539.
LaTeX Info: Redefining \. on input line 539.
LaTeX Info: Redefining \% on input line 539.
LaTeX Info: Redefining \sptext on input line 540.
LaTeX Info: Redefining \. on input line 540.
LaTeX Info: Redefining \% on input line 540.
LaTeX Info: Redefining \sptext on input line 541.
LaTeX Info: Redefining \. on input line 541.
LaTeX Info: Redefining \% on input line 541.
LaTeX Info: Redefining \sptext on input line 542.
LaTeX Info: Redefining \. on input line 542.
LaTeX Info: Redefining \% on input line 542.
LaTeX Info: Redefining \sptext on input line 543.
LaTeX Info: Redefining \. on input line 543.
LaTeX Info: Redefining \% on input line 543.
LaTeX Info: Redefining \sptext on input line 544.
LaTeX Info: Redefining \. on input line 544.
LaTeX Info: Redefining \% on input line 544.
LaTeX Info: Redefining \sptext on input line 545.
LaTeX Info: Redefining \. on input line 545.
LaTeX Info: Redefining \% on input line 545.
LaTeX Info: Redefining \sptext on input line 546.
LaTeX Info: Redefining \. on input line 546.
LaTeX Info: Redefining \% on input line 546.
LaTeX Info: Redefining \sptext on input line 547.
LaTeX Info: Redefining \. on input line 547.
LaTeX Info: Redefining \% on input line 547.
LaTeX Info: Redefining \sptext on input line 548.
LaTeX Info: Redefining \. on input line 548.
LaTeX Info: Redefining \% on input line 548.
LaTeX Info: Redefining \sptext on input line 549.
LaTeX Info: Redefining \. on input line 549.
LaTeX Info: Redefining \% on input line 549.
LaTeX Info: Redefining \sptext on input line 550.
LaTeX Info: Redefining \. on input line 550.
LaTeX Info: Redefining \% on input line 550.
LaTeX Info: Redefining \sptext on input line 551.
LaTeX Info: Redefining \. on input line 551.
LaTeX Info: Redefining \% on input line 551.
LaTeX Info: Redefining \sptext on input line 552.
LaTeX Info: Redefining \. on input line 552.
LaTeX Info: Redefining \% on input line 552.
LaTeX Info: Redefining \sptext on input line 553.
LaTeX Info: Redefining \. on input line 553.
LaTeX Info: Redefining \% on input line 553.
LaTeX Info: Redefining \sptext on input line 554.
LaTeX Info: Redefining \. on input line 554.
LaTeX Info: Redefining \% on input line 554.
LaTeX Info: Redefining \sptext on input line 555.
LaTeX Info: Redefining \. on input line 555.
LaTeX Info: Redefining \% on input line 555.
LaTeX Info: Redefining \sptext on input line 556.
LaTeX Info: Redefining \. on input line 556.
LaTeX Info: Redefining \% on input line 556.
LaTeX Info: Redefining \sptext on input line 557.
LaTeX Info: Redefining \. on input line 557.
LaTeX Info: Redefining \% on input line 557.
LaTeX Info: Redefining \sptext on input line 558.
LaTeX Info: Redefining \. on input line 558.
LaTeX Info: Redefining \% on input line 558.
LaTeX Info: Redefining \sptext on input line 559.
LaTeX Info: Redefining \. on input line 559.
LaTeX Info: Redefining \% on input line 559.
LaTeX Info: Redefining \sptext on input line 560.
LaTeX Info: Redefining \. on input line 560.
LaTeX Info: Redefining \% on input line 560.
LaTeX Info: Redefining \sptext on input line 561.
LaTeX Info: Redefining \. on input line 561.
LaTeX Info: Redefining \% on input line 561.
LaTeX Info: Redefining \sptext on input line 562.
LaTeX Info: Redefining \. on input line 562.
LaTeX Info: Redefining \% on input line 562.
LaTeX Info: Redefining \sptext on input line 563.
LaTeX Info: Redefining \. on input line 563.
LaTeX Info: Redefining \% on input line 563.
LaTeX Info: Redefining \sptext on input line 564.
LaTeX Info: Redefining \. on input line 564.
LaTeX Info: Redefining \% on input line 564.
LaTeX Info: Redefining \sptext on input line 565.
LaTeX Info: Redefining \. on input line 565.
LaTeX Info: Redefining \% on input line 565.
LaTeX Info: Redefining \sptext on input line 566.
LaTeX Info: Redefining \. on input line 566.
LaTeX Info: Redefining \% on input line 566.
LaTeX Info: Redefining \sptext on input line 567.
LaTeX Info: Redefining \. on input line 567.
LaTeX Info: Redefining \% on input line 567.
LaTeX Info: Redefining \sptext on input line 568.
LaTeX Info: Redefining \. on input line 568.
LaTeX Info: Redefining \% on input line 568.
LaTeX Info: Redefining \sptext on input line 569.
LaTeX Info: Redefining \. on input line 569.
LaTeX Info: Redefining \% on input line 569.
LaTeX Info: Redefining \sptext on input line 570.
LaTeX Info: Redefining \. on input line 570.
LaTeX Info: Redefining \% on input line 570.
LaTeX Info: Redefining \sptext on input line 571.
LaTeX Info: Redefining \. on input line 571.
LaTeX Info: Redefining \% on input line 571.
LaTeX Info: Redefining \sptext on input line 572.
LaTeX Info: Redefining \. on input line 572.
LaTeX Info: Redefining \% on input line 572.
)
\tf@toc=\write7
\openout7 = `main.toc'.

File: ./images/UADE_LARGE.png Graphic file (type png)
<use ./images/UADE_LARGE.png>
Package pdftex.def Info: ./images/UADE_LARGE.png  used on input line 254.
(pdftex.def)             Requested size: 105.2751pt x 36.8594pt.

Overfull \vbox (36.8594pt too high) has occurred while \output is active []


[9] (./main.lof
LaTeX Info: Redefining \sptext on input line 1.
LaTeX Info: Redefining \. on input line 1.
LaTeX Info: Redefining \% on input line 1.
LaTeX Info: Redefining \sptext on input line 8.
LaTeX Info: Redefining \. on input line 8.
LaTeX Info: Redefining \% on input line 8.
LaTeX Info: Redefining \sptext on input line 9.
LaTeX Info: Redefining \. on input line 9.
LaTeX Info: Redefining \% on input line 9.
LaTeX Info: Redefining \sptext on input line 10.
LaTeX Info: Redefining \. on input line 10.
LaTeX Info: Redefining \% on input line 10.
LaTeX Info: Redefining \sptext on input line 11.
LaTeX Info: Redefining \. on input line 11.
LaTeX Info: Redefining \% on input line 11.
LaTeX Info: Redefining \sptext on input line 12.
LaTeX Info: Redefining \. on input line 12.
LaTeX Info: Redefining \% on input line 12.
LaTeX Info: Redefining \sptext on input line 13.
LaTeX Info: Redefining \. on input line 13.
LaTeX Info: Redefining \% on input line 13.
LaTeX Info: Redefining \sptext on input line 14.
LaTeX Info: Redefining \. on input line 14.
LaTeX Info: Redefining \% on input line 14.
LaTeX Info: Redefining \sptext on input line 15.
LaTeX Info: Redefining \. on input line 15.
LaTeX Info: Redefining \% on input line 15.
LaTeX Info: Redefining \sptext on input line 16.
LaTeX Info: Redefining \. on input line 16.
LaTeX Info: Redefining \% on input line 16.
LaTeX Info: Redefining \sptext on input line 17.
LaTeX Info: Redefining \. on input line 17.
LaTeX Info: Redefining \% on input line 17.
LaTeX Info: Redefining \sptext on input line 18.
LaTeX Info: Redefining \. on input line 18.
LaTeX Info: Redefining \% on input line 18.
LaTeX Info: Redefining \sptext on input line 19.
LaTeX Info: Redefining \. on input line 19.
LaTeX Info: Redefining \% on input line 19.
LaTeX Info: Redefining \sptext on input line 20.
LaTeX Info: Redefining \. on input line 20.
LaTeX Info: Redefining \% on input line 20.
LaTeX Info: Redefining \sptext on input line 21.
LaTeX Info: Redefining \. on input line 21.
LaTeX Info: Redefining \% on input line 21.
LaTeX Info: Redefining \sptext on input line 22.
LaTeX Info: Redefining \. on input line 22.
LaTeX Info: Redefining \% on input line 22.
LaTeX Info: Redefining \sptext on input line 23.
LaTeX Info: Redefining \. on input line 23.
LaTeX Info: Redefining \% on input line 23.
LaTeX Info: Redefining \sptext on input line 24.
LaTeX Info: Redefining \. on input line 24.
LaTeX Info: Redefining \% on input line 24.
LaTeX Info: Redefining \sptext on input line 25.
LaTeX Info: Redefining \. on input line 25.
LaTeX Info: Redefining \% on input line 25.
LaTeX Info: Redefining \sptext on input line 26.
LaTeX Info: Redefining \. on input line 26.
LaTeX Info: Redefining \% on input line 26.
LaTeX Info: Redefining \sptext on input line 27.
LaTeX Info: Redefining \. on input line 27.
LaTeX Info: Redefining \% on input line 27.
LaTeX Info: Redefining \sptext on input line 28.
LaTeX Info: Redefining \. on input line 28.
LaTeX Info: Redefining \% on input line 28.
LaTeX Info: Redefining \sptext on input line 29.
LaTeX Info: Redefining \. on input line 29.
LaTeX Info: Redefining \% on input line 29.
LaTeX Info: Redefining \sptext on input line 30.
LaTeX Info: Redefining \. on input line 30.
LaTeX Info: Redefining \% on input line 30.
LaTeX Info: Redefining \sptext on input line 31.
LaTeX Info: Redefining \. on input line 31.
LaTeX Info: Redefining \% on input line 31.
LaTeX Info: Redefining \sptext on input line 32.
LaTeX Info: Redefining \. on input line 32.
LaTeX Info: Redefining \% on input line 32.
LaTeX Info: Redefining \sptext on input line 33.
LaTeX Info: Redefining \. on input line 33.
LaTeX Info: Redefining \% on input line 33.
LaTeX Info: Redefining \sptext on input line 34.
LaTeX Info: Redefining \. on input line 34.
LaTeX Info: Redefining \% on input line 34.
LaTeX Info: Redefining \sptext on input line 35.
LaTeX Info: Redefining \. on input line 35.
LaTeX Info: Redefining \% on input line 35.
LaTeX Info: Redefining \sptext on input line 37.
LaTeX Info: Redefining \. on input line 37.
LaTeX Info: Redefining \% on input line 37.
LaTeX Info: Redefining \sptext on input line 38.
LaTeX Info: Redefining \. on input line 38.
LaTeX Info: Redefining \% on input line 38.
LaTeX Info: Redefining \sptext on input line 39.
LaTeX Info: Redefining \. on input line 39.
LaTeX Info: Redefining \% on input line 39.
LaTeX Info: Redefining \sptext on input line 40.
LaTeX Info: Redefining \. on input line 40.
LaTeX Info: Redefining \% on input line 40.
LaTeX Info: Redefining \sptext on input line 41.
LaTeX Info: Redefining \. on input line 41.
LaTeX Info: Redefining \% on input line 41.
LaTeX Info: Redefining \sptext on input line 42.
LaTeX Info: Redefining \. on input line 42.
LaTeX Info: Redefining \% on input line 42.
LaTeX Info: Redefining \sptext on input line 43.
LaTeX Info: Redefining \. on input line 43.
LaTeX Info: Redefining \% on input line 43.
LaTeX Info: Redefining \sptext on input line 44.
LaTeX Info: Redefining \. on input line 44.
LaTeX Info: Redefining \% on input line 44.
LaTeX Info: Redefining \sptext on input line 45.
LaTeX Info: Redefining \. on input line 45.
LaTeX Info: Redefining \% on input line 45.
LaTeX Info: Redefining \sptext on input line 46.
LaTeX Info: Redefining \. on input line 46.
LaTeX Info: Redefining \% on input line 46.
LaTeX Info: Redefining \sptext on input line 47.
LaTeX Info: Redefining \. on input line 47.
LaTeX Info: Redefining \% on input line 47.
LaTeX Info: Redefining \sptext on input line 48.
LaTeX Info: Redefining \. on input line 48.
LaTeX Info: Redefining \% on input line 48.
LaTeX Info: Redefining \sptext on input line 49.
LaTeX Info: Redefining \. on input line 49.
LaTeX Info: Redefining \% on input line 49.
LaTeX Info: Redefining \sptext on input line 50.
LaTeX Info: Redefining \. on input line 50.
LaTeX Info: Redefining \% on input line 50.
LaTeX Info: Redefining \sptext on input line 51.
LaTeX Info: Redefining \. on input line 51.
LaTeX Info: Redefining \% on input line 51.
LaTeX Info: Redefining \sptext on input line 52.
LaTeX Info: Redefining \. on input line 52.
LaTeX Info: Redefining \% on input line 52.
LaTeX Info: Redefining \sptext on input line 53.
LaTeX Info: Redefining \. on input line 53.
LaTeX Info: Redefining \% on input line 53.
LaTeX Info: Redefining \sptext on input line 54.
LaTeX Info: Redefining \. on input line 54.
LaTeX Info: Redefining \% on input line 54.
LaTeX Info: Redefining \sptext on input line 55.
LaTeX Info: Redefining \. on input line 55.
LaTeX Info: Redefining \% on input line 55.
LaTeX Info: Redefining \sptext on input line 56.
LaTeX Info: Redefining \. on input line 56.
LaTeX Info: Redefining \% on input line 56.
LaTeX Info: Redefining \sptext on input line 57.
LaTeX Info: Redefining \. on input line 57.
LaTeX Info: Redefining \% on input line 57.
LaTeX Info: Redefining \sptext on input line 58.
LaTeX Info: Redefining \. on input line 58.
LaTeX Info: Redefining \% on input line 58.
LaTeX Info: Redefining \sptext on input line 59.
LaTeX Info: Redefining \. on input line 59.
LaTeX Info: Redefining \% on input line 59.
LaTeX Info: Redefining \sptext on input line 60.
LaTeX Info: Redefining \. on input line 60.
LaTeX Info: Redefining \% on input line 60.
LaTeX Info: Redefining \sptext on input line 61.
LaTeX Info: Redefining \. on input line 61.
LaTeX Info: Redefining \% on input line 61.
LaTeX Info: Redefining \sptext on input line 62.
LaTeX Info: Redefining \. on input line 62.
LaTeX Info: Redefining \% on input line 62.
LaTeX Info: Redefining \sptext on input line 63.
LaTeX Info: Redefining \. on input line 63.
LaTeX Info: Redefining \% on input line 63.
LaTeX Info: Redefining \sptext on input line 64.
LaTeX Info: Redefining \. on input line 64.
LaTeX Info: Redefining \% on input line 64.
LaTeX Info: Redefining \sptext on input line 65.
LaTeX Info: Redefining \. on input line 65.
LaTeX Info: Redefining \% on input line 65.
LaTeX Info: Redefining \sptext on input line 66.
LaTeX Info: Redefining \. on input line 66.
LaTeX Info: Redefining \% on input line 66.
LaTeX Info: Redefining \sptext on input line 67.
LaTeX Info: Redefining \. on input line 67.
LaTeX Info: Redefining \% on input line 67.
LaTeX Info: Redefining \sptext on input line 68.
LaTeX Info: Redefining \. on input line 68.
LaTeX Info: Redefining \% on input line 68.
LaTeX Info: Redefining \sptext on input line 69.
LaTeX Info: Redefining \. on input line 69.
LaTeX Info: Redefining \% on input line 69.
LaTeX Info: Redefining \sptext on input line 70.
LaTeX Info: Redefining \. on input line 70.
LaTeX Info: Redefining \% on input line 70.
LaTeX Info: Redefining \sptext on input line 71.
LaTeX Info: Redefining \. on input line 71.
LaTeX Info: Redefining \% on input line 71.
LaTeX Info: Redefining \sptext on input line 72.
LaTeX Info: Redefining \. on input line 72.
LaTeX Info: Redefining \% on input line 72.
LaTeX Info: Redefining \sptext on input line 73.
LaTeX Info: Redefining \. on input line 73.
LaTeX Info: Redefining \% on input line 73.
LaTeX Info: Redefining \sptext on input line 74.
LaTeX Info: Redefining \. on input line 74.
LaTeX Info: Redefining \% on input line 74.
LaTeX Info: Redefining \sptext on input line 75.
LaTeX Info: Redefining \. on input line 75.
LaTeX Info: Redefining \% on input line 75.
LaTeX Info: Redefining \sptext on input line 76.
LaTeX Info: Redefining \. on input line 76.
LaTeX Info: Redefining \% on input line 76.
LaTeX Info: Redefining \sptext on input line 77.
LaTeX Info: Redefining \. on input line 77.
LaTeX Info: Redefining \% on input line 77.
LaTeX Info: Redefining \sptext on input line 78.
LaTeX Info: Redefining \. on input line 78.
LaTeX Info: Redefining \% on input line 78.
LaTeX Info: Redefining \sptext on input line 79.
LaTeX Info: Redefining \. on input line 79.
LaTeX Info: Redefining \% on input line 79.
LaTeX Info: Redefining \sptext on input line 80.
LaTeX Info: Redefining \. on input line 80.
LaTeX Info: Redefining \% on input line 80.
LaTeX Info: Redefining \sptext on input line 81.
LaTeX Info: Redefining \. on input line 81.
LaTeX Info: Redefining \% on input line 81.
LaTeX Info: Redefining \sptext on input line 82.
LaTeX Info: Redefining \. on input line 82.
LaTeX Info: Redefining \% on input line 82.
LaTeX Info: Redefining \sptext on input line 83.
LaTeX Info: Redefining \. on input line 83.
LaTeX Info: Redefining \% on input line 83.
LaTeX Info: Redefining \sptext on input line 84.
LaTeX Info: Redefining \. on input line 84.
LaTeX Info: Redefining \% on input line 84.
LaTeX Info: Redefining \sptext on input line 85.
LaTeX Info: Redefining \. on input line 85.
LaTeX Info: Redefining \% on input line 85.
LaTeX Info: Redefining \sptext on input line 86.
LaTeX Info: Redefining \. on input line 86.
LaTeX Info: Redefining \% on input line 86.
LaTeX Info: Redefining \sptext on input line 87.
LaTeX Info: Redefining \. on input line 87.
LaTeX Info: Redefining \% on input line 87.
LaTeX Info: Redefining \sptext on input line 88.
LaTeX Info: Redefining \. on input line 88.
LaTeX Info: Redefining \% on input line 88.
LaTeX Info: Redefining \sptext on input line 89.
LaTeX Info: Redefining \. on input line 89.
LaTeX Info: Redefining \% on input line 89.
LaTeX Info: Redefining \sptext on input line 90.
LaTeX Info: Redefining \. on input line 90.
LaTeX Info: Redefining \% on input line 90.
LaTeX Info: Redefining \sptext on input line 91.
LaTeX Info: Redefining \. on input line 91.
LaTeX Info: Redefining \% on input line 91.
LaTeX Info: Redefining \sptext on input line 92.
LaTeX Info: Redefining \. on input line 92.
LaTeX Info: Redefining \% on input line 92.
LaTeX Info: Redefining \sptext on input line 93.
LaTeX Info: Redefining \. on input line 93.
LaTeX Info: Redefining \% on input line 93.
LaTeX Info: Redefining \sptext on input line 94.
LaTeX Info: Redefining \. on input line 94.
LaTeX Info: Redefining \% on input line 94.
LaTeX Info: Redefining \sptext on input line 95.
LaTeX Info: Redefining \. on input line 95.
LaTeX Info: Redefining \% on input line 95.
LaTeX Info: Redefining \sptext on input line 96.
LaTeX Info: Redefining \. on input line 96.
LaTeX Info: Redefining \% on input line 96.
LaTeX Info: Redefining \sptext on input line 97.
LaTeX Info: Redefining \. on input line 97.
LaTeX Info: Redefining \% on input line 97.
LaTeX Info: Redefining \sptext on input line 98.
LaTeX Info: Redefining \. on input line 98.
LaTeX Info: Redefining \% on input line 98.
LaTeX Info: Redefining \sptext on input line 100.
LaTeX Info: Redefining \. on input line 100.
LaTeX Info: Redefining \% on input line 100.
LaTeX Info: Redefining \sptext on input line 101.
LaTeX Info: Redefining \. on input line 101.
LaTeX Info: Redefining \% on input line 101.
LaTeX Info: Redefining \sptext on input line 102.
LaTeX Info: Redefining \. on input line 102.
LaTeX Info: Redefining \% on input line 102.
LaTeX Info: Redefining \sptext on input line 103.
LaTeX Info: Redefining \. on input line 103.
LaTeX Info: Redefining \% on input line 103.
LaTeX Info: Redefining \sptext on input line 108.
LaTeX Info: Redefining \. on input line 108.
LaTeX Info: Redefining \% on input line 108.
LaTeX Info: Redefining \sptext on input line 109.
LaTeX Info: Redefining \. on input line 109.
LaTeX Info: Redefining \% on input line 109.
File: ./images/UADE_LARGE.png Graphic file (type png)
<use ./images/UADE_LARGE.png>
Package pdftex.def Info: ./images/UADE_LARGE.png  used on input line 129.
(pdftex.def)             Requested size: 105.2751pt x 36.8594pt.

Overfull \vbox (36.8594pt too high) has occurred while \output is active []


[10]
LaTeX Info: Redefining \sptext on input line 132.
LaTeX Info: Redefining \. on input line 132.
LaTeX Info: Redefining \% on input line 132.
LaTeX Info: Redefining \sptext on input line 133.
LaTeX Info: Redefining \. on input line 133.
LaTeX Info: Redefining \% on input line 133.
LaTeX Info: Redefining \sptext on input line 150.
LaTeX Info: Redefining \. on input line 150.
LaTeX Info: Redefining \% on input line 150.
LaTeX Info: Redefining \sptext on input line 151.
LaTeX Info: Redefining \. on input line 151.
LaTeX Info: Redefining \% on input line 151.
LaTeX Info: Redefining \sptext on input line 152.
LaTeX Info: Redefining \. on input line 152.
LaTeX Info: Redefining \% on input line 152.
LaTeX Info: Redefining \sptext on input line 153.
LaTeX Info: Redefining \. on input line 153.
LaTeX Info: Redefining \% on input line 153.
LaTeX Info: Redefining \sptext on input line 154.
LaTeX Info: Redefining \. on input line 154.
LaTeX Info: Redefining \% on input line 154.
LaTeX Info: Redefining \sptext on input line 155.
LaTeX Info: Redefining \. on input line 155.
LaTeX Info: Redefining \% on input line 155.
LaTeX Info: Redefining \sptext on input line 156.
LaTeX Info: Redefining \. on input line 156.
LaTeX Info: Redefining \% on input line 156.
LaTeX Info: Redefining \sptext on input line 157.
LaTeX Info: Redefining \. on input line 157.
LaTeX Info: Redefining \% on input line 157.
LaTeX Info: Redefining \sptext on input line 158.
LaTeX Info: Redefining \. on input line 158.
LaTeX Info: Redefining \% on input line 158.
LaTeX Info: Redefining \sptext on input line 159.
LaTeX Info: Redefining \. on input line 159.
LaTeX Info: Redefining \% on input line 159.
LaTeX Info: Redefining \sptext on input line 160.
LaTeX Info: Redefining \. on input line 160.
LaTeX Info: Redefining \% on input line 160.
LaTeX Info: Redefining \sptext on input line 161.
LaTeX Info: Redefining \. on input line 161.
LaTeX Info: Redefining \% on input line 161.
LaTeX Info: Redefining \sptext on input line 162.
LaTeX Info: Redefining \. on input line 162.
LaTeX Info: Redefining \% on input line 162.
LaTeX Info: Redefining \sptext on input line 163.
LaTeX Info: Redefining \. on input line 163.
LaTeX Info: Redefining \% on input line 163.
LaTeX Info: Redefining \sptext on input line 164.
LaTeX Info: Redefining \. on input line 164.
LaTeX Info: Redefining \% on input line 164.
LaTeX Info: Redefining \sptext on input line 165.
LaTeX Info: Redefining \. on input line 165.
LaTeX Info: Redefining \% on input line 165.
LaTeX Info: Redefining \sptext on input line 166.
LaTeX Info: Redefining \. on input line 166.
LaTeX Info: Redefining \% on input line 166.
LaTeX Info: Redefining \sptext on input line 167.
LaTeX Info: Redefining \. on input line 167.
LaTeX Info: Redefining \% on input line 167.
LaTeX Info: Redefining \sptext on input line 168.
LaTeX Info: Redefining \. on input line 168.
LaTeX Info: Redefining \% on input line 168.
LaTeX Info: Redefining \sptext on input line 169.
LaTeX Info: Redefining \. on input line 169.
LaTeX Info: Redefining \% on input line 169.
LaTeX Info: Redefining \sptext on input line 170.
LaTeX Info: Redefining \. on input line 170.
LaTeX Info: Redefining \% on input line 170.
LaTeX Info: Redefining \sptext on input line 171.
LaTeX Info: Redefining \. on input line 171.
LaTeX Info: Redefining \% on input line 171.
LaTeX Info: Redefining \sptext on input line 172.
LaTeX Info: Redefining \. on input line 172.
LaTeX Info: Redefining \% on input line 172.
LaTeX Info: Redefining \sptext on input line 173.
LaTeX Info: Redefining \. on input line 173.
LaTeX Info: Redefining \% on input line 173.
LaTeX Info: Redefining \sptext on input line 174.
LaTeX Info: Redefining \. on input line 174.
LaTeX Info: Redefining \% on input line 174.
LaTeX Info: Redefining \sptext on input line 175.
LaTeX Info: Redefining \. on input line 175.
LaTeX Info: Redefining \% on input line 175.
LaTeX Info: Redefining \sptext on input line 176.
LaTeX Info: Redefining \. on input line 176.
LaTeX Info: Redefining \% on input line 176.
LaTeX Info: Redefining \sptext on input line 177.
LaTeX Info: Redefining \. on input line 177.
LaTeX Info: Redefining \% on input line 177.
LaTeX Info: Redefining \sptext on input line 178.
LaTeX Info: Redefining \. on input line 178.
LaTeX Info: Redefining \% on input line 178.
LaTeX Info: Redefining \sptext on input line 179.
LaTeX Info: Redefining \. on input line 179.
LaTeX Info: Redefining \% on input line 179.
LaTeX Info: Redefining \sptext on input line 180.
LaTeX Info: Redefining \. on input line 180.
LaTeX Info: Redefining \% on input line 180.
LaTeX Info: Redefining \sptext on input line 181.
LaTeX Info: Redefining \. on input line 181.
LaTeX Info: Redefining \% on input line 181.
LaTeX Info: Redefining \sptext on input line 182.
LaTeX Info: Redefining \. on input line 182.
LaTeX Info: Redefining \% on input line 182.
LaTeX Info: Redefining \sptext on input line 183.
LaTeX Info: Redefining \. on input line 183.
LaTeX Info: Redefining \% on input line 183.
LaTeX Info: Redefining \sptext on input line 184.
LaTeX Info: Redefining \. on input line 184.
LaTeX Info: Redefining \% on input line 184.
LaTeX Info: Redefining \sptext on input line 185.
LaTeX Info: Redefining \. on input line 185.
LaTeX Info: Redefining \% on input line 185.
LaTeX Info: Redefining \sptext on input line 186.
LaTeX Info: Redefining \. on input line 186.
LaTeX Info: Redefining \% on input line 186.
LaTeX Info: Redefining \sptext on input line 187.
LaTeX Info: Redefining \. on input line 187.
LaTeX Info: Redefining \% on input line 187.
LaTeX Info: Redefining \sptext on input line 188.
LaTeX Info: Redefining \. on input line 188.
LaTeX Info: Redefining \% on input line 188.
LaTeX Info: Redefining \sptext on input line 189.
LaTeX Info: Redefining \. on input line 189.
LaTeX Info: Redefining \% on input line 189.
LaTeX Info: Redefining \sptext on input line 190.
LaTeX Info: Redefining \. on input line 190.
LaTeX Info: Redefining \% on input line 190.
LaTeX Info: Redefining \sptext on input line 191.
LaTeX Info: Redefining \. on input line 191.
LaTeX Info: Redefining \% on input line 191.
LaTeX Info: Redefining \sptext on input line 192.
LaTeX Info: Redefining \. on input line 192.
LaTeX Info: Redefining \% on input line 192.
LaTeX Info: Redefining \sptext on input line 193.
LaTeX Info: Redefining \. on input line 193.
LaTeX Info: Redefining \% on input line 193.
LaTeX Info: Redefining \sptext on input line 194.
LaTeX Info: Redefining \. on input line 194.
LaTeX Info: Redefining \% on input line 194.
LaTeX Info: Redefining \sptext on input line 195.
LaTeX Info: Redefining \. on input line 195.
LaTeX Info: Redefining \% on input line 195.
LaTeX Info: Redefining \sptext on input line 196.
LaTeX Info: Redefining \. on input line 196.
LaTeX Info: Redefining \% on input line 196.
LaTeX Info: Redefining \sptext on input line 197.
LaTeX Info: Redefining \. on input line 197.
LaTeX Info: Redefining \% on input line 197.
LaTeX Info: Redefining \sptext on input line 198.
LaTeX Info: Redefining \. on input line 198.
LaTeX Info: Redefining \% on input line 198.
LaTeX Info: Redefining \sptext on input line 199.
LaTeX Info: Redefining \. on input line 199.
LaTeX Info: Redefining \% on input line 199.
LaTeX Info: Redefining \sptext on input line 200.
LaTeX Info: Redefining \. on input line 200.
LaTeX Info: Redefining \% on input line 200.
LaTeX Info: Redefining \sptext on input line 201.
LaTeX Info: Redefining \. on input line 201.
LaTeX Info: Redefining \% on input line 201.
LaTeX Info: Redefining \sptext on input line 202.
LaTeX Info: Redefining \. on input line 202.
LaTeX Info: Redefining \% on input line 202.
LaTeX Info: Redefining \sptext on input line 203.
LaTeX Info: Redefining \. on input line 203.
LaTeX Info: Redefining \% on input line 203.
LaTeX Info: Redefining \sptext on input line 204.
LaTeX Info: Redefining \. on input line 204.
LaTeX Info: Redefining \% on input line 204.
LaTeX Info: Redefining \sptext on input line 205.
LaTeX Info: Redefining \. on input line 205.
LaTeX Info: Redefining \% on input line 205.
LaTeX Info: Redefining \sptext on input line 206.
LaTeX Info: Redefining \. on input line 206.
LaTeX Info: Redefining \% on input line 206.
LaTeX Info: Redefining \sptext on input line 207.
LaTeX Info: Redefining \. on input line 207.
LaTeX Info: Redefining \% on input line 207.
LaTeX Info: Redefining \sptext on input line 208.
LaTeX Info: Redefining \. on input line 208.
LaTeX Info: Redefining \% on input line 208.
LaTeX Info: Redefining \sptext on input line 209.
LaTeX Info: Redefining \. on input line 209.
LaTeX Info: Redefining \% on input line 209.
LaTeX Info: Redefining \sptext on input line 210.
LaTeX Info: Redefining \. on input line 210.
LaTeX Info: Redefining \% on input line 210.
LaTeX Info: Redefining \sptext on input line 211.
LaTeX Info: Redefining \. on input line 211.
LaTeX Info: Redefining \% on input line 211.
LaTeX Info: Redefining \sptext on input line 212.
LaTeX Info: Redefining \. on input line 212.
LaTeX Info: Redefining \% on input line 212.
LaTeX Info: Redefining \sptext on input line 213.
LaTeX Info: Redefining \. on input line 213.
LaTeX Info: Redefining \% on input line 213.
LaTeX Info: Redefining \sptext on input line 214.
LaTeX Info: Redefining \. on input line 214.
LaTeX Info: Redefining \% on input line 214.
LaTeX Info: Redefining \sptext on input line 215.
LaTeX Info: Redefining \. on input line 215.
LaTeX Info: Redefining \% on input line 215.
LaTeX Info: Redefining \sptext on input line 216.
LaTeX Info: Redefining \. on input line 216.
LaTeX Info: Redefining \% on input line 216.
LaTeX Info: Redefining \sptext on input line 217.
LaTeX Info: Redefining \. on input line 217.
LaTeX Info: Redefining \% on input line 217.
LaTeX Info: Redefining \sptext on input line 218.
LaTeX Info: Redefining \. on input line 218.
LaTeX Info: Redefining \% on input line 218.
LaTeX Info: Redefining \sptext on input line 219.
LaTeX Info: Redefining \. on input line 219.
LaTeX Info: Redefining \% on input line 219.
LaTeX Info: Redefining \sptext on input line 220.
LaTeX Info: Redefining \. on input line 220.
LaTeX Info: Redefining \% on input line 220.
LaTeX Info: Redefining \sptext on input line 221.
LaTeX Info: Redefining \. on input line 221.
LaTeX Info: Redefining \% on input line 221.
LaTeX Info: Redefining \sptext on input line 222.
LaTeX Info: Redefining \. on input line 222.
LaTeX Info: Redefining \% on input line 222.
LaTeX Info: Redefining \sptext on input line 223.
LaTeX Info: Redefining \. on input line 223.
LaTeX Info: Redefining \% on input line 223.
LaTeX Info: Redefining \sptext on input line 224.
LaTeX Info: Redefining \. on input line 224.
LaTeX Info: Redefining \% on input line 224.
LaTeX Info: Redefining \sptext on input line 225.
LaTeX Info: Redefining \. on input line 225.
LaTeX Info: Redefining \% on input line 225.
LaTeX Info: Redefining \sptext on input line 226.
LaTeX Info: Redefining \. on input line 226.
LaTeX Info: Redefining \% on input line 226.
LaTeX Info: Redefining \sptext on input line 227.
LaTeX Info: Redefining \. on input line 227.
LaTeX Info: Redefining \% on input line 227.
LaTeX Info: Redefining \sptext on input line 228.
LaTeX Info: Redefining \. on input line 228.
LaTeX Info: Redefining \% on input line 228.
LaTeX Info: Redefining \sptext on input line 229.
LaTeX Info: Redefining \. on input line 229.
LaTeX Info: Redefining \% on input line 229.
LaTeX Info: Redefining \sptext on input line 230.
LaTeX Info: Redefining \. on input line 230.
LaTeX Info: Redefining \% on input line 230.
LaTeX Info: Redefining \sptext on input line 231.
LaTeX Info: Redefining \. on input line 231.
LaTeX Info: Redefining \% on input line 231.
LaTeX Info: Redefining \sptext on input line 232.
LaTeX Info: Redefining \. on input line 232.
LaTeX Info: Redefining \% on input line 232.
LaTeX Info: Redefining \sptext on input line 233.
LaTeX Info: Redefining \. on input line 233.
LaTeX Info: Redefining \% on input line 233.
LaTeX Info: Redefining \sptext on input line 234.
LaTeX Info: Redefining \. on input line 234.
LaTeX Info: Redefining \% on input line 234.
LaTeX Info: Redefining \sptext on input line 235.
LaTeX Info: Redefining \. on input line 235.
LaTeX Info: Redefining \% on input line 235.
LaTeX Info: Redefining \sptext on input line 236.
LaTeX Info: Redefining \. on input line 236.
LaTeX Info: Redefining \% on input line 236.
LaTeX Info: Redefining \sptext on input line 237.
LaTeX Info: Redefining \. on input line 237.
LaTeX Info: Redefining \% on input line 237.
LaTeX Info: Redefining \sptext on input line 238.
LaTeX Info: Redefining \. on input line 238.
LaTeX Info: Redefining \% on input line 238.
LaTeX Info: Redefining \sptext on input line 239.
LaTeX Info: Redefining \. on input line 239.
LaTeX Info: Redefining \% on input line 239.
LaTeX Info: Redefining \sptext on input line 240.
LaTeX Info: Redefining \. on input line 240.
LaTeX Info: Redefining \% on input line 240.
LaTeX Info: Redefining \sptext on input line 241.
LaTeX Info: Redefining \. on input line 241.
LaTeX Info: Redefining \% on input line 241.
LaTeX Info: Redefining \sptext on input line 242.
LaTeX Info: Redefining \. on input line 242.
LaTeX Info: Redefining \% on input line 242.
LaTeX Info: Redefining \sptext on input line 243.
LaTeX Info: Redefining \. on input line 243.
LaTeX Info: Redefining \% on input line 243.
LaTeX Info: Redefining \sptext on input line 244.
LaTeX Info: Redefining \. on input line 244.
LaTeX Info: Redefining \% on input line 244.
LaTeX Info: Redefining \sptext on input line 245.
LaTeX Info: Redefining \. on input line 245.
LaTeX Info: Redefining \% on input line 245.
LaTeX Info: Redefining \sptext on input line 246.
LaTeX Info: Redefining \. on input line 246.
LaTeX Info: Redefining \% on input line 246.
LaTeX Info: Redefining \sptext on input line 247.
LaTeX Info: Redefining \. on input line 247.
LaTeX Info: Redefining \% on input line 247.
LaTeX Info: Redefining \sptext on input line 248.
LaTeX Info: Redefining \. on input line 248.
LaTeX Info: Redefining \% on input line 248.
LaTeX Info: Redefining \sptext on input line 249.
LaTeX Info: Redefining \. on input line 249.
LaTeX Info: Redefining \% on input line 249.
LaTeX Info: Redefining \sptext on input line 250.
LaTeX Info: Redefining \. on input line 250.
LaTeX Info: Redefining \% on input line 250.
LaTeX Info: Redefining \sptext on input line 251.
LaTeX Info: Redefining \. on input line 251.
LaTeX Info: Redefining \% on input line 251.
LaTeX Info: Redefining \sptext on input line 252.
LaTeX Info: Redefining \. on input line 252.
LaTeX Info: Redefining \% on input line 252.
LaTeX Info: Redefining \sptext on input line 253.
LaTeX Info: Redefining \. on input line 253.
LaTeX Info: Redefining \% on input line 253.
LaTeX Info: Redefining \sptext on input line 254.
LaTeX Info: Redefining \. on input line 254.
LaTeX Info: Redefining \% on input line 254.
LaTeX Info: Redefining \sptext on input line 255.
LaTeX Info: Redefining \. on input line 255.
LaTeX Info: Redefining \% on input line 255.
LaTeX Info: Redefining \sptext on input line 256.
LaTeX Info: Redefining \. on input line 256.
LaTeX Info: Redefining \% on input line 256.
LaTeX Info: Redefining \sptext on input line 257.
LaTeX Info: Redefining \. on input line 257.
LaTeX Info: Redefining \% on input line 257.
LaTeX Info: Redefining \sptext on input line 258.
LaTeX Info: Redefining \. on input line 258.
LaTeX Info: Redefining \% on input line 258.
LaTeX Info: Redefining \sptext on input line 259.
LaTeX Info: Redefining \. on input line 259.
LaTeX Info: Redefining \% on input line 259.
LaTeX Info: Redefining \sptext on input line 260.
LaTeX Info: Redefining \. on input line 260.
LaTeX Info: Redefining \% on input line 260.
LaTeX Info: Redefining \sptext on input line 261.
LaTeX Info: Redefining \. on input line 261.
LaTeX Info: Redefining \% on input line 261.
LaTeX Info: Redefining \sptext on input line 262.
LaTeX Info: Redefining \. on input line 262.
LaTeX Info: Redefining \% on input line 262.
LaTeX Info: Redefining \sptext on input line 263.
LaTeX Info: Redefining \. on input line 263.
LaTeX Info: Redefining \% on input line 263.
LaTeX Info: Redefining \sptext on input line 264.
LaTeX Info: Redefining \. on input line 264.
LaTeX Info: Redefining \% on input line 264.
LaTeX Info: Redefining \sptext on input line 265.
LaTeX Info: Redefining \. on input line 265.
LaTeX Info: Redefining \% on input line 265.
LaTeX Info: Redefining \sptext on input line 266.
LaTeX Info: Redefining \. on input line 266.
LaTeX Info: Redefining \% on input line 266.
LaTeX Info: Redefining \sptext on input line 267.
LaTeX Info: Redefining \. on input line 267.
LaTeX Info: Redefining \% on input line 267.
LaTeX Info: Redefining \sptext on input line 268.
LaTeX Info: Redefining \. on input line 268.
LaTeX Info: Redefining \% on input line 268.
LaTeX Info: Redefining \sptext on input line 269.
LaTeX Info: Redefining \. on input line 269.
LaTeX Info: Redefining \% on input line 269.
LaTeX Info: Redefining \sptext on input line 270.
LaTeX Info: Redefining \. on input line 270.
LaTeX Info: Redefining \% on input line 270.
LaTeX Info: Redefining \sptext on input line 271.
LaTeX Info: Redefining \. on input line 271.
LaTeX Info: Redefining \% on input line 271.
LaTeX Info: Redefining \sptext on input line 272.
LaTeX Info: Redefining \. on input line 272.
LaTeX Info: Redefining \% on input line 272.
LaTeX Info: Redefining \sptext on input line 273.
LaTeX Info: Redefining \. on input line 273.
LaTeX Info: Redefining \% on input line 273.
LaTeX Info: Redefining \sptext on input line 274.
LaTeX Info: Redefining \. on input line 274.
LaTeX Info: Redefining \% on input line 274.
LaTeX Info: Redefining \sptext on input line 275.
LaTeX Info: Redefining \. on input line 275.
LaTeX Info: Redefining \% on input line 275.
LaTeX Info: Redefining \sptext on input line 276.
LaTeX Info: Redefining \. on input line 276.
LaTeX Info: Redefining \% on input line 276.
LaTeX Info: Redefining \sptext on input line 277.
LaTeX Info: Redefining \. on input line 277.
LaTeX Info: Redefining \% on input line 277.
LaTeX Info: Redefining \sptext on input line 278.
LaTeX Info: Redefining \. on input line 278.
LaTeX Info: Redefining \% on input line 278.
LaTeX Info: Redefining \sptext on input line 279.
LaTeX Info: Redefining \. on input line 279.
LaTeX Info: Redefining \% on input line 279.
LaTeX Info: Redefining \sptext on input line 280.
LaTeX Info: Redefining \. on input line 280.
LaTeX Info: Redefining \% on input line 280.
LaTeX Info: Redefining \sptext on input line 281.
LaTeX Info: Redefining \. on input line 281.
LaTeX Info: Redefining \% on input line 281.
LaTeX Info: Redefining \sptext on input line 282.
LaTeX Info: Redefining \. on input line 282.
LaTeX Info: Redefining \% on input line 282.
LaTeX Info: Redefining \sptext on input line 283.
LaTeX Info: Redefining \. on input line 283.
LaTeX Info: Redefining \% on input line 283.
LaTeX Info: Redefining \sptext on input line 284.
LaTeX Info: Redefining \. on input line 284.
LaTeX Info: Redefining \% on input line 284.
LaTeX Info: Redefining \sptext on input line 285.
LaTeX Info: Redefining \. on input line 285.
LaTeX Info: Redefining \% on input line 285.
LaTeX Info: Redefining \sptext on input line 286.
LaTeX Info: Redefining \. on input line 286.
LaTeX Info: Redefining \% on input line 286.
LaTeX Info: Redefining \sptext on input line 287.
LaTeX Info: Redefining \. on input line 287.
LaTeX Info: Redefining \% on input line 287.
LaTeX Info: Redefining \sptext on input line 288.
LaTeX Info: Redefining \. on input line 288.
LaTeX Info: Redefining \% on input line 288.
LaTeX Info: Redefining \sptext on input line 289.
LaTeX Info: Redefining \. on input line 289.
LaTeX Info: Redefining \% on input line 289.
LaTeX Info: Redefining \sptext on input line 290.
LaTeX Info: Redefining \. on input line 290.
LaTeX Info: Redefining \% on input line 290.
LaTeX Info: Redefining \sptext on input line 291.
LaTeX Info: Redefining \. on input line 291.
LaTeX Info: Redefining \% on input line 291.
LaTeX Info: Redefining \sptext on input line 292.
LaTeX Info: Redefining \. on input line 292.
LaTeX Info: Redefining \% on input line 292.
LaTeX Info: Redefining \sptext on input line 293.
LaTeX Info: Redefining \. on input line 293.
LaTeX Info: Redefining \% on input line 293.
LaTeX Info: Redefining \sptext on input line 294.
LaTeX Info: Redefining \. on input line 294.
LaTeX Info: Redefining \% on input line 294.
LaTeX Info: Redefining \sptext on input line 295.
LaTeX Info: Redefining \. on input line 295.
LaTeX Info: Redefining \% on input line 295.
LaTeX Info: Redefining \sptext on input line 296.
LaTeX Info: Redefining \. on input line 296.
LaTeX Info: Redefining \% on input line 296.
LaTeX Info: Redefining \sptext on input line 297.
LaTeX Info: Redefining \. on input line 297.
LaTeX Info: Redefining \% on input line 297.
LaTeX Info: Redefining \sptext on input line 298.
LaTeX Info: Redefining \. on input line 298.
LaTeX Info: Redefining \% on input line 298.
LaTeX Info: Redefining \sptext on input line 299.
LaTeX Info: Redefining \. on input line 299.
LaTeX Info: Redefining \% on input line 299.
LaTeX Info: Redefining \sptext on input line 300.
LaTeX Info: Redefining \. on input line 300.
LaTeX Info: Redefining \% on input line 300.
LaTeX Info: Redefining \sptext on input line 301.
LaTeX Info: Redefining \. on input line 301.
LaTeX Info: Redefining \% on input line 301.
LaTeX Info: Redefining \sptext on input line 302.
LaTeX Info: Redefining \. on input line 302.
LaTeX Info: Redefining \% on input line 302.
LaTeX Info: Redefining \sptext on input line 303.
LaTeX Info: Redefining \. on input line 303.
LaTeX Info: Redefining \% on input line 303.
LaTeX Info: Redefining \sptext on input line 304.
LaTeX Info: Redefining \. on input line 304.
LaTeX Info: Redefining \% on input line 304.
LaTeX Info: Redefining \sptext on input line 305.
LaTeX Info: Redefining \. on input line 305.
LaTeX Info: Redefining \% on input line 305.
LaTeX Info: Redefining \sptext on input line 306.
LaTeX Info: Redefining \. on input line 306.
LaTeX Info: Redefining \% on input line 306.
LaTeX Info: Redefining \sptext on input line 307.
LaTeX Info: Redefining \. on input line 307.
LaTeX Info: Redefining \% on input line 307.
LaTeX Info: Redefining \sptext on input line 308.
LaTeX Info: Redefining \. on input line 308.
LaTeX Info: Redefining \% on input line 308.
LaTeX Info: Redefining \sptext on input line 309.
LaTeX Info: Redefining \. on input line 309.
LaTeX Info: Redefining \% on input line 309.
LaTeX Info: Redefining \sptext on input line 310.
LaTeX Info: Redefining \. on input line 310.
LaTeX Info: Redefining \% on input line 310.
LaTeX Info: Redefining \sptext on input line 311.
LaTeX Info: Redefining \. on input line 311.
LaTeX Info: Redefining \% on input line 311.
LaTeX Info: Redefining \sptext on input line 312.
LaTeX Info: Redefining \. on input line 312.
LaTeX Info: Redefining \% on input line 312.
LaTeX Info: Redefining \sptext on input line 313.
LaTeX Info: Redefining \. on input line 313.
LaTeX Info: Redefining \% on input line 313.
LaTeX Info: Redefining \sptext on input line 314.
LaTeX Info: Redefining \. on input line 314.
LaTeX Info: Redefining \% on input line 314.
LaTeX Info: Redefining \sptext on input line 315.
LaTeX Info: Redefining \. on input line 315.
LaTeX Info: Redefining \% on input line 315.
LaTeX Info: Redefining \sptext on input line 316.
LaTeX Info: Redefining \. on input line 316.
LaTeX Info: Redefining \% on input line 316.
LaTeX Info: Redefining \sptext on input line 317.
LaTeX Info: Redefining \. on input line 317.
LaTeX Info: Redefining \% on input line 317.
LaTeX Info: Redefining \sptext on input line 318.
LaTeX Info: Redefining \. on input line 318.
LaTeX Info: Redefining \% on input line 318.
LaTeX Info: Redefining \sptext on input line 319.
LaTeX Info: Redefining \. on input line 319.
LaTeX Info: Redefining \% on input line 319.
LaTeX Info: Redefining \sptext on input line 320.
LaTeX Info: Redefining \. on input line 320.
LaTeX Info: Redefining \% on input line 320.
LaTeX Info: Redefining \sptext on input line 321.
LaTeX Info: Redefining \. on input line 321.
LaTeX Info: Redefining \% on input line 321.
LaTeX Info: Redefining \sptext on input line 322.
LaTeX Info: Redefining \. on input line 322.
LaTeX Info: Redefining \% on input line 322.
LaTeX Info: Redefining \sptext on input line 323.
LaTeX Info: Redefining \. on input line 323.
LaTeX Info: Redefining \% on input line 323.
LaTeX Info: Redefining \sptext on input line 324.
LaTeX Info: Redefining \. on input line 324.
LaTeX Info: Redefining \% on input line 324.
LaTeX Info: Redefining \sptext on input line 325.
LaTeX Info: Redefining \. on input line 325.
LaTeX Info: Redefining \% on input line 325.
LaTeX Info: Redefining \sptext on input line 326.
LaTeX Info: Redefining \. on input line 326.
LaTeX Info: Redefining \% on input line 326.
LaTeX Info: Redefining \sptext on input line 327.
LaTeX Info: Redefining \. on input line 327.
LaTeX Info: Redefining \% on input line 327.
LaTeX Info: Redefining \sptext on input line 328.
LaTeX Info: Redefining \. on input line 328.
LaTeX Info: Redefining \% on input line 328.
LaTeX Info: Redefining \sptext on input line 329.
LaTeX Info: Redefining \. on input line 329.
LaTeX Info: Redefining \% on input line 329.
LaTeX Info: Redefining \sptext on input line 330.
LaTeX Info: Redefining \. on input line 330.
LaTeX Info: Redefining \% on input line 330.
LaTeX Info: Redefining \sptext on input line 331.
LaTeX Info: Redefining \. on input line 331.
LaTeX Info: Redefining \% on input line 331.
LaTeX Info: Redefining \sptext on input line 332.
LaTeX Info: Redefining \. on input line 332.
LaTeX Info: Redefining \% on input line 332.
LaTeX Info: Redefining \sptext on input line 333.
LaTeX Info: Redefining \. on input line 333.
LaTeX Info: Redefining \% on input line 333.
LaTeX Info: Redefining \sptext on input line 334.
LaTeX Info: Redefining \. on input line 334.
LaTeX Info: Redefining \% on input line 334.
LaTeX Info: Redefining \sptext on input line 335.
LaTeX Info: Redefining \. on input line 335.
LaTeX Info: Redefining \% on input line 335.
LaTeX Info: Redefining \sptext on input line 336.
LaTeX Info: Redefining \. on input line 336.
LaTeX Info: Redefining \% on input line 336.
LaTeX Info: Redefining \sptext on input line 337.
LaTeX Info: Redefining \. on input line 337.
LaTeX Info: Redefining \% on input line 337.
LaTeX Info: Redefining \sptext on input line 338.
LaTeX Info: Redefining \. on input line 338.
LaTeX Info: Redefining \% on input line 338.
LaTeX Info: Redefining \sptext on input line 339.
LaTeX Info: Redefining \. on input line 339.
LaTeX Info: Redefining \% on input line 339.
LaTeX Info: Redefining \sptext on input line 340.
LaTeX Info: Redefining \. on input line 340.
LaTeX Info: Redefining \% on input line 340.
LaTeX Info: Redefining \sptext on input line 341.
LaTeX Info: Redefining \. on input line 341.
LaTeX Info: Redefining \% on input line 341.
LaTeX Info: Redefining \sptext on input line 342.
LaTeX Info: Redefining \. on input line 342.
LaTeX Info: Redefining \% on input line 342.
LaTeX Info: Redefining \sptext on input line 343.
LaTeX Info: Redefining \. on input line 343.
LaTeX Info: Redefining \% on input line 343.
LaTeX Info: Redefining \sptext on input line 344.
LaTeX Info: Redefining \. on input line 344.
LaTeX Info: Redefining \% on input line 344.
LaTeX Info: Redefining \sptext on input line 345.
LaTeX Info: Redefining \. on input line 345.
LaTeX Info: Redefining \% on input line 345.
LaTeX Info: Redefining \sptext on input line 346.
LaTeX Info: Redefining \. on input line 346.
LaTeX Info: Redefining \% on input line 346.
LaTeX Info: Redefining \sptext on input line 347.
LaTeX Info: Redefining \. on input line 347.
LaTeX Info: Redefining \% on input line 347.
LaTeX Info: Redefining \sptext on input line 348.
LaTeX Info: Redefining \. on input line 348.
LaTeX Info: Redefining \% on input line 348.
LaTeX Info: Redefining \sptext on input line 349.
LaTeX Info: Redefining \. on input line 349.
LaTeX Info: Redefining \% on input line 349.
LaTeX Info: Redefining \sptext on input line 350.
LaTeX Info: Redefining \. on input line 350.
LaTeX Info: Redefining \% on input line 350.
LaTeX Info: Redefining \sptext on input line 351.
LaTeX Info: Redefining \. on input line 351.
LaTeX Info: Redefining \% on input line 351.
LaTeX Info: Redefining \sptext on input line 352.
LaTeX Info: Redefining \. on input line 352.
LaTeX Info: Redefining \% on input line 352.
LaTeX Info: Redefining \sptext on input line 353.
LaTeX Info: Redefining \. on input line 353.
LaTeX Info: Redefining \% on input line 353.
LaTeX Info: Redefining \sptext on input line 354.
LaTeX Info: Redefining \. on input line 354.
LaTeX Info: Redefining \% on input line 354.
LaTeX Info: Redefining \sptext on input line 355.
LaTeX Info: Redefining \. on input line 355.
LaTeX Info: Redefining \% on input line 355.
LaTeX Info: Redefining \sptext on input line 356.
LaTeX Info: Redefining \. on input line 356.
LaTeX Info: Redefining \% on input line 356.
LaTeX Info: Redefining \sptext on input line 357.
LaTeX Info: Redefining \. on input line 357.
LaTeX Info: Redefining \% on input line 357.
)
\tf@lof=\write8
\openout8 = `main.lof'.

File: ./images/UADE_LARGE.png Graphic file (type png)
<use ./images/UADE_LARGE.png>
Package pdftex.def Info: ./images/UADE_LARGE.png  used on input line 256.
(pdftex.def)             Requested size: 105.2751pt x 36.8594pt.

Overfull \vbox (36.8594pt too high) has occurred while \output is active []


[11] (./main.lot
LaTeX Info: Redefining \sptext on input line 1.
LaTeX Info: Redefining \. on input line 1.
LaTeX Info: Redefining \% on input line 1.
LaTeX Info: Redefining \sptext on input line 9.
LaTeX Info: Redefining \. on input line 9.
LaTeX Info: Redefining \% on input line 9.
LaTeX Info: Redefining \sptext on input line 10.
LaTeX Info: Redefining \. on input line 10.
LaTeX Info: Redefining \% on input line 10.
LaTeX Info: Redefining \sptext on input line 11.
LaTeX Info: Redefining \. on input line 11.
LaTeX Info: Redefining \% on input line 11.
LaTeX Info: Redefining \sptext on input line 12.
LaTeX Info: Redefining \. on input line 12.
LaTeX Info: Redefining \% on input line 12.
LaTeX Info: Redefining \sptext on input line 13.
LaTeX Info: Redefining \. on input line 13.
LaTeX Info: Redefining \% on input line 13.
LaTeX Info: Redefining \sptext on input line 14.
LaTeX Info: Redefining \. on input line 14.
LaTeX Info: Redefining \% on input line 14.
LaTeX Info: Redefining \sptext on input line 15.
LaTeX Info: Redefining \. on input line 15.
LaTeX Info: Redefining \% on input line 15.
LaTeX Info: Redefining \sptext on input line 16.
LaTeX Info: Redefining \. on input line 16.
LaTeX Info: Redefining \% on input line 16.
LaTeX Info: Redefining \sptext on input line 17.
LaTeX Info: Redefining \. on input line 17.
LaTeX Info: Redefining \% on input line 17.
LaTeX Info: Redefining \sptext on input line 18.
LaTeX Info: Redefining \. on input line 18.
LaTeX Info: Redefining \% on input line 18.
LaTeX Info: Redefining \sptext on input line 19.
LaTeX Info: Redefining \. on input line 19.
LaTeX Info: Redefining \% on input line 19.
LaTeX Info: Redefining \sptext on input line 20.
LaTeX Info: Redefining \. on input line 20.
LaTeX Info: Redefining \% on input line 20.
LaTeX Info: Redefining \sptext on input line 21.
LaTeX Info: Redefining \. on input line 21.
LaTeX Info: Redefining \% on input line 21.
LaTeX Info: Redefining \sptext on input line 22.
LaTeX Info: Redefining \. on input line 22.
LaTeX Info: Redefining \% on input line 22.
LaTeX Info: Redefining \sptext on input line 23.
LaTeX Info: Redefining \. on input line 23.
LaTeX Info: Redefining \% on input line 23.
LaTeX Info: Redefining \sptext on input line 24.
LaTeX Info: Redefining \. on input line 24.
LaTeX Info: Redefining \% on input line 24.
LaTeX Info: Redefining \sptext on input line 25.
LaTeX Info: Redefining \. on input line 25.
LaTeX Info: Redefining \% on input line 25.
LaTeX Info: Redefining \sptext on input line 26.
LaTeX Info: Redefining \. on input line 26.
LaTeX Info: Redefining \% on input line 26.
LaTeX Info: Redefining \sptext on input line 27.
LaTeX Info: Redefining \. on input line 27.
LaTeX Info: Redefining \% on input line 27.
LaTeX Info: Redefining \sptext on input line 28.
LaTeX Info: Redefining \. on input line 28.
LaTeX Info: Redefining \% on input line 28.
LaTeX Info: Redefining \sptext on input line 29.
LaTeX Info: Redefining \. on input line 29.
LaTeX Info: Redefining \% on input line 29.
LaTeX Info: Redefining \sptext on input line 30.
LaTeX Info: Redefining \. on input line 30.
LaTeX Info: Redefining \% on input line 30.
LaTeX Info: Redefining \sptext on input line 31.
LaTeX Info: Redefining \. on input line 31.
LaTeX Info: Redefining \% on input line 31.
LaTeX Info: Redefining \sptext on input line 32.
LaTeX Info: Redefining \. on input line 32.
LaTeX Info: Redefining \% on input line 32.
LaTeX Info: Redefining \sptext on input line 33.
LaTeX Info: Redefining \. on input line 33.
LaTeX Info: Redefining \% on input line 33.
LaTeX Info: Redefining \sptext on input line 34.
LaTeX Info: Redefining \. on input line 34.
LaTeX Info: Redefining \% on input line 34.
LaTeX Info: Redefining \sptext on input line 35.
LaTeX Info: Redefining \. on input line 35.
LaTeX Info: Redefining \% on input line 35.
LaTeX Info: Redefining \sptext on input line 36.
LaTeX Info: Redefining \. on input line 36.
LaTeX Info: Redefining \% on input line 36.
LaTeX Info: Redefining \sptext on input line 43.
LaTeX Info: Redefining \. on input line 43.
LaTeX Info: Redefining \% on input line 43.
LaTeX Info: Redefining \sptext on input line 44.
LaTeX Info: Redefining \. on input line 44.
LaTeX Info: Redefining \% on input line 44.
LaTeX Info: Redefining \sptext on input line 45.
LaTeX Info: Redefining \. on input line 45.
LaTeX Info: Redefining \% on input line 45.
LaTeX Info: Redefining \sptext on input line 46.
LaTeX Info: Redefining \. on input line 46.
LaTeX Info: Redefining \% on input line 46.
LaTeX Info: Redefining \sptext on input line 47.
LaTeX Info: Redefining \. on input line 47.
LaTeX Info: Redefining \% on input line 47.
LaTeX Info: Redefining \sptext on input line 48.
LaTeX Info: Redefining \. on input line 48.
LaTeX Info: Redefining \% on input line 48.
LaTeX Info: Redefining \sptext on input line 49.
LaTeX Info: Redefining \. on input line 49.
LaTeX Info: Redefining \% on input line 49.
LaTeX Info: Redefining \sptext on input line 50.
LaTeX Info: Redefining \. on input line 50.
LaTeX Info: Redefining \% on input line 50.
LaTeX Info: Redefining \sptext on input line 51.
LaTeX Info: Redefining \. on input line 51.
LaTeX Info: Redefining \% on input line 51.
LaTeX Info: Redefining \sptext on input line 52.
LaTeX Info: Redefining \. on input line 52.
LaTeX Info: Redefining \% on input line 52.
LaTeX Info: Redefining \sptext on input line 53.
LaTeX Info: Redefining \. on input line 53.
LaTeX Info: Redefining \% on input line 53.
LaTeX Info: Redefining \sptext on input line 54.
LaTeX Info: Redefining \. on input line 54.
LaTeX Info: Redefining \% on input line 54.
LaTeX Info: Redefining \sptext on input line 55.
LaTeX Info: Redefining \. on input line 55.
LaTeX Info: Redefining \% on input line 55.
LaTeX Info: Redefining \sptext on input line 56.
LaTeX Info: Redefining \. on input line 56.
LaTeX Info: Redefining \% on input line 56.
LaTeX Info: Redefining \sptext on input line 57.
LaTeX Info: Redefining \. on input line 57.
LaTeX Info: Redefining \% on input line 57.
LaTeX Info: Redefining \sptext on input line 58.
LaTeX Info: Redefining \. on input line 58.
LaTeX Info: Redefining \% on input line 58.
LaTeX Info: Redefining \sptext on input line 59.
LaTeX Info: Redefining \. on input line 59.
LaTeX Info: Redefining \% on input line 59.
LaTeX Info: Redefining \sptext on input line 60.
LaTeX Info: Redefining \. on input line 60.
LaTeX Info: Redefining \% on input line 60.
LaTeX Info: Redefining \sptext on input line 61.
LaTeX Info: Redefining \. on input line 61.
LaTeX Info: Redefining \% on input line 61.
LaTeX Info: Redefining \sptext on input line 62.
LaTeX Info: Redefining \. on input line 62.
LaTeX Info: Redefining \% on input line 62.
LaTeX Info: Redefining \sptext on input line 63.
LaTeX Info: Redefining \. on input line 63.
LaTeX Info: Redefining \% on input line 63.
LaTeX Info: Redefining \sptext on input line 64.
LaTeX Info: Redefining \. on input line 64.
LaTeX Info: Redefining \% on input line 64.
LaTeX Info: Redefining \sptext on input line 65.
LaTeX Info: Redefining \. on input line 65.
LaTeX Info: Redefining \% on input line 65.
LaTeX Info: Redefining \sptext on input line 66.
LaTeX Info: Redefining \. on input line 66.
LaTeX Info: Redefining \% on input line 66.
LaTeX Info: Redefining \sptext on input line 67.
LaTeX Info: Redefining \. on input line 67.
LaTeX Info: Redefining \% on input line 67.
LaTeX Info: Redefining \sptext on input line 68.
LaTeX Info: Redefining \. on input line 68.
LaTeX Info: Redefining \% on input line 68.
LaTeX Info: Redefining \sptext on input line 69.
LaTeX Info: Redefining \. on input line 69.
LaTeX Info: Redefining \% on input line 69.
LaTeX Info: Redefining \sptext on input line 70.
LaTeX Info: Redefining \. on input line 70.
LaTeX Info: Redefining \% on input line 70.
LaTeX Info: Redefining \sptext on input line 71.
LaTeX Info: Redefining \. on input line 71.
LaTeX Info: Redefining \% on input line 71.
LaTeX Info: Redefining \sptext on input line 72.
LaTeX Info: Redefining \. on input line 72.
LaTeX Info: Redefining \% on input line 72.
LaTeX Info: Redefining \sptext on input line 73.
LaTeX Info: Redefining \. on input line 73.
LaTeX Info: Redefining \% on input line 73.
LaTeX Info: Redefining \sptext on input line 74.
LaTeX Info: Redefining \. on input line 74.
LaTeX Info: Redefining \% on input line 74.
LaTeX Info: Redefining \sptext on input line 75.
LaTeX Info: Redefining \. on input line 75.
LaTeX Info: Redefining \% on input line 75.
LaTeX Info: Redefining \sptext on input line 76.
LaTeX Info: Redefining \. on input line 76.
LaTeX Info: Redefining \% on input line 76.
LaTeX Info: Redefining \sptext on input line 77.
LaTeX Info: Redefining \. on input line 77.
LaTeX Info: Redefining \% on input line 77.
LaTeX Info: Redefining \sptext on input line 78.
LaTeX Info: Redefining \. on input line 78.
LaTeX Info: Redefining \% on input line 78.
LaTeX Info: Redefining \sptext on input line 79.
LaTeX Info: Redefining \. on input line 79.
LaTeX Info: Redefining \% on input line 79.
LaTeX Info: Redefining \sptext on input line 80.
LaTeX Info: Redefining \. on input line 80.
LaTeX Info: Redefining \% on input line 80.
LaTeX Info: Redefining \sptext on input line 81.
LaTeX Info: Redefining \. on input line 81.
LaTeX Info: Redefining \% on input line 81.
LaTeX Info: Redefining \sptext on input line 82.
LaTeX Info: Redefining \. on input line 82.
LaTeX Info: Redefining \% on input line 82.
LaTeX Info: Redefining \sptext on input line 83.
LaTeX Info: Redefining \. on input line 83.
LaTeX Info: Redefining \% on input line 83.
LaTeX Info: Redefining \sptext on input line 84.
LaTeX Info: Redefining \. on input line 84.
LaTeX Info: Redefining \% on input line 84.
LaTeX Info: Redefining \sptext on input line 85.
LaTeX Info: Redefining \. on input line 85.
LaTeX Info: Redefining \% on input line 85.
LaTeX Info: Redefining \sptext on input line 86.
LaTeX Info: Redefining \. on input line 86.
LaTeX Info: Redefining \% on input line 86.
LaTeX Info: Redefining \sptext on input line 87.
LaTeX Info: Redefining \. on input line 87.
LaTeX Info: Redefining \% on input line 87.
LaTeX Info: Redefining \sptext on input line 88.
LaTeX Info: Redefining \. on input line 88.
LaTeX Info: Redefining \% on input line 88.
LaTeX Info: Redefining \sptext on input line 89.
LaTeX Info: Redefining \. on input line 89.
LaTeX Info: Redefining \% on input line 89.
LaTeX Info: Redefining \sptext on input line 90.
LaTeX Info: Redefining \. on input line 90.
LaTeX Info: Redefining \% on input line 90.
LaTeX Info: Redefining \sptext on input line 91.
LaTeX Info: Redefining \. on input line 91.
LaTeX Info: Redefining \% on input line 91.
LaTeX Info: Redefining \sptext on input line 92.
LaTeX Info: Redefining \. on input line 92.
LaTeX Info: Redefining \% on input line 92.
LaTeX Info: Redefining \sptext on input line 93.
LaTeX Info: Redefining \. on input line 93.
LaTeX Info: Redefining \% on input line 93.
LaTeX Info: Redefining \sptext on input line 94.
LaTeX Info: Redefining \. on input line 94.
LaTeX Info: Redefining \% on input line 94.
LaTeX Info: Redefining \sptext on input line 95.
LaTeX Info: Redefining \. on input line 95.
LaTeX Info: Redefining \% on input line 95.
LaTeX Info: Redefining \sptext on input line 96.
LaTeX Info: Redefining \. on input line 96.
LaTeX Info: Redefining \% on input line 96.
LaTeX Info: Redefining \sptext on input line 97.
LaTeX Info: Redefining \. on input line 97.
LaTeX Info: Redefining \% on input line 97.
LaTeX Info: Redefining \sptext on input line 98.
LaTeX Info: Redefining \. on input line 98.
LaTeX Info: Redefining \% on input line 98.
LaTeX Info: Redefining \sptext on input line 99.
LaTeX Info: Redefining \. on input line 99.
LaTeX Info: Redefining \% on input line 99.
LaTeX Info: Redefining \sptext on input line 100.
LaTeX Info: Redefining \. on input line 100.
LaTeX Info: Redefining \% on input line 100.
LaTeX Info: Redefining \sptext on input line 101.
LaTeX Info: Redefining \. on input line 101.
LaTeX Info: Redefining \% on input line 101.
LaTeX Info: Redefining \sptext on input line 102.
LaTeX Info: Redefining \. on input line 102.
LaTeX Info: Redefining \% on input line 102.
LaTeX Info: Redefining \sptext on input line 103.
LaTeX Info: Redefining \. on input line 103.
LaTeX Info: Redefining \% on input line 103.
LaTeX Info: Redefining \sptext on input line 104.
LaTeX Info: Redefining \. on input line 104.
LaTeX Info: Redefining \% on input line 104.
LaTeX Info: Redefining \sptext on input line 107.
LaTeX Info: Redefining \. on input line 107.
LaTeX Info: Redefining \% on input line 107.
LaTeX Info: Redefining \sptext on input line 108.
LaTeX Info: Redefining \. on input line 108.
LaTeX Info: Redefining \% on input line 108.
LaTeX Info: Redefining \sptext on input line 113.
LaTeX Info: Redefining \. on input line 113.
LaTeX Info: Redefining \% on input line 113.
LaTeX Info: Redefining \sptext on input line 114.
LaTeX Info: Redefining \. on input line 114.
LaTeX Info: Redefining \% on input line 114.
LaTeX Info: Redefining \sptext on input line 116.
LaTeX Info: Redefining \. on input line 116.
LaTeX Info: Redefining \% on input line 116.
LaTeX Info: Redefining \sptext on input line 117.
LaTeX Info: Redefining \. on input line 117.
LaTeX Info: Redefining \% on input line 117.
LaTeX Info: Redefining \sptext on input line 137.
LaTeX Info: Redefining \. on input line 137.
LaTeX Info: Redefining \% on input line 137.
LaTeX Info: Redefining \sptext on input line 138.
LaTeX Info: Redefining \. on input line 138.
LaTeX Info: Redefining \% on input line 138.
File: ./images/UADE_LARGE.png Graphic file (type png)
<use ./images/UADE_LARGE.png>
Package pdftex.def Info: ./images/UADE_LARGE.png  used on input line 144.
(pdftex.def)             Requested size: 105.2751pt x 36.8594pt.

Overfull \vbox (36.8594pt too high) has occurred while \output is active []


[12]
LaTeX Info: Redefining \sptext on input line 174.
LaTeX Info: Redefining \. on input line 174.
LaTeX Info: Redefining \% on input line 174.
LaTeX Info: Redefining \sptext on input line 175.
LaTeX Info: Redefining \. on input line 175.
LaTeX Info: Redefining \% on input line 175.
LaTeX Info: Redefining \sptext on input line 176.
LaTeX Info: Redefining \. on input line 176.
LaTeX Info: Redefining \% on input line 176.
LaTeX Info: Redefining \sptext on input line 177.
LaTeX Info: Redefining \. on input line 177.
LaTeX Info: Redefining \% on input line 177.
LaTeX Info: Redefining \sptext on input line 178.
LaTeX Info: Redefining \. on input line 178.
LaTeX Info: Redefining \% on input line 178.
LaTeX Info: Redefining \sptext on input line 179.
LaTeX Info: Redefining \. on input line 179.
LaTeX Info: Redefining \% on input line 179.
LaTeX Info: Redefining \sptext on input line 180.
LaTeX Info: Redefining \. on input line 180.
LaTeX Info: Redefining \% on input line 180.
LaTeX Info: Redefining \sptext on input line 181.
LaTeX Info: Redefining \. on input line 181.
LaTeX Info: Redefining \% on input line 181.
LaTeX Info: Redefining \sptext on input line 182.
LaTeX Info: Redefining \. on input line 182.
LaTeX Info: Redefining \% on input line 182.
LaTeX Info: Redefining \sptext on input line 183.
LaTeX Info: Redefining \. on input line 183.
LaTeX Info: Redefining \% on input line 183.
LaTeX Info: Redefining \sptext on input line 184.
LaTeX Info: Redefining \. on input line 184.
LaTeX Info: Redefining \% on input line 184.
LaTeX Info: Redefining \sptext on input line 185.
LaTeX Info: Redefining \. on input line 185.
LaTeX Info: Redefining \% on input line 185.
LaTeX Info: Redefining \sptext on input line 186.
LaTeX Info: Redefining \. on input line 186.
LaTeX Info: Redefining \% on input line 186.
LaTeX Info: Redefining \sptext on input line 187.
LaTeX Info: Redefining \. on input line 187.
LaTeX Info: Redefining \% on input line 187.
LaTeX Info: Redefining \sptext on input line 188.
LaTeX Info: Redefining \. on input line 188.
LaTeX Info: Redefining \% on input line 188.
LaTeX Info: Redefining \sptext on input line 189.
LaTeX Info: Redefining \. on input line 189.
LaTeX Info: Redefining \% on input line 189.
LaTeX Info: Redefining \sptext on input line 190.
LaTeX Info: Redefining \. on input line 190.
LaTeX Info: Redefining \% on input line 190.
LaTeX Info: Redefining \sptext on input line 191.
LaTeX Info: Redefining \. on input line 191.
LaTeX Info: Redefining \% on input line 191.
LaTeX Info: Redefining \sptext on input line 192.
LaTeX Info: Redefining \. on input line 192.
LaTeX Info: Redefining \% on input line 192.
LaTeX Info: Redefining \sptext on input line 193.
LaTeX Info: Redefining \. on input line 193.
LaTeX Info: Redefining \% on input line 193.
LaTeX Info: Redefining \sptext on input line 194.
LaTeX Info: Redefining \. on input line 194.
LaTeX Info: Redefining \% on input line 194.
LaTeX Info: Redefining \sptext on input line 195.
LaTeX Info: Redefining \. on input line 195.
LaTeX Info: Redefining \% on input line 195.
LaTeX Info: Redefining \sptext on input line 196.
LaTeX Info: Redefining \. on input line 196.
LaTeX Info: Redefining \% on input line 196.
LaTeX Info: Redefining \sptext on input line 197.
LaTeX Info: Redefining \. on input line 197.
LaTeX Info: Redefining \% on input line 197.
LaTeX Info: Redefining \sptext on input line 198.
LaTeX Info: Redefining \. on input line 198.
LaTeX Info: Redefining \% on input line 198.
LaTeX Info: Redefining \sptext on input line 199.
LaTeX Info: Redefining \. on input line 199.
LaTeX Info: Redefining \% on input line 199.
LaTeX Info: Redefining \sptext on input line 200.
LaTeX Info: Redefining \. on input line 200.
LaTeX Info: Redefining \% on input line 200.
LaTeX Info: Redefining \sptext on input line 201.
LaTeX Info: Redefining \. on input line 201.
LaTeX Info: Redefining \% on input line 201.
LaTeX Info: Redefining \sptext on input line 202.
LaTeX Info: Redefining \. on input line 202.
LaTeX Info: Redefining \% on input line 202.
LaTeX Info: Redefining \sptext on input line 203.
LaTeX Info: Redefining \. on input line 203.
LaTeX Info: Redefining \% on input line 203.
LaTeX Info: Redefining \sptext on input line 204.
LaTeX Info: Redefining \. on input line 204.
LaTeX Info: Redefining \% on input line 204.
LaTeX Info: Redefining \sptext on input line 205.
LaTeX Info: Redefining \. on input line 205.
LaTeX Info: Redefining \% on input line 205.
LaTeX Info: Redefining \sptext on input line 206.
LaTeX Info: Redefining \. on input line 206.
LaTeX Info: Redefining \% on input line 206.
LaTeX Info: Redefining \sptext on input line 207.
LaTeX Info: Redefining \. on input line 207.
LaTeX Info: Redefining \% on input line 207.
LaTeX Info: Redefining \sptext on input line 208.
LaTeX Info: Redefining \. on input line 208.
LaTeX Info: Redefining \% on input line 208.
LaTeX Info: Redefining \sptext on input line 209.
LaTeX Info: Redefining \. on input line 209.
LaTeX Info: Redefining \% on input line 209.
LaTeX Info: Redefining \sptext on input line 210.
LaTeX Info: Redefining \. on input line 210.
LaTeX Info: Redefining \% on input line 210.
LaTeX Info: Redefining \sptext on input line 211.
LaTeX Info: Redefining \. on input line 211.
LaTeX Info: Redefining \% on input line 211.
LaTeX Info: Redefining \sptext on input line 212.
LaTeX Info: Redefining \. on input line 212.
LaTeX Info: Redefining \% on input line 212.
LaTeX Info: Redefining \sptext on input line 213.
LaTeX Info: Redefining \. on input line 213.
LaTeX Info: Redefining \% on input line 213.
LaTeX Info: Redefining \sptext on input line 214.
LaTeX Info: Redefining \. on input line 214.
LaTeX Info: Redefining \% on input line 214.
LaTeX Info: Redefining \sptext on input line 215.
LaTeX Info: Redefining \. on input line 215.
LaTeX Info: Redefining \% on input line 215.
LaTeX Info: Redefining \sptext on input line 216.
LaTeX Info: Redefining \. on input line 216.
LaTeX Info: Redefining \% on input line 216.
LaTeX Info: Redefining \sptext on input line 217.
LaTeX Info: Redefining \. on input line 217.
LaTeX Info: Redefining \% on input line 217.
LaTeX Info: Redefining \sptext on input line 218.
LaTeX Info: Redefining \. on input line 218.
LaTeX Info: Redefining \% on input line 218.
LaTeX Info: Redefining \sptext on input line 219.
LaTeX Info: Redefining \. on input line 219.
LaTeX Info: Redefining \% on input line 219.
LaTeX Info: Redefining \sptext on input line 220.
LaTeX Info: Redefining \. on input line 220.
LaTeX Info: Redefining \% on input line 220.
LaTeX Info: Redefining \sptext on input line 221.
LaTeX Info: Redefining \. on input line 221.
LaTeX Info: Redefining \% on input line 221.
LaTeX Info: Redefining \sptext on input line 222.
LaTeX Info: Redefining \. on input line 222.
LaTeX Info: Redefining \% on input line 222.
LaTeX Info: Redefining \sptext on input line 223.
LaTeX Info: Redefining \. on input line 223.
LaTeX Info: Redefining \% on input line 223.
LaTeX Info: Redefining \sptext on input line 224.
LaTeX Info: Redefining \. on input line 224.
LaTeX Info: Redefining \% on input line 224.
LaTeX Info: Redefining \sptext on input line 225.
LaTeX Info: Redefining \. on input line 225.
LaTeX Info: Redefining \% on input line 225.
LaTeX Info: Redefining \sptext on input line 226.
LaTeX Info: Redefining \. on input line 226.
LaTeX Info: Redefining \% on input line 226.
LaTeX Info: Redefining \sptext on input line 227.
LaTeX Info: Redefining \. on input line 227.
LaTeX Info: Redefining \% on input line 227.
LaTeX Info: Redefining \sptext on input line 228.
LaTeX Info: Redefining \. on input line 228.
LaTeX Info: Redefining \% on input line 228.
LaTeX Info: Redefining \sptext on input line 229.
LaTeX Info: Redefining \. on input line 229.
LaTeX Info: Redefining \% on input line 229.
LaTeX Info: Redefining \sptext on input line 230.
LaTeX Info: Redefining \. on input line 230.
LaTeX Info: Redefining \% on input line 230.
LaTeX Info: Redefining \sptext on input line 231.
LaTeX Info: Redefining \. on input line 231.
LaTeX Info: Redefining \% on input line 231.
LaTeX Info: Redefining \sptext on input line 232.
LaTeX Info: Redefining \. on input line 232.
LaTeX Info: Redefining \% on input line 232.
LaTeX Info: Redefining \sptext on input line 233.
LaTeX Info: Redefining \. on input line 233.
LaTeX Info: Redefining \% on input line 233.
LaTeX Info: Redefining \sptext on input line 234.
LaTeX Info: Redefining \. on input line 234.
LaTeX Info: Redefining \% on input line 234.
LaTeX Info: Redefining \sptext on input line 235.
LaTeX Info: Redefining \. on input line 235.
LaTeX Info: Redefining \% on input line 235.
LaTeX Info: Redefining \sptext on input line 236.
LaTeX Info: Redefining \. on input line 236.
LaTeX Info: Redefining \% on input line 236.
LaTeX Info: Redefining \sptext on input line 237.
LaTeX Info: Redefining \. on input line 237.
LaTeX Info: Redefining \% on input line 237.
LaTeX Info: Redefining \sptext on input line 238.
LaTeX Info: Redefining \. on input line 238.
LaTeX Info: Redefining \% on input line 238.
LaTeX Info: Redefining \sptext on input line 239.
LaTeX Info: Redefining \. on input line 239.
LaTeX Info: Redefining \% on input line 239.
LaTeX Info: Redefining \sptext on input line 240.
LaTeX Info: Redefining \. on input line 240.
LaTeX Info: Redefining \% on input line 240.
LaTeX Info: Redefining \sptext on input line 241.
LaTeX Info: Redefining \. on input line 241.
LaTeX Info: Redefining \% on input line 241.
LaTeX Info: Redefining \sptext on input line 242.
LaTeX Info: Redefining \. on input line 242.
LaTeX Info: Redefining \% on input line 242.
LaTeX Info: Redefining \sptext on input line 243.
LaTeX Info: Redefining \. on input line 243.
LaTeX Info: Redefining \% on input line 243.
LaTeX Info: Redefining \sptext on input line 244.
LaTeX Info: Redefining \. on input line 244.
LaTeX Info: Redefining \% on input line 244.
LaTeX Info: Redefining \sptext on input line 245.
LaTeX Info: Redefining \. on input line 245.
LaTeX Info: Redefining \% on input line 245.
LaTeX Info: Redefining \sptext on input line 246.
LaTeX Info: Redefining \. on input line 246.
LaTeX Info: Redefining \% on input line 246.
LaTeX Info: Redefining \sptext on input line 247.
LaTeX Info: Redefining \. on input line 247.
LaTeX Info: Redefining \% on input line 247.
LaTeX Info: Redefining \sptext on input line 248.
LaTeX Info: Redefining \. on input line 248.
LaTeX Info: Redefining \% on input line 248.
LaTeX Info: Redefining \sptext on input line 249.
LaTeX Info: Redefining \. on input line 249.
LaTeX Info: Redefining \% on input line 249.
LaTeX Info: Redefining \sptext on input line 250.
LaTeX Info: Redefining \. on input line 250.
LaTeX Info: Redefining \% on input line 250.
LaTeX Info: Redefining \sptext on input line 251.
LaTeX Info: Redefining \. on input line 251.
LaTeX Info: Redefining \% on input line 251.
LaTeX Info: Redefining \sptext on input line 252.
LaTeX Info: Redefining \. on input line 252.
LaTeX Info: Redefining \% on input line 252.
LaTeX Info: Redefining \sptext on input line 253.
LaTeX Info: Redefining \. on input line 253.
LaTeX Info: Redefining \% on input line 253.
LaTeX Info: Redefining \sptext on input line 254.
LaTeX Info: Redefining \. on input line 254.
LaTeX Info: Redefining \% on input line 254.
LaTeX Info: Redefining \sptext on input line 255.
LaTeX Info: Redefining \. on input line 255.
LaTeX Info: Redefining \% on input line 255.
LaTeX Info: Redefining \sptext on input line 256.
LaTeX Info: Redefining \. on input line 256.
LaTeX Info: Redefining \% on input line 256.
LaTeX Info: Redefining \sptext on input line 257.
LaTeX Info: Redefining \. on input line 257.
LaTeX Info: Redefining \% on input line 257.
LaTeX Info: Redefining \sptext on input line 258.
LaTeX Info: Redefining \. on input line 258.
LaTeX Info: Redefining \% on input line 258.
LaTeX Info: Redefining \sptext on input line 259.
LaTeX Info: Redefining \. on input line 259.
LaTeX Info: Redefining \% on input line 259.
LaTeX Info: Redefining \sptext on input line 260.
LaTeX Info: Redefining \. on input line 260.
LaTeX Info: Redefining \% on input line 260.
LaTeX Info: Redefining \sptext on input line 261.
LaTeX Info: Redefining \. on input line 261.
LaTeX Info: Redefining \% on input line 261.
LaTeX Info: Redefining \sptext on input line 262.
LaTeX Info: Redefining \. on input line 262.
LaTeX Info: Redefining \% on input line 262.
LaTeX Info: Redefining \sptext on input line 263.
LaTeX Info: Redefining \. on input line 263.
LaTeX Info: Redefining \% on input line 263.
LaTeX Info: Redefining \sptext on input line 264.
LaTeX Info: Redefining \. on input line 264.
LaTeX Info: Redefining \% on input line 264.
LaTeX Info: Redefining \sptext on input line 265.
LaTeX Info: Redefining \. on input line 265.
LaTeX Info: Redefining \% on input line 265.
LaTeX Info: Redefining \sptext on input line 266.
LaTeX Info: Redefining \. on input line 266.
LaTeX Info: Redefining \% on input line 266.
LaTeX Info: Redefining \sptext on input line 267.
LaTeX Info: Redefining \. on input line 267.
LaTeX Info: Redefining \% on input line 267.
LaTeX Info: Redefining \sptext on input line 268.
LaTeX Info: Redefining \. on input line 268.
LaTeX Info: Redefining \% on input line 268.
LaTeX Info: Redefining \sptext on input line 269.
LaTeX Info: Redefining \. on input line 269.
LaTeX Info: Redefining \% on input line 269.
LaTeX Info: Redefining \sptext on input line 270.
LaTeX Info: Redefining \. on input line 270.
LaTeX Info: Redefining \% on input line 270.
LaTeX Info: Redefining \sptext on input line 271.
LaTeX Info: Redefining \. on input line 271.
LaTeX Info: Redefining \% on input line 271.
LaTeX Info: Redefining \sptext on input line 272.
LaTeX Info: Redefining \. on input line 272.
LaTeX Info: Redefining \% on input line 272.
LaTeX Info: Redefining \sptext on input line 273.
LaTeX Info: Redefining \. on input line 273.
LaTeX Info: Redefining \% on input line 273.
LaTeX Info: Redefining \sptext on input line 274.
LaTeX Info: Redefining \. on input line 274.
LaTeX Info: Redefining \% on input line 274.
LaTeX Info: Redefining \sptext on input line 275.
LaTeX Info: Redefining \. on input line 275.
LaTeX Info: Redefining \% on input line 275.
LaTeX Info: Redefining \sptext on input line 276.
LaTeX Info: Redefining \. on input line 276.
LaTeX Info: Redefining \% on input line 276.
LaTeX Info: Redefining \sptext on input line 277.
LaTeX Info: Redefining \. on input line 277.
LaTeX Info: Redefining \% on input line 277.
LaTeX Info: Redefining \sptext on input line 278.
LaTeX Info: Redefining \. on input line 278.
LaTeX Info: Redefining \% on input line 278.
LaTeX Info: Redefining \sptext on input line 279.
LaTeX Info: Redefining \. on input line 279.
LaTeX Info: Redefining \% on input line 279.
LaTeX Info: Redefining \sptext on input line 280.
LaTeX Info: Redefining \. on input line 280.
LaTeX Info: Redefining \% on input line 280.
LaTeX Info: Redefining \sptext on input line 281.
LaTeX Info: Redefining \. on input line 281.
LaTeX Info: Redefining \% on input line 281.
LaTeX Info: Redefining \sptext on input line 282.
LaTeX Info: Redefining \. on input line 282.
LaTeX Info: Redefining \% on input line 282.
LaTeX Info: Redefining \sptext on input line 283.
LaTeX Info: Redefining \. on input line 283.
LaTeX Info: Redefining \% on input line 283.
LaTeX Info: Redefining \sptext on input line 284.
LaTeX Info: Redefining \. on input line 284.
LaTeX Info: Redefining \% on input line 284.
LaTeX Info: Redefining \sptext on input line 285.
LaTeX Info: Redefining \. on input line 285.
LaTeX Info: Redefining \% on input line 285.
LaTeX Info: Redefining \sptext on input line 286.
LaTeX Info: Redefining \. on input line 286.
LaTeX Info: Redefining \% on input line 286.
LaTeX Info: Redefining \sptext on input line 287.
LaTeX Info: Redefining \. on input line 287.
LaTeX Info: Redefining \% on input line 287.
LaTeX Info: Redefining \sptext on input line 288.
LaTeX Info: Redefining \. on input line 288.
LaTeX Info: Redefining \% on input line 288.
LaTeX Info: Redefining \sptext on input line 289.
LaTeX Info: Redefining \. on input line 289.
LaTeX Info: Redefining \% on input line 289.
LaTeX Info: Redefining \sptext on input line 290.
LaTeX Info: Redefining \. on input line 290.
LaTeX Info: Redefining \% on input line 290.
LaTeX Info: Redefining \sptext on input line 291.
LaTeX Info: Redefining \. on input line 291.
LaTeX Info: Redefining \% on input line 291.
LaTeX Info: Redefining \sptext on input line 292.
LaTeX Info: Redefining \. on input line 292.
LaTeX Info: Redefining \% on input line 292.
LaTeX Info: Redefining \sptext on input line 293.
LaTeX Info: Redefining \. on input line 293.
LaTeX Info: Redefining \% on input line 293.
LaTeX Info: Redefining \sptext on input line 294.
LaTeX Info: Redefining \. on input line 294.
LaTeX Info: Redefining \% on input line 294.
LaTeX Info: Redefining \sptext on input line 295.
LaTeX Info: Redefining \. on input line 295.
LaTeX Info: Redefining \% on input line 295.
LaTeX Info: Redefining \sptext on input line 296.
LaTeX Info: Redefining \. on input line 296.
LaTeX Info: Redefining \% on input line 296.
LaTeX Info: Redefining \sptext on input line 297.
LaTeX Info: Redefining \. on input line 297.
LaTeX Info: Redefining \% on input line 297.
LaTeX Info: Redefining \sptext on input line 298.
LaTeX Info: Redefining \. on input line 298.
LaTeX Info: Redefining \% on input line 298.
LaTeX Info: Redefining \sptext on input line 299.
LaTeX Info: Redefining \. on input line 299.
LaTeX Info: Redefining \% on input line 299.
LaTeX Info: Redefining \sptext on input line 300.
LaTeX Info: Redefining \. on input line 300.
LaTeX Info: Redefining \% on input line 300.
LaTeX Info: Redefining \sptext on input line 301.
LaTeX Info: Redefining \. on input line 301.
LaTeX Info: Redefining \% on input line 301.
LaTeX Info: Redefining \sptext on input line 302.
LaTeX Info: Redefining \. on input line 302.
LaTeX Info: Redefining \% on input line 302.
LaTeX Info: Redefining \sptext on input line 303.
LaTeX Info: Redefining \. on input line 303.
LaTeX Info: Redefining \% on input line 303.
LaTeX Info: Redefining \sptext on input line 304.
LaTeX Info: Redefining \. on input line 304.
LaTeX Info: Redefining \% on input line 304.
LaTeX Info: Redefining \sptext on input line 305.
LaTeX Info: Redefining \. on input line 305.
LaTeX Info: Redefining \% on input line 305.
LaTeX Info: Redefining \sptext on input line 306.
LaTeX Info: Redefining \. on input line 306.
LaTeX Info: Redefining \% on input line 306.
LaTeX Info: Redefining \sptext on input line 307.
LaTeX Info: Redefining \. on input line 307.
LaTeX Info: Redefining \% on input line 307.
LaTeX Info: Redefining \sptext on input line 308.
LaTeX Info: Redefining \. on input line 308.
LaTeX Info: Redefining \% on input line 308.
LaTeX Info: Redefining \sptext on input line 309.
LaTeX Info: Redefining \. on input line 309.
LaTeX Info: Redefining \% on input line 309.
LaTeX Info: Redefining \sptext on input line 310.
LaTeX Info: Redefining \. on input line 310.
LaTeX Info: Redefining \% on input line 310.
LaTeX Info: Redefining \sptext on input line 311.
LaTeX Info: Redefining \. on input line 311.
LaTeX Info: Redefining \% on input line 311.
LaTeX Info: Redefining \sptext on input line 312.
LaTeX Info: Redefining \. on input line 312.
LaTeX Info: Redefining \% on input line 312.
LaTeX Info: Redefining \sptext on input line 313.
LaTeX Info: Redefining \. on input line 313.
LaTeX Info: Redefining \% on input line 313.
LaTeX Info: Redefining \sptext on input line 314.
LaTeX Info: Redefining \. on input line 314.
LaTeX Info: Redefining \% on input line 314.
LaTeX Info: Redefining \sptext on input line 315.
LaTeX Info: Redefining \. on input line 315.
LaTeX Info: Redefining \% on input line 315.
LaTeX Info: Redefining \sptext on input line 316.
LaTeX Info: Redefining \. on input line 316.
LaTeX Info: Redefining \% on input line 316.
LaTeX Info: Redefining \sptext on input line 317.
LaTeX Info: Redefining \. on input line 317.
LaTeX Info: Redefining \% on input line 317.
LaTeX Info: Redefining \sptext on input line 318.
LaTeX Info: Redefining \. on input line 318.
LaTeX Info: Redefining \% on input line 318.
LaTeX Info: Redefining \sptext on input line 319.
LaTeX Info: Redefining \. on input line 319.
LaTeX Info: Redefining \% on input line 319.
LaTeX Info: Redefining \sptext on input line 320.
LaTeX Info: Redefining \. on input line 320.
LaTeX Info: Redefining \% on input line 320.
LaTeX Info: Redefining \sptext on input line 321.
LaTeX Info: Redefining \. on input line 321.
LaTeX Info: Redefining \% on input line 321.
LaTeX Info: Redefining \sptext on input line 322.
LaTeX Info: Redefining \. on input line 322.
LaTeX Info: Redefining \% on input line 322.
LaTeX Info: Redefining \sptext on input line 323.
LaTeX Info: Redefining \. on input line 323.
LaTeX Info: Redefining \% on input line 323.
LaTeX Info: Redefining \sptext on input line 324.
LaTeX Info: Redefining \. on input line 324.
LaTeX Info: Redefining \% on input line 324.
LaTeX Info: Redefining \sptext on input line 325.
LaTeX Info: Redefining \. on input line 325.
LaTeX Info: Redefining \% on input line 325.
LaTeX Info: Redefining \sptext on input line 326.
LaTeX Info: Redefining \. on input line 326.
LaTeX Info: Redefining \% on input line 326.
LaTeX Info: Redefining \sptext on input line 327.
LaTeX Info: Redefining \. on input line 327.
LaTeX Info: Redefining \% on input line 327.
LaTeX Info: Redefining \sptext on input line 328.
LaTeX Info: Redefining \. on input line 328.
LaTeX Info: Redefining \% on input line 328.
LaTeX Info: Redefining \sptext on input line 329.
LaTeX Info: Redefining \. on input line 329.
LaTeX Info: Redefining \% on input line 329.
LaTeX Info: Redefining \sptext on input line 330.
LaTeX Info: Redefining \. on input line 330.
LaTeX Info: Redefining \% on input line 330.
LaTeX Info: Redefining \sptext on input line 331.
LaTeX Info: Redefining \. on input line 331.
LaTeX Info: Redefining \% on input line 331.
LaTeX Info: Redefining \sptext on input line 332.
LaTeX Info: Redefining \. on input line 332.
LaTeX Info: Redefining \% on input line 332.
LaTeX Info: Redefining \sptext on input line 333.
LaTeX Info: Redefining \. on input line 333.
LaTeX Info: Redefining \% on input line 333.
LaTeX Info: Redefining \sptext on input line 334.
LaTeX Info: Redefining \. on input line 334.
LaTeX Info: Redefining \% on input line 334.
LaTeX Info: Redefining \sptext on input line 335.
LaTeX Info: Redefining \. on input line 335.
LaTeX Info: Redefining \% on input line 335.
LaTeX Info: Redefining \sptext on input line 336.
LaTeX Info: Redefining \. on input line 336.
LaTeX Info: Redefining \% on input line 336.
LaTeX Info: Redefining \sptext on input line 337.
LaTeX Info: Redefining \. on input line 337.
LaTeX Info: Redefining \% on input line 337.
LaTeX Info: Redefining \sptext on input line 338.
LaTeX Info: Redefining \. on input line 338.
LaTeX Info: Redefining \% on input line 338.
LaTeX Info: Redefining \sptext on input line 339.
LaTeX Info: Redefining \. on input line 339.
LaTeX Info: Redefining \% on input line 339.
LaTeX Info: Redefining \sptext on input line 340.
LaTeX Info: Redefining \. on input line 340.
LaTeX Info: Redefining \% on input line 340.
LaTeX Info: Redefining \sptext on input line 341.
LaTeX Info: Redefining \. on input line 341.
LaTeX Info: Redefining \% on input line 341.
LaTeX Info: Redefining \sptext on input line 342.
LaTeX Info: Redefining \. on input line 342.
LaTeX Info: Redefining \% on input line 342.
LaTeX Info: Redefining \sptext on input line 343.
LaTeX Info: Redefining \. on input line 343.
LaTeX Info: Redefining \% on input line 343.
LaTeX Info: Redefining \sptext on input line 344.
LaTeX Info: Redefining \. on input line 344.
LaTeX Info: Redefining \% on input line 344.
LaTeX Info: Redefining \sptext on input line 345.
LaTeX Info: Redefining \. on input line 345.
LaTeX Info: Redefining \% on input line 345.
LaTeX Info: Redefining \sptext on input line 346.
LaTeX Info: Redefining \. on input line 346.
LaTeX Info: Redefining \% on input line 346.
LaTeX Info: Redefining \sptext on input line 347.
LaTeX Info: Redefining \. on input line 347.
LaTeX Info: Redefining \% on input line 347.
LaTeX Info: Redefining \sptext on input line 348.
LaTeX Info: Redefining \. on input line 348.
LaTeX Info: Redefining \% on input line 348.
LaTeX Info: Redefining \sptext on input line 349.
LaTeX Info: Redefining \. on input line 349.
LaTeX Info: Redefining \% on input line 349.
LaTeX Info: Redefining \sptext on input line 350.
LaTeX Info: Redefining \. on input line 350.
LaTeX Info: Redefining \% on input line 350.
LaTeX Info: Redefining \sptext on input line 351.
LaTeX Info: Redefining \. on input line 351.
LaTeX Info: Redefining \% on input line 351.
LaTeX Info: Redefining \sptext on input line 352.
LaTeX Info: Redefining \. on input line 352.
LaTeX Info: Redefining \% on input line 352.
LaTeX Info: Redefining \sptext on input line 353.
LaTeX Info: Redefining \. on input line 353.
LaTeX Info: Redefining \% on input line 353.
LaTeX Info: Redefining \sptext on input line 354.
LaTeX Info: Redefining \. on input line 354.
LaTeX Info: Redefining \% on input line 354.
LaTeX Info: Redefining \sptext on input line 355.
LaTeX Info: Redefining \. on input line 355.
LaTeX Info: Redefining \% on input line 355.
LaTeX Info: Redefining \sptext on input line 356.
LaTeX Info: Redefining \. on input line 356.
LaTeX Info: Redefining \% on input line 356.
LaTeX Info: Redefining \sptext on input line 357.
LaTeX Info: Redefining \. on input line 357.
LaTeX Info: Redefining \% on input line 357.
LaTeX Info: Redefining \sptext on input line 358.
LaTeX Info: Redefining \. on input line 358.
LaTeX Info: Redefining \% on input line 358.
LaTeX Info: Redefining \sptext on input line 359.
LaTeX Info: Redefining \. on input line 359.
LaTeX Info: Redefining \% on input line 359.
LaTeX Info: Redefining \sptext on input line 360.
LaTeX Info: Redefining \. on input line 360.
LaTeX Info: Redefining \% on input line 360.
LaTeX Info: Redefining \sptext on input line 361.
LaTeX Info: Redefining \. on input line 361.
LaTeX Info: Redefining \% on input line 361.
LaTeX Info: Redefining \sptext on input line 362.
LaTeX Info: Redefining \. on input line 362.
LaTeX Info: Redefining \% on input line 362.
LaTeX Info: Redefining \sptext on input line 363.
LaTeX Info: Redefining \. on input line 363.
LaTeX Info: Redefining \% on input line 363.
LaTeX Info: Redefining \sptext on input line 364.
LaTeX Info: Redefining \. on input line 364.
LaTeX Info: Redefining \% on input line 364.
LaTeX Info: Redefining \sptext on input line 365.
LaTeX Info: Redefining \. on input line 365.
LaTeX Info: Redefining \% on input line 365.
LaTeX Info: Redefining \sptext on input line 366.
LaTeX Info: Redefining \. on input line 366.
LaTeX Info: Redefining \% on input line 366.
LaTeX Info: Redefining \sptext on input line 367.
LaTeX Info: Redefining \. on input line 367.
LaTeX Info: Redefining \% on input line 367.
LaTeX Info: Redefining \sptext on input line 368.
LaTeX Info: Redefining \. on input line 368.
LaTeX Info: Redefining \% on input line 368.
LaTeX Info: Redefining \sptext on input line 369.
LaTeX Info: Redefining \. on input line 369.
LaTeX Info: Redefining \% on input line 369.
LaTeX Info: Redefining \sptext on input line 370.
LaTeX Info: Redefining \. on input line 370.
LaTeX Info: Redefining \% on input line 370.
LaTeX Info: Redefining \sptext on input line 371.
LaTeX Info: Redefining \. on input line 371.
LaTeX Info: Redefining \% on input line 371.
LaTeX Info: Redefining \sptext on input line 372.
LaTeX Info: Redefining \. on input line 372.
LaTeX Info: Redefining \% on input line 372.
LaTeX Info: Redefining \sptext on input line 373.
LaTeX Info: Redefining \. on input line 373.
LaTeX Info: Redefining \% on input line 373.
LaTeX Info: Redefining \sptext on input line 374.
LaTeX Info: Redefining \. on input line 374.
LaTeX Info: Redefining \% on input line 374.
LaTeX Info: Redefining \sptext on input line 375.
LaTeX Info: Redefining \. on input line 375.
LaTeX Info: Redefining \% on input line 375.
LaTeX Info: Redefining \sptext on input line 376.
LaTeX Info: Redefining \. on input line 376.
LaTeX Info: Redefining \% on input line 376.
LaTeX Info: Redefining \sptext on input line 377.
LaTeX Info: Redefining \. on input line 377.
LaTeX Info: Redefining \% on input line 377.
LaTeX Info: Redefining \sptext on input line 378.
LaTeX Info: Redefining \. on input line 378.
LaTeX Info: Redefining \% on input line 378.
LaTeX Info: Redefining \sptext on input line 379.
LaTeX Info: Redefining \. on input line 379.
LaTeX Info: Redefining \% on input line 379.
LaTeX Info: Redefining \sptext on input line 380.
LaTeX Info: Redefining \. on input line 380.
LaTeX Info: Redefining \% on input line 380.
LaTeX Info: Redefining \sptext on input line 381.
LaTeX Info: Redefining \. on input line 381.
LaTeX Info: Redefining \% on input line 381.
)
\tf@lot=\write9
\openout9 = `main.lot'.

File: ./images/UADE_LARGE.png Graphic file (type png)
<use ./images/UADE_LARGE.png>
Package pdftex.def Info: ./images/UADE_LARGE.png  used on input line 258.
(pdftex.def)             Requested size: 105.2751pt x 36.8594pt.

Overfull \vbox (36.8594pt too high) has occurred while \output is active []


[13] (./chapters/capitulo_01_introduccion.tex
Cap\'{\i }tulo 1.
) (./chapters/capitulo_02_planteamiento_problema.tex
File: ./images/UADE_LARGE.png Graphic file (type png)
<use ./images/UADE_LARGE.png>
Package pdftex.def Info: ./images/UADE_LARGE.png  used on input line 1.
(pdftex.def)             Requested size: 105.2751pt x 36.8594pt.

Overfull \vbox (36.8594pt too high) has occurred while \output is active []


[14

]
Cap\'{\i }tulo 2.
) (./chapters/capitulo_03_justificacion.tex
File: ./images/UADE_LARGE.png Graphic file (type png)
<use ./images/UADE_LARGE.png>
Package pdftex.def Info: ./images/UADE_LARGE.png  used on input line 1.
(pdftex.def)             Requested size: 105.2751pt x 36.8594pt.

Overfull \vbox (36.8594pt too high) has occurred while \output is active []


[15

]
Cap\'{\i }tulo 3.
LaTeX Font Info:    Trying to load font information for TS1+ptm on input line 9
.
(/usr/local/texlive/2026/texmf-dist/tex/latex/psnfss/ts1ptm.fd
File: ts1ptm.fd 2001/06/04 font definitions for TS1/ptm.
))
(./chapters/capitulo_04_objetivos.tex
File: ./images/UADE_LARGE.png Graphic file (type png)
<use ./images/UADE_LARGE.png>
Package pdftex.def Info: ./images/UADE_LARGE.png  used on input line 1.
(pdftex.def)             Requested size: 105.2751pt x 36.8594pt.

Overfull \vbox (36.8594pt too high) has occurred while \output is active []


[16

]
Cap\'{\i }tulo 4.
) (./chapters/capitulo_05_alcance.tex
File: ./images/UADE_LARGE.png Graphic file (type png)
<use ./images/UADE_LARGE.png>
Package pdftex.def Info: ./images/UADE_LARGE.png  used on input line 1.
(pdftex.def)             Requested size: 105.2751pt x 36.8594pt.

Overfull \vbox (36.8594pt too high) has occurred while \output is active []


[17

]
Cap\'{\i }tulo 5.
File: ./images/UADE_LARGE.png Graphic file (type png)
<use ./images/UADE_LARGE.png>
Package pdftex.def Info: ./images/UADE_LARGE.png  used on input line 35.
(pdftex.def)             Requested size: 105.2751pt x 36.8594pt.

Overfull \vbox (36.8594pt too high) has occurred while \output is active []


[18

]
File: ./images/UADE_LARGE.png Graphic file (type png)
<use ./images/UADE_LARGE.png>
Package pdftex.def Info: ./images/UADE_LARGE.png  used on input line 65.
(pdftex.def)             Requested size: 105.2751pt x 36.8594pt.

Overfull \vbox (36.8594pt too high) has occurred while \output is active []


[19]) (./chapters/capitulo_06_estado_del_arte.tex
File: ./images/UADE_LARGE.png Graphic file (type png)
<use ./images/UADE_LARGE.png>
Package pdftex.def Info: ./images/UADE_LARGE.png  used on input line 1.
(pdftex.def)             Requested size: 105.2751pt x 36.8594pt.

Overfull \vbox (36.8594pt too high) has occurred while \output is active []


[20]
Cap\'{\i }tulo 6.

Underfull \hbox (badness 10000) in alignment at lines 33--39
[] []
 []


Underfull \hbox (badness 10000) in alignment at lines 39--43
[] []
 []


Underfull \hbox (badness 10000) in alignment at lines 43--54
[] []
 []

File: ./images/UADE_LARGE.png Graphic file (type png)
<use ./images/UADE_LARGE.png>
Package pdftex.def Info: ./images/UADE_LARGE.png  used on input line 54.
(pdftex.def)             Requested size: 105.2751pt x 36.8594pt.

Overfull \vbox (36.8594pt too high) has occurred while \output is active []


[21

]
LaTeX Info: Redefining \sptext on input line 65.
LaTeX Info: Redefining \. on input line 65.
LaTeX Info: Redefining \% on input line 65.
LaTeX Info: Redefining \sptext on input line 65.
LaTeX Info: Redefining \. on input line 65.
LaTeX Info: Redefining \% on input line 65.
File: ./images/UADE_LARGE.png Graphic file (type png)
<use ./images/UADE_LARGE.png>
Package pdftex.def Info: ./images/UADE_LARGE.png  used on input line 66.
(pdftex.def)             Requested size: 105.2751pt x 36.8594pt.

Overfull \vbox (36.8594pt too high) has occurred while \output is active []


[22]
LaTeX Info: Redefining \sptext on input line 80.
LaTeX Info: Redefining \. on input line 80.
LaTeX Info: Redefining \% on input line 80.
LaTeX Info: Redefining \sptext on input line 80.
LaTeX Info: Redefining \. on input line 80.
LaTeX Info: Redefining \% on input line 80.
LaTeX Info: Redefining \sptext on input line 88.
LaTeX Info: Redefining \. on input line 88.
LaTeX Info: Redefining \% on input line 88.
LaTeX Info: Redefining \sptext on input line 88.
LaTeX Info: Redefining \. on input line 88.
LaTeX Info: Redefining \% on input line 88.
File: ./images/UADE_LARGE.png Graphic file (type png)
<use ./images/UADE_LARGE.png>
Package pdftex.def Info: ./images/UADE_LARGE.png  used on input line 89.
(pdftex.def)             Requested size: 105.2751pt x 36.8594pt.

Overfull \vbox (36.8594pt too high) has occurred while \output is active []


[23]
File: ./images/UADE_LARGE.png Graphic file (type png)
<use ./images/UADE_LARGE.png>
Package pdftex.def Info: ./images/UADE_LARGE.png  used on input line 101.
(pdftex.def)             Requested size: 105.2751pt x 36.8594pt.

Overfull \vbox (36.8594pt too high) has occurred while \output is active []


[24]
LaTeX Info: Redefining \sptext on input line 107.
LaTeX Info: Redefining \. on input line 107.
LaTeX Info: Redefining \% on input line 107.
LaTeX Info: Redefining \sptext on input line 107.
LaTeX Info: Redefining \. on input line 107.
LaTeX Info: Redefining \% on input line 107.
LaTeX Info: Redefining \sptext on input line 113.
LaTeX Info: Redefining \. on input line 113.
LaTeX Info: Redefining \% on input line 113.
LaTeX Info: Redefining \sptext on input line 113.
LaTeX Info: Redefining \. on input line 113.
LaTeX Info: Redefining \% on input line 113.
LaTeX Info: Redefining \sptext on input line 119.
LaTeX Info: Redefining \. on input line 119.
LaTeX Info: Redefining \% on input line 119.
LaTeX Info: Redefining \sptext on input line 119.
LaTeX Info: Redefining \. on input line 119.
LaTeX Info: Redefining \% on input line 119.
LaTeX Info: Redefining \sptext on input line 119.
LaTeX Info: Redefining \. on input line 119.
LaTeX Info: Redefining \% on input line 119.
LaTeX Info: Redefining \sptext on input line 119.
LaTeX Info: Redefining \. on input line 119.
LaTeX Info: Redefining \% on input line 119.
File: ./images/UADE_LARGE.png Graphic file (type png)
<use ./images/UADE_LARGE.png>
Package pdftex.def Info: ./images/UADE_LARGE.png  used on input line 121.
(pdftex.def)             Requested size: 105.2751pt x 36.8594pt.

Overfull \vbox (36.8594pt too high) has occurred while \output is active []


[25]
LaTeX Info: Redefining \sptext on input line 126.
LaTeX Info: Redefining \. on input line 126.
LaTeX Info: Redefining \% on input line 126.
LaTeX Info: Redefining \sptext on input line 126.
LaTeX Info: Redefining \. on input line 126.
LaTeX Info: Redefining \% on input line 126.
LaTeX Info: Redefining \sptext on input line 126.
LaTeX Info: Redefining \. on input line 126.
LaTeX Info: Redefining \% on input line 126.
LaTeX Info: Redefining \sptext on input line 126.
LaTeX Info: Redefining \. on input line 126.
LaTeX Info: Redefining \% on input line 126.
LaTeX Info: Redefining \sptext on input line 136.
LaTeX Info: Redefining \. on input line 136.
LaTeX Info: Redefining \% on input line 136.
LaTeX Info: Redefining \sptext on input line 136.
LaTeX Info: Redefining \. on input line 136.
LaTeX Info: Redefining \% on input line 136.
File: ./images/UADE_LARGE.png Graphic file (type png)
<use ./images/UADE_LARGE.png>
Package pdftex.def Info: ./images/UADE_LARGE.png  used on input line 137.
(pdftex.def)             Requested size: 105.2751pt x 36.8594pt.

Overfull \vbox (36.8594pt too high) has occurred while \output is active []


[26]
LaTeX Info: Redefining \sptext on input line 154.
LaTeX Info: Redefining \. on input line 154.
LaTeX Info: Redefining \% on input line 154.
LaTeX Info: Redefining \sptext on input line 154.
LaTeX Info: Redefining \. on input line 154.
LaTeX Info: Redefining \% on input line 154.
File: ./images/UADE_LARGE.png Graphic file (type png)
<use ./images/UADE_LARGE.png>
Package pdftex.def Info: ./images/UADE_LARGE.png  used on input line 161.
(pdftex.def)             Requested size: 105.2751pt x 36.8594pt.

Overfull \vbox (36.8594pt too high) has occurred while \output is active []


[27]
LaTeX Info: Redefining \sptext on input line 164.
LaTeX Info: Redefining \. on input line 164.
LaTeX Info: Redefining \% on input line 164.
LaTeX Info: Redefining \sptext on input line 164.
LaTeX Info: Redefining \. on input line 164.
LaTeX Info: Redefining \% on input line 164.
LaTeX Info: Redefining \sptext on input line 170.
LaTeX Info: Redefining \. on input line 170.
LaTeX Info: Redefining \% on input line 170.
LaTeX Info: Redefining \sptext on input line 170.
LaTeX Info: Redefining \. on input line 170.
LaTeX Info: Redefining \% on input line 170.
LaTeX Info: Redefining \sptext on input line 176.
LaTeX Info: Redefining \. on input line 176.
LaTeX Info: Redefining \% on input line 176.
LaTeX Info: Redefining \sptext on input line 176.
LaTeX Info: Redefining \. on input line 176.
LaTeX Info: Redefining \% on input line 176.
File: ./images/UADE_LARGE.png Graphic file (type png)
<use ./images/UADE_LARGE.png>
Package pdftex.def Info: ./images/UADE_LARGE.png  used on input line 180.
(pdftex.def)             Requested size: 105.2751pt x 36.8594pt.

Overfull \vbox (36.8594pt too high) has occurred while \output is active []


[28]
Underfull \hbox (badness 10000) in alignment at lines 196--202
[] [] [] []
 []


Underfull \hbox (badness 10000) in alignment at lines 202--206
[] [] [] []
 []


Underfull \hbox (badness 10000) in alignment at lines 206--217
[] [] [] []
 []

File: ./images/UADE_LARGE.png Graphic file (type png)
<use ./images/UADE_LARGE.png>
Package pdftex.def Info: ./images/UADE_LARGE.png  used on input line 217.
(pdftex.def)             Requested size: 105.2751pt x 36.8594pt.

Overfull \vbox (36.8594pt too high) has occurred while \output is active []


[29]
File: ./images/UADE_LARGE.png Graphic file (type png)
<use ./images/UADE_LARGE.png>
Package pdftex.def Info: ./images/UADE_LARGE.png  used on input line 231.
(pdftex.def)             Requested size: 105.2751pt x 36.8594pt.

Overfull \vbox (36.8594pt too high) has occurred while \output is active []


[30]
File: ./images/UADE_LARGE.png Graphic file (type png)
<use ./images/UADE_LARGE.png>
Package pdftex.def Info: ./images/UADE_LARGE.png  used on input line 255.
(pdftex.def)             Requested size: 105.2751pt x 36.8594pt.

Overfull \vbox (36.8594pt too high) has occurred while \output is active []


[31]
Underfull \hbox (badness 10000) in alignment at lines 264--270
[] [] []
 []


Underfull \hbox (badness 10000) in alignment at lines 270--274
[] [] []
 []


Underfull \hbox (badness 10000) in alignment at lines 274--289
[] [] []
 []


Underfull \hbox (badness 10000) in alignment at lines 304--310
[] [] [] [] [] []
 []


Underfull \hbox (badness 10000) in alignment at lines 310--314
[] [] [] [] [] []
 []


Overfull \hbox (1.5341pt too wide) in paragraph at lines 333--333
[]|\T1/ptm/m/n/10.95 (-20) RemedyLogic 
 []


Underfull \hbox (badness 10000) in alignment at lines 314--335
[] [] [] [] [] []
 []

File: ./images/UADE_LARGE.png Graphic file (type png)
<use ./images/UADE_LARGE.png>
Package pdftex.def Info: ./images/UADE_LARGE.png  used on input line 335.
(pdftex.def)             Requested size: 105.2751pt x 36.8594pt.

Overfull \vbox (36.8594pt too high) has occurred while \output is active []


[32]
File: ./images/UADE_LARGE.png Graphic file (type png)
<use ./images/UADE_LARGE.png>
Package pdftex.def Info: ./images/UADE_LARGE.png  used on input line 335.
(pdftex.def)             Requested size: 105.2751pt x 36.8594pt.

Overfull \vbox (36.8594pt too high) has occurred while \output is active []


[33]
File: ./images/UADE_LARGE.png Graphic file (type png)
<use ./images/UADE_LARGE.png>
Package pdftex.def Info: ./images/UADE_LARGE.png  used on input line 335.
(pdftex.def)             Requested size: 105.2751pt x 36.8594pt.

Overfull \vbox (36.8594pt too high) has occurred while \output is active []


[34]
Underfull \hbox (badness 10000) in alignment at lines 352--358
[] []
 []


Underfull \hbox (badness 10000) in alignment at lines 358--362
[] []
 []


Underfull \hbox (badness 10000) in alignment at lines 362--387
[] []
 []

File: ./images/UADE_LARGE.png Graphic file (type png)
<use ./images/UADE_LARGE.png>
Package pdftex.def Info: ./images/UADE_LARGE.png  used on input line 387.
(pdftex.def)             Requested size: 105.2751pt x 36.8594pt.

Overfull \vbox (36.8594pt too high) has occurred while \output is active []


[35]
Underfull \hbox (badness 10000) in alignment at lines 402--408
[] [] []
 []


Underfull \hbox (badness 10000) in alignment at lines 408--412
[] [] []
 []


Underfull \hbox (badness 10000) in alignment at lines 412--423
[] [] []
 []

File: ./images/UADE_LARGE.png Graphic file (type png)
<use ./images/UADE_LARGE.png>
Package pdftex.def Info: ./images/UADE_LARGE.png  used on input line 423.
(pdftex.def)             Requested size: 105.2751pt x 36.8594pt.

Overfull \vbox (36.8594pt too high) has occurred while \output is active []


[36]
File: ./images/UADE_LARGE.png Graphic file (type png)
<use ./images/UADE_LARGE.png>
Package pdftex.def Info: ./images/UADE_LARGE.png  used on input line 431.
(pdftex.def)             Requested size: 105.2751pt x 36.8594pt.

Overfull \vbox (36.8594pt too high) has occurred while \output is active []


[37]) (./chapters/capitulo_07_marco_teorico.tex
File: ./images/UADE_LARGE.png Graphic file (type png)
<use ./images/UADE_LARGE.png>
Package pdftex.def Info: ./images/UADE_LARGE.png  used on input line 1.
(pdftex.def)             Requested size: 105.2751pt x 36.8594pt.

Overfull \vbox (36.8594pt too high) has occurred while \output is active []


[38]
Cap\'{\i }tulo 7.
LaTeX Info: Redefining \sptext on input line 15.
LaTeX Info: Redefining \. on input line 15.
LaTeX Info: Redefining \% on input line 15.
LaTeX Info: Redefining \sptext on input line 15.
LaTeX Info: Redefining \. on input line 15.
LaTeX Info: Redefining \% on input line 15.
LaTeX Info: Redefining \sptext on input line 15.
LaTeX Info: Redefining \. on input line 15.
LaTeX Info: Redefining \% on input line 15.
LaTeX Info: Redefining \sptext on input line 15.
LaTeX Info: Redefining \. on input line 15.
LaTeX Info: Redefining \% on input line 15.
LaTeX Info: Redefining \sptext on input line 17.
LaTeX Info: Redefining \. on input line 17.
LaTeX Info: Redefining \% on input line 17.
LaTeX Info: Redefining \sptext on input line 17.
LaTeX Info: Redefining \. on input line 17.
LaTeX Info: Redefining \% on input line 17.
LaTeX Info: Redefining \sptext on input line 17.
LaTeX Info: Redefining \. on input line 17.
LaTeX Info: Redefining \% on input line 17.
LaTeX Info: Redefining \sptext on input line 17.
LaTeX Info: Redefining \. on input line 17.
LaTeX Info: Redefining \% on input line 17.
File: ./images/UADE_LARGE.png Graphic file (type png)
<use ./images/UADE_LARGE.png>
Package pdftex.def Info: ./images/UADE_LARGE.png  used on input line 18.
(pdftex.def)             Requested size: 105.2751pt x 36.8594pt.

Overfull \vbox (36.8594pt too high) has occurred while \output is active []


[39

]
LaTeX Info: Redefining \sptext on input line 25.
LaTeX Info: Redefining \. on input line 25.
LaTeX Info: Redefining \% on input line 25.
LaTeX Info: Redefining \sptext on input line 25.
LaTeX Info: Redefining \. on input line 25.
LaTeX Info: Redefining \% on input line 25.
LaTeX Info: Redefining \sptext on input line 29.
LaTeX Info: Redefining \. on input line 29.
LaTeX Info: Redefining \% on input line 29.
LaTeX Info: Redefining \sptext on input line 29.
LaTeX Info: Redefining \. on input line 29.
LaTeX Info: Redefining \% on input line 29.
File: ./images/UADE_LARGE.png Graphic file (type png)
<use ./images/UADE_LARGE.png>
Package pdftex.def Info: ./images/UADE_LARGE.png  used on input line 38.
(pdftex.def)             Requested size: 105.2751pt x 36.8594pt.

Overfull \vbox (36.8594pt too high) has occurred while \output is active []


[40]
LaTeX Info: Redefining \sptext on input line 45.
LaTeX Info: Redefining \. on input line 45.
LaTeX Info: Redefining \% on input line 45.
LaTeX Info: Redefining \sptext on input line 45.
LaTeX Info: Redefining \. on input line 45.
LaTeX Info: Redefining \% on input line 45.
LaTeX Info: Redefining \sptext on input line 47.
LaTeX Info: Redefining \. on input line 47.
LaTeX Info: Redefining \% on input line 47.
LaTeX Info: Redefining \sptext on input line 47.
LaTeX Info: Redefining \. on input line 47.
LaTeX Info: Redefining \% on input line 47.
File: ./images/UADE_LARGE.png Graphic file (type png)
<use ./images/UADE_LARGE.png>
Package pdftex.def Info: ./images/UADE_LARGE.png  used on input line 59.
(pdftex.def)             Requested size: 105.2751pt x 36.8594pt.

Overfull \vbox (36.8594pt too high) has occurred while \output is active []


[41]
LaTeX Info: Redefining \sptext on input line 59.
LaTeX Info: Redefining \. on input line 59.
LaTeX Info: Redefining \% on input line 59.
LaTeX Info: Redefining \sptext on input line 59.
LaTeX Info: Redefining \. on input line 59.
LaTeX Info: Redefining \% on input line 59.
File: ./images/UADE_LARGE.png Graphic file (type png)
<use ./images/UADE_LARGE.png>
Package pdftex.def Info: ./images/UADE_LARGE.png  used on input line 76.
(pdftex.def)             Requested size: 105.2751pt x 36.8594pt.

Overfull \vbox (36.8594pt too high) has occurred while \output is active []


[42]
LaTeX Info: Redefining \sptext on input line 79.
LaTeX Info: Redefining \. on input line 79.
LaTeX Info: Redefining \% on input line 79.
LaTeX Info: Redefining \sptext on input line 79.
LaTeX Info: Redefining \. on input line 79.
LaTeX Info: Redefining \% on input line 79.
LaTeX Info: Redefining \sptext on input line 79.
LaTeX Info: Redefining \. on input line 79.
LaTeX Info: Redefining \% on input line 79.
LaTeX Info: Redefining \sptext on input line 79.
LaTeX Info: Redefining \. on input line 79.
LaTeX Info: Redefining \% on input line 79.
LaTeX Info: Redefining \sptext on input line 85.
LaTeX Info: Redefining \. on input line 85.
LaTeX Info: Redefining \% on input line 85.
LaTeX Info: Redefining \sptext on input line 85.
LaTeX Info: Redefining \. on input line 85.
LaTeX Info: Redefining \% on input line 85.
LaTeX Info: Redefining \sptext on input line 85.
LaTeX Info: Redefining \. on input line 85.
LaTeX Info: Redefining \% on input line 85.
LaTeX Info: Redefining \sptext on input line 85.
LaTeX Info: Redefining \. on input line 85.
LaTeX Info: Redefining \% on input line 85.
LaTeX Info: Redefining \sptext on input line 91.
LaTeX Info: Redefining \. on input line 91.
LaTeX Info: Redefining \% on input line 91.
LaTeX Info: Redefining \sptext on input line 91.
LaTeX Info: Redefining \. on input line 91.
LaTeX Info: Redefining \% on input line 91.
File: ./images/UADE_LARGE.png Graphic file (type png)
<use ./images/UADE_LARGE.png>
Package pdftex.def Info: ./images/UADE_LARGE.png  used on input line 100.
(pdftex.def)             Requested size: 105.2751pt x 36.8594pt.

Overfull \vbox (36.8594pt too high) has occurred while \output is active []


[43]
LaTeX Info: Redefining \sptext on input line 103.
LaTeX Info: Redefining \. on input line 103.
LaTeX Info: Redefining \% on input line 103.
LaTeX Info: Redefining \sptext on input line 103.
LaTeX Info: Redefining \. on input line 103.
LaTeX Info: Redefining \% on input line 103.
LaTeX Info: Redefining \sptext on input line 127.
LaTeX Info: Redefining \. on input line 127.
LaTeX Info: Redefining \% on input line 127.
LaTeX Info: Redefining \sptext on input line 127.
LaTeX Info: Redefining \. on input line 127.
LaTeX Info: Redefining \% on input line 127.
File: ./images/UADE_LARGE.png Graphic file (type png)
<use ./images/UADE_LARGE.png>
Package pdftex.def Info: ./images/UADE_LARGE.png  used on input line 129.
(pdftex.def)             Requested size: 105.2751pt x 36.8594pt.

Overfull \vbox (36.8594pt too high) has occurred while \output is active []


[44]
LaTeX Info: Redefining \sptext on input line 137.
LaTeX Info: Redefining \. on input line 137.
LaTeX Info: Redefining \% on input line 137.
LaTeX Info: Redefining \sptext on input line 137.
LaTeX Info: Redefining \. on input line 137.
LaTeX Info: Redefining \% on input line 137.
LaTeX Info: Redefining \sptext on input line 137.
LaTeX Info: Redefining \. on input line 137.
LaTeX Info: Redefining \% on input line 137.
LaTeX Info: Redefining \sptext on input line 137.
LaTeX Info: Redefining \. on input line 137.
LaTeX Info: Redefining \% on input line 137.
LaTeX Info: Redefining \sptext on input line 145.
LaTeX Info: Redefining \. on input line 145.
LaTeX Info: Redefining \% on input line 145.
LaTeX Info: Redefining \sptext on input line 145.
LaTeX Info: Redefining \. on input line 145.
LaTeX Info: Redefining \% on input line 145.
LaTeX Info: Redefining \sptext on input line 149.
LaTeX Info: Redefining \. on input line 149.
LaTeX Info: Redefining \% on input line 149.
LaTeX Info: Redefining \sptext on input line 149.
LaTeX Info: Redefining \. on input line 149.
LaTeX Info: Redefining \% on input line 149.
LaTeX Info: Redefining \sptext on input line 153.
LaTeX Info: Redefining \. on input line 153.
LaTeX Info: Redefining \% on input line 153.
LaTeX Info: Redefining \sptext on input line 153.
LaTeX Info: Redefining \. on input line 153.
LaTeX Info: Redefining \% on input line 153.
LaTeX Info: Redefining \sptext on input line 153.
LaTeX Info: Redefining \. on input line 153.
LaTeX Info: Redefining \% on input line 153.
LaTeX Info: Redefining \sptext on input line 153.
LaTeX Info: Redefining \. on input line 153.
LaTeX Info: Redefining \% on input line 153.
File: ./images/UADE_LARGE.png Graphic file (type png)
<use ./images/UADE_LARGE.png>
Package pdftex.def Info: ./images/UADE_LARGE.png  used on input line 154.
(pdftex.def)             Requested size: 105.2751pt x 36.8594pt.

Overfull \vbox (36.8594pt too high) has occurred while \output is active []


[45]
LaTeX Info: Redefining \sptext on input line 157.
LaTeX Info: Redefining \. on input line 157.
LaTeX Info: Redefining \% on input line 157.
LaTeX Info: Redefining \sptext on input line 157.
LaTeX Info: Redefining \. on input line 157.
LaTeX Info: Redefining \% on input line 157.
LaTeX Info: Redefining \sptext on input line 176.
LaTeX Info: Redefining \. on input line 176.
LaTeX Info: Redefining \% on input line 176.
LaTeX Info: Redefining \sptext on input line 176.
LaTeX Info: Redefining \. on input line 176.
LaTeX Info: Redefining \% on input line 176.
File: ./images/UADE_LARGE.png Graphic file (type png)
<use ./images/UADE_LARGE.png>
Package pdftex.def Info: ./images/UADE_LARGE.png  used on input line 177.
(pdftex.def)             Requested size: 105.2751pt x 36.8594pt.

Overfull \vbox (36.8594pt too high) has occurred while \output is active []


[46]
LaTeX Info: Redefining \sptext on input line 177.
LaTeX Info: Redefining \. on input line 177.
LaTeX Info: Redefining \% on input line 177.
LaTeX Info: Redefining \sptext on input line 177.
LaTeX Info: Redefining \. on input line 177.
LaTeX Info: Redefining \% on input line 177.
LaTeX Info: Redefining \sptext on input line 190.
LaTeX Info: Redefining \. on input line 190.
LaTeX Info: Redefining \% on input line 190.
LaTeX Info: Redefining \sptext on input line 190.
LaTeX Info: Redefining \. on input line 190.
LaTeX Info: Redefining \% on input line 190.
LaTeX Info: Redefining \sptext on input line 190.
LaTeX Info: Redefining \. on input line 190.
LaTeX Info: Redefining \% on input line 190.
LaTeX Info: Redefining \sptext on input line 190.
LaTeX Info: Redefining \. on input line 190.
LaTeX Info: Redefining \% on input line 190.
File: ./images/UADE_LARGE.png Graphic file (type png)
<use ./images/UADE_LARGE.png>
Package pdftex.def Info: ./images/UADE_LARGE.png  used on input line 208.
(pdftex.def)             Requested size: 105.2751pt x 36.8594pt.

Overfull \vbox (36.8594pt too high) has occurred while \output is active []


[47]
LaTeX Info: Redefining \sptext on input line 226.
LaTeX Info: Redefining \. on input line 226.
LaTeX Info: Redefining \% on input line 226.
LaTeX Info: Redefining \sptext on input line 226.
LaTeX Info: Redefining \. on input line 226.
LaTeX Info: Redefining \% on input line 226.
File: ./images/UADE_LARGE.png Graphic file (type png)
<use ./images/UADE_LARGE.png>
Package pdftex.def Info: ./images/UADE_LARGE.png  used on input line 239.
(pdftex.def)             Requested size: 105.2751pt x 36.8594pt.

Overfull \vbox (36.8594pt too high) has occurred while \output is active []


[48]
File: ./images/UADE_LARGE.png Graphic file (type png)
<use ./images/UADE_LARGE.png>
Package pdftex.def Info: ./images/UADE_LARGE.png  used on input line 257.
(pdftex.def)             Requested size: 105.2751pt x 36.8594pt.

Overfull \vbox (36.8594pt too high) has occurred while \output is active []


[49]
LaTeX Info: Redefining \sptext on input line 266.
LaTeX Info: Redefining \. on input line 266.
LaTeX Info: Redefining \% on input line 266.
LaTeX Info: Redefining \sptext on input line 266.
LaTeX Info: Redefining \. on input line 266.
LaTeX Info: Redefining \% on input line 266.
LaTeX Info: Redefining \sptext on input line 278.
LaTeX Info: Redefining \. on input line 278.
LaTeX Info: Redefining \% on input line 278.
LaTeX Info: Redefining \sptext on input line 278.
LaTeX Info: Redefining \. on input line 278.
LaTeX Info: Redefining \% on input line 278.
LaTeX Info: Redefining \sptext on input line 278.
LaTeX Info: Redefining \. on input line 278.
LaTeX Info: Redefining \% on input line 278.
LaTeX Info: Redefining \sptext on input line 278.
LaTeX Info: Redefining \. on input line 278.
LaTeX Info: Redefining \% on input line 278.
File: ./images/UADE_LARGE.png Graphic file (type png)
<use ./images/UADE_LARGE.png>
Package pdftex.def Info: ./images/UADE_LARGE.png  used on input line 279.
(pdftex.def)             Requested size: 105.2751pt x 36.8594pt.

Overfull \vbox (36.8594pt too high) has occurred while \output is active []


[50]
Underfull \hbox (badness 10000) in alignment at lines 295--301
[] [] []
 []


Underfull \hbox (badness 10000) in alignment at lines 301--305
[] [] []
 []


Underfull \hbox (badness 10000) in alignment at lines 305--336
[] [] []
 []

File: ./images/UADE_LARGE.png Graphic file (type png)
<use ./images/UADE_LARGE.png>
Package pdftex.def Info: ./images/UADE_LARGE.png  used on input line 336.
(pdftex.def)             Requested size: 105.2751pt x 36.8594pt.

Overfull \vbox (36.8594pt too high) has occurred while \output is active []


[51]) (./chapters/capitulo_08_user_research.tex
File: ./images/UADE_LARGE.png Graphic file (type png)
<use ./images/UADE_LARGE.png>
Package pdftex.def Info: ./images/UADE_LARGE.png  used on input line 1.
(pdftex.def)             Requested size: 105.2751pt x 36.8594pt.

Overfull \vbox (36.8594pt too high) has occurred while \output is active []


[52]
Cap\'{\i }tulo 8.
LaTeX Info: Redefining \sptext on input line 11.
LaTeX Info: Redefining \. on input line 11.
LaTeX Info: Redefining \% on input line 11.
LaTeX Info: Redefining \sptext on input line 11.
LaTeX Info: Redefining \. on input line 11.
LaTeX Info: Redefining \% on input line 11.
File: ./images/UADE_LARGE.png Graphic file (type png)
<use ./images/UADE_LARGE.png>
Package pdftex.def Info: ./images/UADE_LARGE.png  used on input line 31.
(pdftex.def)             Requested size: 105.2751pt x 36.8594pt.

Overfull \vbox (36.8594pt too high) has occurred while \output is active []


[53

]
Underfull \hbox (badness 10000) in alignment at lines 55--60
[] [] []
 []


Underfull \hbox (badness 10000) in alignment at lines 60--65
[] [] []
 []


Underfull \hbox (badness 10000) in alignment at lines 65--67
[] [] []
 []


Underfull \hbox (badness 10000) in alignment at lines 67--80
[] [] []
 []

File: ./images/UADE_LARGE.png Graphic file (type png)
<use ./images/UADE_LARGE.png>
Package pdftex.def Info: ./images/UADE_LARGE.png  used on input line 80.
(pdftex.def)             Requested size: 105.2751pt x 36.8594pt.

Overfull \vbox (36.8594pt too high) has occurred while \output is active []


[54]
File: ./images/UADE_LARGE.png Graphic file (type png)
<use ./images/UADE_LARGE.png>
Package pdftex.def Info: ./images/UADE_LARGE.png  used on input line 80.
(pdftex.def)             Requested size: 105.2751pt x 36.8594pt.

Overfull \vbox (36.8594pt too high) has occurred while \output is active []


[55]
File: ./images/UADE_LARGE.png Graphic file (type png)
<use ./images/UADE_LARGE.png>
Package pdftex.def Info: ./images/UADE_LARGE.png  used on input line 80.
(pdftex.def)             Requested size: 105.2751pt x 36.8594pt.

Overfull \vbox (36.8594pt too high) has occurred while \output is active []


[56]
File: ./images/UADE_LARGE.png Graphic file (type png)
<use ./images/UADE_LARGE.png>
Package pdftex.def Info: ./images/UADE_LARGE.png  used on input line 96.
(pdftex.def)             Requested size: 105.2751pt x 36.8594pt.

Overfull \vbox (36.8594pt too high) has occurred while \output is active []


[57]
Underfull \hbox (badness 10000) in alignment at lines 106--111
[] [] []
 []


Underfull \hbox (badness 10000) in alignment at lines 111--116
[] [] []
 []


Underfull \hbox (badness 10000) in alignment at lines 116--118
[] [] []
 []


Underfull \hbox (badness 10000) in alignment at lines 118--127
[] [] []
 []

File: ./images/UADE_LARGE.png Graphic file (type png)
<use ./images/UADE_LARGE.png>
Package pdftex.def Info: ./images/UADE_LARGE.png  used on input line 127.
(pdftex.def)             Requested size: 105.2751pt x 36.8594pt.

Overfull \vbox (36.8594pt too high) has occurred while \output is active []


[58]
Underfull \hbox (badness 10000) in alignment at lines 137--142
[] []
 []


Underfull \hbox (badness 10000) in alignment at lines 142--147
[] []
 []


Underfull \hbox (badness 10000) in alignment at lines 147--149
[] []
 []


Underfull \hbox (badness 10000) in alignment at lines 149--158
[] []
 []

File: ./images/UADE_LARGE.png Graphic file (type png)
<use ./images/UADE_LARGE.png>
Package pdftex.def Info: ./images/UADE_LARGE.png  used on input line 158.
(pdftex.def)             Requested size: 105.2751pt x 36.8594pt.

Overfull \vbox (36.8594pt too high) has occurred while \output is active []


[59]
Underfull \hbox (badness 10000) in alignment at lines 168--173
[] [] []
 []


Underfull \hbox (badness 10000) in alignment at lines 173--178
[] [] []
 []


Underfull \hbox (badness 10000) in alignment at lines 178--180
[] [] []
 []


Underfull \hbox (badness 10000) in alignment at lines 180--194
[] [] []
 []

File: ./images/UADE_LARGE.png Graphic file (type png)
<use ./images/UADE_LARGE.png>
Package pdftex.def Info: ./images/UADE_LARGE.png  used on input line 194.
(pdftex.def)             Requested size: 105.2751pt x 36.8594pt.

Overfull \vbox (36.8594pt too high) has occurred while \output is active []


[60]
File: ./images/UADE_LARGE.png Graphic file (type png)
<use ./images/UADE_LARGE.png>
Package pdftex.def Info: ./images/UADE_LARGE.png  used on input line 215.
(pdftex.def)             Requested size: 105.2751pt x 36.8594pt.

Overfull \vbox (36.8594pt too high) has occurred while \output is active []


[61]
LaTeX Info: Redefining \sptext on input line 215.
LaTeX Info: Redefining \. on input line 215.
LaTeX Info: Redefining \% on input line 215.
LaTeX Info: Redefining \sptext on input line 215.
LaTeX Info: Redefining \. on input line 215.
LaTeX Info: Redefining \% on input line 215.
File: ./images/UADE_LARGE.png Graphic file (type png)
<use ./images/UADE_LARGE.png>
Package pdftex.def Info: ./images/UADE_LARGE.png  used on input line 236.
(pdftex.def)             Requested size: 105.2751pt x 36.8594pt.

Overfull \vbox (36.8594pt too high) has occurred while \output is active []


[62]
<images/user_research/fig_08_01_encuesta_p1.png, id=2288, 446.1468pt x 241.3818
pt>
File: images/user_research/fig_08_01_encuesta_p1.png Graphic file (type png)
<use images/user_research/fig_08_01_encuesta_p1.png>
Package pdftex.def Info: images/user_research/fig_08_01_encuesta_p1.png  used o
n input line 239.
(pdftex.def)             Requested size: 419.4127pt x 226.9247pt.
<images/user_research/fig_08_01_encuesta_p3.png, id=2289, 446.1468pt x 241.8636
pt>
File: images/user_research/fig_08_01_encuesta_p3.png Graphic file (type png)
<use images/user_research/fig_08_01_encuesta_p3.png>
Package pdftex.def Info: images/user_research/fig_08_01_encuesta_p3.png  used o
n input line 242.
(pdftex.def)             Requested size: 419.4127pt x 227.37764pt.
<images/user_research/fig_08_02_encuesta_p9.png, id=2290, 446.1468pt x 217.7736
pt>
File: images/user_research/fig_08_02_encuesta_p9.png Graphic file (type png)
<use images/user_research/fig_08_02_encuesta_p9.png>
Package pdftex.def Info: images/user_research/fig_08_02_encuesta_p9.png  used o
n input line 251.
(pdftex.def)             Requested size: 419.4127pt x 204.73045pt.
<images/user_research/fig_08_02_encuesta_p7.png, id=2291, 446.1468pt x 202.356p
t>
File: images/user_research/fig_08_02_encuesta_p7.png Graphic file (type png)
<use images/user_research/fig_08_02_encuesta_p7.png>
Package pdftex.def Info: images/user_research/fig_08_02_encuesta_p7.png  used o
n input line 254.
(pdftex.def)             Requested size: 419.4127pt x 190.23627pt.
<images/user_research/fig_08_03_encuesta_p11.png, id=2292, 446.1468pt x 161.884
8pt>
File: images/user_research/fig_08_03_encuesta_p11.png Graphic file (type png)
<use images/user_research/fig_08_03_encuesta_p11.png>
Package pdftex.def Info: images/user_research/fig_08_03_encuesta_p11.png  used 
on input line 264.
(pdftex.def)             Requested size: 419.4127pt x 152.18901pt.
<images/user_research/fig_08_03_encuesta_p12_p13.png, id=2293, 446.1468pt x 173
.448pt>
File: images/user_research/fig_08_03_encuesta_p12_p13.png Graphic file (type pn
g)
<use images/user_research/fig_08_03_encuesta_p12_p13.png>
Package pdftex.def Info: images/user_research/fig_08_03_encuesta_p12_p13.png  u
sed on input line 267.
(pdftex.def)             Requested size: 419.4127pt x 163.05966pt.
File: ./images/UADE_LARGE.png Graphic file (type png)
<use ./images/UADE_LARGE.png>
Package pdftex.def Info: ./images/UADE_LARGE.png  used on input line 278.
(pdftex.def)             Requested size: 105.2751pt x 36.8594pt.

Overfull \vbox (36.8594pt too high) has occurred while \output is active []


[63 <./images/user_research/fig_08_01_encuesta_p1.png> <./images/user_research/
fig_08_01_encuesta_p3.png>]
File: ./images/UADE_LARGE.png Graphic file (type png)
<use ./images/UADE_LARGE.png>
Package pdftex.def Info: ./images/UADE_LARGE.png  used on input line 278.
(pdftex.def)             Requested size: 105.2751pt x 36.8594pt.

Overfull \vbox (36.8594pt too high) has occurred while \output is active []


[64 <./images/user_research/fig_08_02_encuesta_p9.png> <./images/user_research/
fig_08_02_encuesta_p7.png>]
File: ./images/UADE_LARGE.png Graphic file (type png)
<use ./images/UADE_LARGE.png>
Package pdftex.def Info: ./images/UADE_LARGE.png  used on input line 278.
(pdftex.def)             Requested size: 105.2751pt x 36.8594pt.

Overfull \vbox (36.8594pt too high) has occurred while \output is active []


[65 <./images/user_research/fig_08_03_encuesta_p11.png> <./images/user_research
/fig_08_03_encuesta_p12_p13.png>]) (./chapters/capitulo_09_requerimientos.tex
File: ./images/UADE_LARGE.png Graphic file (type png)
<use ./images/UADE_LARGE.png>
Package pdftex.def Info: ./images/UADE_LARGE.png  used on input line 1.
(pdftex.def)             Requested size: 105.2751pt x 36.8594pt.

Overfull \vbox (36.8594pt too high) has occurred while \output is active []


[66]
Cap\'{\i }tulo 9.
LaTeX Info: Redefining \sptext on input line 11.
LaTeX Info: Redefining \. on input line 11.
LaTeX Info: Redefining \% on input line 11.
LaTeX Info: Redefining \sptext on input line 11.
LaTeX Info: Redefining \. on input line 11.
LaTeX Info: Redefining \% on input line 11.

Underfull \hbox (badness 10000) in alignment at lines 29--34
[] [] []
 []


Underfull \hbox (badness 10000) in alignment at lines 34--39
[] [] []
 []


Underfull \hbox (badness 10000) in alignment at lines 39--41
[] [] []
 []


Underfull \hbox (badness 10000) in alignment at lines 41--48
[] [] []
 []

File: ./images/UADE_LARGE.png Graphic file (type png)
<use ./images/UADE_LARGE.png>
Package pdftex.def Info: ./images/UADE_LARGE.png  used on input line 48.
(pdftex.def)             Requested size: 105.2751pt x 36.8594pt.

Overfull \vbox (36.8594pt too high) has occurred while \output is active []


[67

]
Underfull \hbox (badness 10000) in alignment at lines 60--65
[] []
 []


Underfull \hbox (badness 10000) in alignment at lines 65--70
[] []
 []


Underfull \hbox (badness 10000) in alignment at lines 70--72
[] []
 []


Underfull \hbox (badness 10000) in alignment at lines 72--78
[] []
 []

File: ./images/UADE_LARGE.png Graphic file (type png)
<use ./images/UADE_LARGE.png>
Package pdftex.def Info: ./images/UADE_LARGE.png  used on input line 83.
(pdftex.def)             Requested size: 105.2751pt x 36.8594pt.

Overfull \vbox (36.8594pt too high) has occurred while \output is active []


[68]
Underfull \hbox (badness 10000) in alignment at lines 108--113
[] [] [] []
 []


Underfull \hbox (badness 10000) in alignment at lines 113--118
[] [] [] []
 []


Underfull \hbox (badness 10000) in alignment at lines 118--120
[] [] [] []
 []


Underfull \hbox (badness 10000) in alignment at lines 120--136
[] [] [] []
 []

File: ./images/UADE_LARGE.png Graphic file (type png)
<use ./images/UADE_LARGE.png>
Package pdftex.def Info: ./images/UADE_LARGE.png  used on input line 136.
(pdftex.def)             Requested size: 105.2751pt x 36.8594pt.

Overfull \vbox (36.8594pt too high) has occurred while \output is active []


[69]
File: ./images/UADE_LARGE.png Graphic file (type png)
<use ./images/UADE_LARGE.png>
Package pdftex.def Info: ./images/UADE_LARGE.png  used on input line 136.
(pdftex.def)             Requested size: 105.2751pt x 36.8594pt.

Overfull \vbox (36.8594pt too high) has occurred while \output is active []


[70]
Underfull \hbox (badness 10000) in alignment at lines 146--151
[] [] [] []
 []


Underfull \hbox (badness 10000) in alignment at lines 151--156
[] [] [] []
 []


Underfull \hbox (badness 10000) in alignment at lines 156--158
[] [] [] []
 []

LaTeX Font Info:    Trying to load font information for T1+lmtt on input line 1
72.
(/usr/local/texlive/2026/texmf-dist/tex/latex/lm/t1lmtt.fd
File: t1lmtt.fd 2015/05/01 v1.6.1 Font defs for Latin Modern
)
Package microtype Info: Loading generic protrusion settings for font family
(microtype)             `lmtt' (encoding: T1).
(microtype)             For optimal results, create family-specific settings.
(microtype)             See the microtype manual for details.
LaTeX Font Info:    Font shape `OT1/ptm/bx/n' in size <8> not available
(Font)              Font shape `OT1/ptm/b/n' tried instead on input line 172.
LaTeX Font Info:    Font shape `OT1/ptm/bx/n' in size <6> not available
(Font)              Font shape `OT1/ptm/b/n' tried instead on input line 172.

Underfull \hbox (badness 10000) in alignment at lines 158--185
[] [] [] []
 []

File: ./images/UADE_LARGE.png Graphic file (type png)
<use ./images/UADE_LARGE.png>
Package pdftex.def Info: ./images/UADE_LARGE.png  used on input line 185.
(pdftex.def)             Requested size: 105.2751pt x 36.8594pt.

Overfull \vbox (36.8594pt too high) has occurred while \output is active []


[71]
File: ./images/UADE_LARGE.png Graphic file (type png)
<use ./images/UADE_LARGE.png>
Package pdftex.def Info: ./images/UADE_LARGE.png  used on input line 185.
(pdftex.def)             Requested size: 105.2751pt x 36.8594pt.

Overfull \vbox (36.8594pt too high) has occurred while \output is active []


[72{/usr/local/texlive/2026/texmf-dist/fonts/enc/dvips/lm/lm-ec.enc}]
Underfull \hbox (badness 10000) in alignment at lines 195--200
[] [] [] []
 []


Underfull \hbox (badness 10000) in alignment at lines 200--205
[] [] [] []
 []


Underfull \hbox (badness 10000) in alignment at lines 205--207
[] [] [] []
 []


Underfull \hbox (badness 10000) in alignment at lines 207--221
[] [] [] []
 []

File: ./images/UADE_LARGE.png Graphic file (type png)
<use ./images/UADE_LARGE.png>
Package pdftex.def Info: ./images/UADE_LARGE.png  used on input line 221.
(pdftex.def)             Requested size: 105.2751pt x 36.8594pt.

Overfull \vbox (36.8594pt too high) has occurred while \output is active []


[73]
Underfull \hbox (badness 10000) in alignment at lines 231--236
[] [] [] []
 []


Underfull \hbox (badness 10000) in alignment at lines 236--241
[] [] [] []
 []


Underfull \hbox (badness 10000) in alignment at lines 241--243
[] [] [] []
 []


Underfull \hbox (badness 10000) in alignment at lines 243--248
[] [] [] []
 []

File: ./images/UADE_LARGE.png Graphic file (type png)
<use ./images/UADE_LARGE.png>
Package pdftex.def Info: ./images/UADE_LARGE.png  used on input line 248.
(pdftex.def)             Requested size: 105.2751pt x 36.8594pt.

Overfull \vbox (36.8594pt too high) has occurred while \output is active []


[74]
Underfull \hbox (badness 10000) in alignment at lines 258--263
[] [] [] [] []
 []


Underfull \hbox (badness 10000) in alignment at lines 263--268
[] [] [] [] []
 []


Underfull \hbox (badness 10000) in alignment at lines 268--270
[] [] [] [] []
 []


Underfull \hbox (badness 10000) in alignment at lines 270--286
[] [] [] [] []
 []

File: ./images/UADE_LARGE.png Graphic file (type png)
<use ./images/UADE_LARGE.png>
Package pdftex.def Info: ./images/UADE_LARGE.png  used on input line 286.
(pdftex.def)             Requested size: 105.2751pt x 36.8594pt.

Overfull \vbox (36.8594pt too high) has occurred while \output is active []


[75]
File: ./images/UADE_LARGE.png Graphic file (type png)
<use ./images/UADE_LARGE.png>
Package pdftex.def Info: ./images/UADE_LARGE.png  used on input line 310.
(pdftex.def)             Requested size: 105.2751pt x 36.8594pt.

Overfull \vbox (36.8594pt too high) has occurred while \output is active []


[76]) (./chapters/capitulo_10_diseno_arquitectura.tex
File: ./images/UADE_LARGE.png Graphic file (type png)
<use ./images/UADE_LARGE.png>
Package pdftex.def Info: ./images/UADE_LARGE.png  used on input line 1.
(pdftex.def)             Requested size: 105.2751pt x 36.8594pt.

Overfull \vbox (36.8594pt too high) has occurred while \output is active []


[77]
Cap\'{\i }tulo 10.
<images/architecture/fig_10_01_contexto_sistema.png, id=2368, 948.54375pt x 677
.53125pt>
File: images/architecture/fig_10_01_contexto_sistema.png Graphic file (type png
)
<use images/architecture/fig_10_01_contexto_sistema.png>
Package pdftex.def Info: images/architecture/fig_10_01_contexto_sistema.png  us
ed on input line 11.
(pdftex.def)             Requested size: 419.4127pt x 299.5827pt.
File: ./images/UADE_LARGE.png Graphic file (type png)
<use ./images/UADE_LARGE.png>
Package pdftex.def Info: ./images/UADE_LARGE.png  used on input line 23.
(pdftex.def)             Requested size: 105.2751pt x 36.8594pt.

Overfull \vbox (36.8594pt too high) has occurred while \output is active []


[78

 <./images/architecture/fig_10_01_contexto_sistema.png (PNG copy)>]
Underfull \hbox (badness 10000) in alignment at lines 29--34
[] []
 []


Underfull \hbox (badness 10000) in alignment at lines 34--39
[] []
 []


Underfull \hbox (badness 10000) in alignment at lines 39--41
[] []
 []


Underfull \hbox (badness 10000) in alignment at lines 41--49
[] []
 []


Underfull \hbox (badness 10000) in alignment at lines 66--70
[] [] []
 []


Underfull \hbox (badness 10000) in alignment at lines 70--74
[] [] []
 []


Underfull \hbox (badness 10000) in alignment at lines 74--76
[] [] []
 []


Underfull \hbox (badness 10000) in alignment at lines 76--87
[] [] []
 []

File: ./images/UADE_LARGE.png Graphic file (type png)
<use ./images/UADE_LARGE.png>
Package pdftex.def Info: ./images/UADE_LARGE.png  used on input line 87.
(pdftex.def)             Requested size: 105.2751pt x 36.8594pt.

Overfull \vbox (36.8594pt too high) has occurred while \output is active []


[79]
Underfull \hbox (badness 10000) in alignment at lines 104--108
[] [] []
 []


Underfull \hbox (badness 10000) in alignment at lines 108--112
[] [] []
 []


Underfull \hbox (badness 10000) in alignment at lines 112--114
[] [] []
 []


Underfull \hbox (badness 10000) in alignment at lines 114--123
[] [] []
 []

File: ./images/UADE_LARGE.png Graphic file (type png)
<use ./images/UADE_LARGE.png>
Package pdftex.def Info: ./images/UADE_LARGE.png  used on input line 123.
(pdftex.def)             Requested size: 105.2751pt x 36.8594pt.

Overfull \vbox (36.8594pt too high) has occurred while \output is active []


[80]
<images/architecture/fig_10_02_componentes.png, id=2385, 948.54375pt x 657.4562
5pt>
File: images/architecture/fig_10_02_componentes.png Graphic file (type png)
<use images/architecture/fig_10_02_componentes.png>
Package pdftex.def Info: images/architecture/fig_10_02_componentes.png  used on
 input line 132.
(pdftex.def)             Requested size: 419.4127pt x 290.70618pt.
<images/architecture/fig_10_03_visor_volumetrico.png, id=2386, 455.301pt x 341.
5962pt>
File: images/architecture/fig_10_03_visor_volumetrico.png Graphic file (type pn
g)
<use images/architecture/fig_10_03_visor_volumetrico.png>
Package pdftex.def Info: images/architecture/fig_10_03_visor_volumetrico.png  u
sed on input line 147.
(pdftex.def)             Requested size: 419.4127pt x 314.67886pt.
File: ./images/UADE_LARGE.png Graphic file (type png)
<use ./images/UADE_LARGE.png>
Package pdftex.def Info: ./images/UADE_LARGE.png  used on input line 153.
(pdftex.def)             Requested size: 105.2751pt x 36.8594pt.

Overfull \vbox (36.8594pt too high) has occurred while \output is active []


[81]
File: ./images/UADE_LARGE.png Graphic file (type png)
<use ./images/UADE_LARGE.png>
Package pdftex.def Info: ./images/UADE_LARGE.png  used on input line 160.
(pdftex.def)             Requested size: 105.2751pt x 36.8594pt.

Overfull \vbox (36.8594pt too high) has occurred while \output is active []


[82 <./images/architecture/fig_10_02_componentes.png (PNG copy)>]
File: ./images/UADE_LARGE.png Graphic file (type png)
<use ./images/UADE_LARGE.png>
Package pdftex.def Info: ./images/UADE_LARGE.png  used on input line 160.
(pdftex.def)             Requested size: 105.2751pt x 36.8594pt.

Overfull \vbox (36.8594pt too high) has occurred while \output is active []


[83 <./images/architecture/fig_10_03_visor_volumetrico.png>]
<images/architecture/fig_10_04_modelo_datos.png, id=2403, 3758.04pt x 2168.1pt>

File: images/architecture/fig_10_04_modelo_datos.png Graphic file (type png)
<use images/architecture/fig_10_04_modelo_datos.png>
Package pdftex.def Info: images/architecture/fig_10_04_modelo_datos.png  used o
n input line 163.
(pdftex.def)             Requested size: 419.4127pt x 241.9654pt.

Underfull \hbox (badness 10000) in alignment at lines 176--180
[] []
 []


Underfull \hbox (badness 10000) in alignment at lines 180--184
[] []
 []


Underfull \hbox (badness 10000) in alignment at lines 184--186
[] []
 []


Underfull \hbox (badness 10000) in alignment at lines 186--199
[] []
 []

File: ./images/UADE_LARGE.png Graphic file (type png)
<use ./images/UADE_LARGE.png>
Package pdftex.def Info: ./images/UADE_LARGE.png  used on input line 199.
(pdftex.def)             Requested size: 105.2751pt x 36.8594pt.

Overfull \vbox (36.8594pt too high) has occurred while \output is active []


[84 <./images/architecture/fig_10_04_modelo_datos.png>]
<images/architecture/fig_10_05_clases_dominio.png, id=2411, 3758.04pt x 2316.65
5pt>
File: images/architecture/fig_10_05_clases_dominio.png Graphic file (type png)
<use images/architecture/fig_10_05_clases_dominio.png>
Package pdftex.def Info: images/architecture/fig_10_05_clases_dominio.png  used
 on input line 220.
(pdftex.def)             Requested size: 428.53233pt x 264.16504pt.
File: ./images/UADE_LARGE.png Graphic file (type png)
<use ./images/UADE_LARGE.png>
Package pdftex.def Info: ./images/UADE_LARGE.png  used on input line 231.
(pdftex.def)             Requested size: 105.2751pt x 36.8594pt.

Overfull \vbox (36.8594pt too high) has occurred while \output is active []


[85]
File: ./images/UADE_LARGE.png Graphic file (type png)
<use ./images/UADE_LARGE.png>
Package pdftex.def Info: ./images/UADE_LARGE.png  used on input line 242.
(pdftex.def)             Requested size: 105.2751pt x 36.8594pt.

Overfull \vbox (36.8594pt too high) has occurred while \output is active []


[86 <./images/architecture/fig_10_05_clases_dominio.png>]
<images/architecture/fig_10_06_flujo_end_to_end.png, id=2421, 3731.9425pt x 272
9.19624pt>
File: images/architecture/fig_10_06_flujo_end_to_end.png Graphic file (type png
)
<use images/architecture/fig_10_06_flujo_end_to_end.png>
Package pdftex.def Info: images/architecture/fig_10_06_flujo_end_to_end.png  us
ed on input line 247.
(pdftex.def)             Requested size: 419.4127pt x 306.709pt.
File: ./images/UADE_LARGE.png Graphic file (type png)
<use ./images/UADE_LARGE.png>
Package pdftex.def Info: ./images/UADE_LARGE.png  used on input line 265.
(pdftex.def)             Requested size: 105.2751pt x 36.8594pt.

Overfull \vbox (36.8594pt too high) has occurred while \output is active []


[87 <./images/architecture/fig_10_06_flujo_end_to_end.png>]
Underfull \hbox (badness 10000) in alignment at lines 272--276
[] [] [] []
 []


Underfull \hbox (badness 10000) in alignment at lines 276--280
[] [] [] []
 []


Underfull \hbox (badness 10000) in alignment at lines 280--282
[] [] [] []
 []


Underfull \hbox (badness 10000) in alignment at lines 282--289
[] [] [] []
 []

File: ./images/UADE_LARGE.png Graphic file (type png)
<use ./images/UADE_LARGE.png>
Package pdftex.def Info: ./images/UADE_LARGE.png  used on input line 306.
(pdftex.def)             Requested size: 105.2751pt x 36.8594pt.

Overfull \vbox (36.8594pt too high) has occurred while \output is active []


[88]
Underfull \hbox (badness 10000) in alignment at lines 320--324
[] [] []
 []


Underfull \hbox (badness 10000) in alignment at lines 324--328
[] [] []
 []


Underfull \hbox (badness 10000) in alignment at lines 328--330
[] [] []
 []


Underfull \hbox (badness 10000) in alignment at lines 330--334
[] [] []
 []


Underfull \hbox (badness 10000) in alignment at lines 352--356
[] [] []
 []


Underfull \hbox (badness 10000) in alignment at lines 356--360
[] [] []
 []


Underfull \hbox (badness 10000) in alignment at lines 360--362
[] [] []
 []


Underfull \hbox (badness 10000) in alignment at lines 362--372
[] [] []
 []

File: ./images/UADE_LARGE.png Graphic file (type png)
<use ./images/UADE_LARGE.png>
Package pdftex.def Info: ./images/UADE_LARGE.png  used on input line 372.
(pdftex.def)             Requested size: 105.2751pt x 36.8594pt.

Overfull \vbox (36.8594pt too high) has occurred while \output is active []


[89]
File: ./images/UADE_LARGE.png Graphic file (type png)
<use ./images/UADE_LARGE.png>
Package pdftex.def Info: ./images/UADE_LARGE.png  used on input line 372.
(pdftex.def)             Requested size: 105.2751pt x 36.8594pt.

Overfull \vbox (36.8594pt too high) has occurred while \output is active []


[90]
Underfull \hbox (badness 10000) in alignment at lines 387--391
[] [] [] []
 []


Underfull \hbox (badness 10000) in alignment at lines 391--395
[] [] [] []
 []


Underfull \hbox (badness 10000) in alignment at lines 395--397
[] [] [] []
 []


Underfull \hbox (badness 10000) in alignment at lines 397--403
[] [] [] []
 []

File: ./images/UADE_LARGE.png Graphic file (type png)
<use ./images/UADE_LARGE.png>
Package pdftex.def Info: ./images/UADE_LARGE.png  used on input line 408.
(pdftex.def)             Requested size: 105.2751pt x 36.8594pt.

Overfull \vbox (36.8594pt too high) has occurred while \output is active []


[91]
File: ./images/UADE_LARGE.png Graphic file (type png)
<use ./images/UADE_LARGE.png>
Package pdftex.def Info: ./images/UADE_LARGE.png  used on input line 428.
(pdftex.def)             Requested size: 105.2751pt x 36.8594pt.

Overfull \vbox (36.8594pt too high) has occurred while \output is active []


[92]
Underfull \hbox (badness 10000) in alignment at lines 435--439
[] [] [] [] [] []
 []


Underfull \hbox (badness 10000) in alignment at lines 439--443
[] [] [] [] [] []
 []


Underfull \hbox (badness 10000) in alignment at lines 443--445
[] [] [] [] [] []
 []


Underfull \hbox (badness 10000) in alignment at lines 445--451
[] [] [] [] [] []
 []

File: ./images/UADE_LARGE.png Graphic file (type png)
<use ./images/UADE_LARGE.png>
Package pdftex.def Info: ./images/UADE_LARGE.png  used on input line 455.
(pdftex.def)             Requested size: 105.2751pt x 36.8594pt.

Overfull \vbox (36.8594pt too high) has occurred while \output is active []


[93]
<images/architecture/fig_10_07_despliegue_google_cloud.png, id=2462, 455.301pt 
x 315.579pt>
File: images/architecture/fig_10_07_despliegue_google_cloud.png Graphic file (t
ype png)
<use images/architecture/fig_10_07_despliegue_google_cloud.png>
Package pdftex.def Info: images/architecture/fig_10_07_despliegue_google_cloud.
png  used on input line 458.
(pdftex.def)             Requested size: 419.4127pt x 290.71179pt.
File: ./images/UADE_LARGE.png Graphic file (type png)
<use ./images/UADE_LARGE.png>
Package pdftex.def Info: ./images/UADE_LARGE.png  used on input line 469.
(pdftex.def)             Requested size: 105.2751pt x 36.8594pt.

Overfull \vbox (36.8594pt too high) has occurred while \output is active []


[94 <./images/architecture/fig_10_07_despliegue_google_cloud.png>]
Underfull \hbox (badness 10000) in alignment at lines 475--480
[] [] []
 []


Underfull \hbox (badness 10000) in alignment at lines 480--484
[] [] []
 []


Underfull \hbox (badness 10000) in alignment at lines 484--486
[] [] []
 []


Underfull \hbox (badness 10000) in alignment at lines 486--497
[] [] []
 []

File: ./images/UADE_LARGE.png Graphic file (type png)
<use ./images/UADE_LARGE.png>
Package pdftex.def Info: ./images/UADE_LARGE.png  used on input line 508.
(pdftex.def)             Requested size: 105.2751pt x 36.8594pt.

Overfull \vbox (36.8594pt too high) has occurred while \output is active []


[95]
Underfull \hbox (badness 10000) in alignment at lines 561--566
[] [] [] []
 []


Underfull \hbox (badness 10000) in alignment at lines 566--571
[] [] [] []
 []


Underfull \hbox (badness 10000) in alignment at lines 571--573
[] [] [] []
 []


Underfull \hbox (badness 10000) in alignment at lines 573--584
[] [] [] []
 []

File: ./images/UADE_LARGE.png Graphic file (type png)
<use ./images/UADE_LARGE.png>
Package pdftex.def Info: ./images/UADE_LARGE.png  used on input line 584.
(pdftex.def)             Requested size: 105.2751pt x 36.8594pt.

Overfull \vbox (36.8594pt too high) has occurred while \output is active []


[96]) (./chapters/capitulo_11_capacidades_prototipo.tex
File: ./images/UADE_LARGE.png Graphic file (type png)
<use ./images/UADE_LARGE.png>
Package pdftex.def Info: ./images/UADE_LARGE.png  used on input line 1.
(pdftex.def)             Requested size: 105.2751pt x 36.8594pt.

Overfull \vbox (36.8594pt too high) has occurred while \output is active []


[97]
Cap\'{\i }tulo 11.

Underfull \hbox (badness 10000) in alignment at lines 25--30
[] [] []
 []


Underfull \hbox (badness 10000) in alignment at lines 30--34
[] [] []
 []


Underfull \hbox (badness 10000) in alignment at lines 34--36
[] [] []
 []


Underfull \hbox (badness 10000) in alignment at lines 36--42
[] [] []
 []

File: ./images/UADE_LARGE.png Graphic file (type png)
<use ./images/UADE_LARGE.png>
Package pdftex.def Info: ./images/UADE_LARGE.png  used on input line 42.
(pdftex.def)             Requested size: 105.2751pt x 36.8594pt.

Overfull \vbox (36.8594pt too high) has occurred while \output is active []


[98

]
File: ./images/UADE_LARGE.png Graphic file (type png)
<use ./images/UADE_LARGE.png>
Package pdftex.def Info: ./images/UADE_LARGE.png  used on input line 80.
(pdftex.def)             Requested size: 105.2751pt x 36.8594pt.

Overfull \vbox (36.8594pt too high) has occurred while \output is active []


[99]
Underfull \hbox (badness 10000) in alignment at lines 110--115
[] [] [] []
 []


Underfull \hbox (badness 10000) in alignment at lines 115--119
[] [] [] []
 []


Underfull \hbox (badness 10000) in alignment at lines 119--121
[] [] [] []
 []


Underfull \hbox (badness 10000) in alignment at lines 121--129
[] [] [] []
 []

File: ./images/UADE_LARGE.png Graphic file (type png)
<use ./images/UADE_LARGE.png>
Package pdftex.def Info: ./images/UADE_LARGE.png  used on input line 129.
(pdftex.def)             Requested size: 105.2751pt x 36.8594pt.

Overfull \vbox (36.8594pt too high) has occurred while \output is active []


[100]
Overfull \hbox (28.14944pt too wide) in paragraph at lines 147--148
[]\T1/ptm/m/n/12 (-20) Qué evi-den-cia lo res-pal-da. El ga-te ofi-cial del ar-
ti-fact axial re-gis-tra \T1/lmtt/m/n/12 qualityGatePassed=false\T1/ptm/m/n/12 
(-20) .
 []


Overfull \hbox (39.78319pt too wide) in paragraph at lines 147--148
\T1/ptm/m/n/12 (-20) La mé-tri-ca ofi-cial de pri-mer plano es Di-ce ma-cro $\O
T1/ztmcm/m/n/12 0[]679348283374592$ \T1/ptm/m/n/12 (-20) e IoU ma-cro $\OT1/ztm
cm/m/n/12 0[]5699727598420694$\T1/ptm/m/n/12 (-20) ,
 []

File: ./images/UADE_LARGE.png Graphic file (type png)
<use ./images/UADE_LARGE.png>
Package pdftex.def Info: ./images/UADE_LARGE.png  used on input line 158.
(pdftex.def)             Requested size: 105.2751pt x 36.8594pt.

Overfull \vbox (36.8594pt too high) has occurred while \output is active []


[101]
Underfull \hbox (badness 10000) in alignment at lines 165--170
[] [] [] [] []
 []


Underfull \hbox (badness 10000) in alignment at lines 170--174
[] [] [] [] []
 []


Underfull \hbox (badness 10000) in alignment at lines 174--176
[] [] [] [] []
 []


Underfull \hbox (badness 10000) in alignment at lines 176--184
[] [] [] [] []
 []

File: ./images/UADE_LARGE.png Graphic file (type png)
<use ./images/UADE_LARGE.png>
Package pdftex.def Info: ./images/UADE_LARGE.png  used on input line 194.
(pdftex.def)             Requested size: 105.2751pt x 36.8594pt.

Overfull \vbox (36.8594pt too high) has occurred while \output is active []


[102]
File: ./images/UADE_LARGE.png Graphic file (type png)
<use ./images/UADE_LARGE.png>
Package pdftex.def Info: ./images/UADE_LARGE.png  used on input line 223.
(pdftex.def)             Requested size: 105.2751pt x 36.8594pt.

Overfull \vbox (36.8594pt too high) has occurred while \output is active []


[103]
File: ./images/UADE_LARGE.png Graphic file (type png)
<use ./images/UADE_LARGE.png>
Package pdftex.def Info: ./images/UADE_LARGE.png  used on input line 237.
(pdftex.def)             Requested size: 105.2751pt x 36.8594pt.

Overfull \vbox (36.8594pt too high) has occurred while \output is active []


[104]
File: ./images/UADE_LARGE.png Graphic file (type png)
<use ./images/UADE_LARGE.png>
Package pdftex.def Info: ./images/UADE_LARGE.png  used on input line 287.
(pdftex.def)             Requested size: 105.2751pt x 36.8594pt.

Overfull \vbox (36.8594pt too high) has occurred while \output is active []


[105]
File: ./images/UADE_LARGE.png Graphic file (type png)
<use ./images/UADE_LARGE.png>
Package pdftex.def Info: ./images/UADE_LARGE.png  used on input line 316.
(pdftex.def)             Requested size: 105.2751pt x 36.8594pt.

Overfull \vbox (36.8594pt too high) has occurred while \output is active []


[106]
Overfull \hbox (14.64104pt too wide) in alignment at lines 347--352
[] [] [] [] [] [] []
 []


Overfull \hbox (14.64104pt too wide) in alignment at lines 352--356
[] [] [] [] [] [] []
 []


Overfull \hbox (14.64104pt too wide) in alignment at lines 356--358
[] [] [] [] [] [] []
 []


Overfull \hbox (14.64104pt too wide) in alignment at lines 358--368
[] [] [] [] [] [] []
 []

File: ./images/UADE_LARGE.png Graphic file (type png)
<use ./images/UADE_LARGE.png>
Package pdftex.def Info: ./images/UADE_LARGE.png  used on input line 368.
(pdftex.def)             Requested size: 105.2751pt x 36.8594pt.

Overfull \vbox (36.8594pt too high) has occurred while \output is active []


[107]
File: ./images/UADE_LARGE.png Graphic file (type png)
<use ./images/UADE_LARGE.png>
Package pdftex.def Info: ./images/UADE_LARGE.png  used on input line 387.
(pdftex.def)             Requested size: 105.2751pt x 36.8594pt.

Overfull \vbox (36.8594pt too high) has occurred while \output is active []


[108]
Underfull \hbox (badness 10000) in alignment at lines 407--412
[] [] [] []
 []


Underfull \hbox (badness 10000) in alignment at lines 412--416
[] [] [] []
 []


Underfull \hbox (badness 10000) in alignment at lines 416--418
[] [] [] []
 []


Underfull \hbox (badness 10000) in alignment at lines 418--426
[] [] [] []
 []

File: ./images/UADE_LARGE.png Graphic file (type png)
<use ./images/UADE_LARGE.png>
Package pdftex.def Info: ./images/UADE_LARGE.png  used on input line 426.
(pdftex.def)             Requested size: 105.2751pt x 36.8594pt.

Overfull \vbox (36.8594pt too high) has occurred while \output is active []


[109]
Underfull \hbox (badness 10000) in alignment at lines 441--446
[] [] []
 []


Underfull \hbox (badness 10000) in alignment at lines 446--450
[] [] []
 []


Underfull \hbox (badness 10000) in alignment at lines 450--452
[] [] []
 []


Underfull \hbox (badness 10000) in alignment at lines 452--471
[] [] []
 []

File: ./images/UADE_LARGE.png Graphic file (type png)
<use ./images/UADE_LARGE.png>
Package pdftex.def Info: ./images/UADE_LARGE.png  used on input line 471.
(pdftex.def)             Requested size: 105.2751pt x 36.8594pt.

Overfull \vbox (36.8594pt too high) has occurred while \output is active []


[110]) (./chapters/capitulo_12_metodologia_validacion.tex
File: ./images/UADE_LARGE.png Graphic file (type png)
<use ./images/UADE_LARGE.png>
Package pdftex.def Info: ./images/UADE_LARGE.png  used on input line 1.
(pdftex.def)             Requested size: 105.2751pt x 36.8594pt.

Overfull \vbox (36.8594pt too high) has occurred while \output is active []


[111]
Cap\'{\i }tulo 12.
LaTeX Info: Redefining \sptext on input line 8.
LaTeX Info: Redefining \. on input line 8.
LaTeX Info: Redefining \% on input line 8.
LaTeX Info: Redefining \sptext on input line 8.
LaTeX Info: Redefining \. on input line 8.
LaTeX Info: Redefining \% on input line 8.
File: ./images/UADE_LARGE.png Graphic file (type png)
<use ./images/UADE_LARGE.png>
Package pdftex.def Info: ./images/UADE_LARGE.png  used on input line 76.
(pdftex.def)             Requested size: 105.2751pt x 36.8594pt.

Overfull \vbox (36.8594pt too high) has occurred while \output is active []


[112

]
File: ./images/UADE_LARGE.png Graphic file (type png)
<use ./images/UADE_LARGE.png>
Package pdftex.def Info: ./images/UADE_LARGE.png  used on input line 88.
(pdftex.def)             Requested size: 105.2751pt x 36.8594pt.

Overfull \vbox (36.8594pt too high) has occurred while \output is active []


[113]
<images/methodology/fig_12_02_publicacion_cloud_wif.png, id=2562, 3731.9425pt x
 3392.675pt>
File: images/methodology/fig_12_02_publicacion_cloud_wif.png Graphic file (type
 png)
<use images/methodology/fig_12_02_publicacion_cloud_wif.png>
Package pdftex.def Info: images/methodology/fig_12_02_publicacion_cloud_wif.png
  used on input line 105.
(pdftex.def)             Requested size: 428.53233pt x 389.5541pt.
File: ./images/UADE_LARGE.png Graphic file (type png)
<use ./images/UADE_LARGE.png>
Package pdftex.def Info: ./images/UADE_LARGE.png  used on input line 111.
(pdftex.def)             Requested size: 105.2751pt x 36.8594pt.

Overfull \vbox (36.8594pt too high) has occurred while \output is active []


[114]
File: ./images/UADE_LARGE.png Graphic file (type png)
<use ./images/UADE_LARGE.png>
Package pdftex.def Info: ./images/UADE_LARGE.png  used on input line 111.
(pdftex.def)             Requested size: 105.2751pt x 36.8594pt.

Overfull \vbox (36.8594pt too high) has occurred while \output is active []


[115 <./images/methodology/fig_12_02_publicacion_cloud_wif.png>]
File: ./images/UADE_LARGE.png Graphic file (type png)
<use ./images/UADE_LARGE.png>
Package pdftex.def Info: ./images/UADE_LARGE.png  used on input line 127.
(pdftex.def)             Requested size: 105.2751pt x 36.8594pt.

Overfull \vbox (36.8594pt too high) has occurred while \output is active []


[116]
File: ./images/UADE_LARGE.png Graphic file (type png)
<use ./images/UADE_LARGE.png>
Package pdftex.def Info: ./images/UADE_LARGE.png  used on input line 143.
(pdftex.def)             Requested size: 105.2751pt x 36.8594pt.

Overfull \vbox (36.8594pt too high) has occurred while \output is active []


[117]) (./chapters/capitulo_13_resultados_evaluacion.tex
File: ./images/UADE_LARGE.png Graphic file (type png)
<use ./images/UADE_LARGE.png>
Package pdftex.def Info: ./images/UADE_LARGE.png  used on input line 1.
(pdftex.def)             Requested size: 105.2751pt x 36.8594pt.

Overfull \vbox (36.8594pt too high) has occurred while \output is active []


[118]
Cap\'{\i }tulo 13.

Underfull \hbox (badness 10000) in alignment at lines 21--26
[] [] [] [] []
 []


Underfull \hbox (badness 10000) in alignment at lines 26--30
[] [] [] [] []
 []


Underfull \hbox (badness 10000) in alignment at lines 30--32
[] [] [] [] []
 []


Underfull \hbox (badness 10000) in alignment at lines 32--36
[] [] [] [] []
 []

File: ./images/UADE_LARGE.png Graphic file (type png)
<use ./images/UADE_LARGE.png>
Package pdftex.def Info: ./images/UADE_LARGE.png  used on input line 41.
(pdftex.def)             Requested size: 105.2751pt x 36.8594pt.

Overfull \vbox (36.8594pt too high) has occurred while \output is active []


[119

]
Underfull \hbox (badness 10000) in alignment at lines 52--57
[] [] [] [] []
 []


Underfull \hbox (badness 10000) in alignment at lines 57--61
[] [] [] [] []
 []


Underfull \hbox (badness 10000) in alignment at lines 61--63
[] [] [] [] []
 []


Overfull \hbox (9.97609pt too wide) in paragraph at lines 65--65
[]|\T1/ptm/m/n/8 (-20) 0,679348283374592 
 []


Overfull \hbox (16.50677pt too wide) in paragraph at lines 65--65
\T1/ptm/m/n/8 (-20) 0,5699727598420694)|  
 []


Overfull \hbox (13.89609pt too wide) in paragraph at lines 66--66
[]|\T1/ptm/m/n/8 (-20) 0,8105661875685084 
 []


Overfull \hbox (16.50677pt too wide) in paragraph at lines 66--66
\T1/ptm/m/n/8 (-20) 0,6915400877715925)|  
 []


Underfull \hbox (badness 10000) in alignment at lines 63--68
[] [] [] [] []
 []

File: ./images/UADE_LARGE.png Graphic file (type png)
<use ./images/UADE_LARGE.png>
Package pdftex.def Info: ./images/UADE_LARGE.png  used on input line 80.
(pdftex.def)             Requested size: 105.2751pt x 36.8594pt.

Overfull \vbox (36.8594pt too high) has occurred while \output is active []


[120]
Underfull \hbox (badness 10000) in alignment at lines 102--107
[] [] [] []
 []


Underfull \hbox (badness 10000) in alignment at lines 107--111
[] [] [] []
 []


Underfull \hbox (badness 10000) in alignment at lines 111--113
[] [] [] []
 []


Underfull \hbox (badness 10000) in alignment at lines 113--118
[] [] [] []
 []

File: ./images/UADE_LARGE.png Graphic file (type png)
<use ./images/UADE_LARGE.png>
Package pdftex.def Info: ./images/UADE_LARGE.png  used on input line 118.
(pdftex.def)             Requested size: 105.2751pt x 36.8594pt.

Overfull \vbox (36.8594pt too high) has occurred while \output is active []


[121]
File: ./images/UADE_LARGE.png Graphic file (type png)
<use ./images/UADE_LARGE.png>
Package pdftex.def Info: ./images/UADE_LARGE.png  used on input line 138.
(pdftex.def)             Requested size: 105.2751pt x 36.8594pt.

Overfull \vbox (36.8594pt too high) has occurred while \output is active []


[122]
Underfull \hbox (badness 10000) in alignment at lines 144--149
[] [] []
 []


Underfull \hbox (badness 10000) in alignment at lines 149--153
[] [] []
 []


Underfull \hbox (badness 10000) in alignment at lines 153--155
[] [] []
 []


Overfull \hbox (14.00601pt too wide) in paragraph at lines 163--164
\T1/ptm/m/n/8 (-20) create/associate/list/detail/longitudinal/report/reload/per
sist- 
 []


Underfull \hbox (badness 10000) in alignment at lines 155--173
[] [] []
 []


Overfull \hbox (72.29152pt too wide) in paragraph at lines 179--180
\T1/ptm/m/n/12 (-20) ble \T1/lmtt/m/n/12 gs://pfi-backend-durable-dev \T1/ptm/m
/n/12 (-20) y buc-ket de check-point \T1/lmtt/m/n/12 gs://pfi-rm-lumbar-artifac
ts-2026-ef\T1/ptm/m/n/12 (-20) ),
 []

File: ./images/UADE_LARGE.png Graphic file (type png)
<use ./images/UADE_LARGE.png>
Package pdftex.def Info: ./images/UADE_LARGE.png  used on input line 180.
(pdftex.def)             Requested size: 105.2751pt x 36.8594pt.

Overfull \vbox (36.8594pt too high) has occurred while \output is active []


[123]
Underfull \hbox (badness 10000) in alignment at lines 186--191
[] [] []
 []


Underfull \hbox (badness 10000) in alignment at lines 191--195
[] [] []
 []


Underfull \hbox (badness 10000) in alignment at lines 195--197
[] [] []
 []


Underfull \hbox (badness 10000) in alignment at lines 197--208
[] [] []
 []


Overfull \hbox (11.76764pt too wide) in alignment at lines 216--221
[] [] [] [] []
 []


Overfull \hbox (11.76764pt too wide) in alignment at lines 221--225
[] [] [] [] []
 []


Overfull \hbox (11.76764pt too wide) in alignment at lines 225--227
[] [] [] [] []
 []


Overfull \hbox (11.76764pt too wide) in alignment at lines 227--232
[] [] [] [] []
 []

File: ./images/UADE_LARGE.png Graphic file (type png)
<use ./images/UADE_LARGE.png>
Package pdftex.def Info: ./images/UADE_LARGE.png  used on input line 236.
(pdftex.def)             Requested size: 105.2751pt x 36.8594pt.

Overfull \vbox (36.8594pt too high) has occurred while \output is active []


[124]
File: ./images/UADE_LARGE.png Graphic file (type png)
<use ./images/UADE_LARGE.png>
Package pdftex.def Info: ./images/UADE_LARGE.png  used on input line 255.
(pdftex.def)             Requested size: 105.2751pt x 36.8594pt.

Overfull \vbox (36.8594pt too high) has occurred while \output is active []


[125]
File: ./images/UADE_LARGE.png Graphic file (type png)
<use ./images/UADE_LARGE.png>
Package pdftex.def Info: ./images/UADE_LARGE.png  used on input line 267.
(pdftex.def)             Requested size: 105.2751pt x 36.8594pt.

Overfull \vbox (36.8594pt too high) has occurred while \output is active []


[126]
Underfull \hbox (badness 10000) in alignment at lines 275--280
[] [] [] []
 []


Underfull \hbox (badness 10000) in alignment at lines 280--284
[] [] [] []
 []


Underfull \hbox (badness 10000) in alignment at lines 284--286
[] [] [] []
 []


Underfull \hbox (badness 10000) in alignment at lines 286--301
[] [] [] []
 []

File: ./images/UADE_LARGE.png Graphic file (type png)
<use ./images/UADE_LARGE.png>
Package pdftex.def Info: ./images/UADE_LARGE.png  used on input line 301.
(pdftex.def)             Requested size: 105.2751pt x 36.8594pt.

Overfull \vbox (36.8594pt too high) has occurred while \output is active []


[127]
File: ./images/UADE_LARGE.png Graphic file (type png)
<use ./images/UADE_LARGE.png>
Package pdftex.def Info: ./images/UADE_LARGE.png  used on input line 320.
(pdftex.def)             Requested size: 105.2751pt x 36.8594pt.

Overfull \vbox (36.8594pt too high) has occurred while \output is active []


[128]
Overfull \hbox (39.8731pt too wide) in paragraph at lines 324--325
[]\T1/ptm/m/n/12 (-20) P10.7 man-tie-ne \T1/lmtt/m/n/12 automaticInferenceEnabl
ed=false \T1/ptm/m/n/12 (-20) por \T1/lmtt/m/n/12 blocked_preprocessing_parity\
T1/ptm/m/n/12 (-20) . 
 []

File: ./images/UADE_LARGE.png Graphic file (type png)
<use ./images/UADE_LARGE.png>
Package pdftex.def Info: ./images/UADE_LARGE.png  used on input line 337.
(pdftex.def)             Requested size: 105.2751pt x 36.8594pt.

Overfull \vbox (36.8594pt too high) has occurred while \output is active []


[129]) (./chapters/capitulo_15_modelo_negocio.tex
File: ./images/UADE_LARGE.png Graphic file (type png)
<use ./images/UADE_LARGE.png>
Package pdftex.def Info: ./images/UADE_LARGE.png  used on input line 1.
(pdftex.def)             Requested size: 105.2751pt x 36.8594pt.

Overfull \vbox (36.8594pt too high) has occurred while \output is active []


[130]
Cap\'{\i }tulo 14.

Overfull \hbox (289.6858pt too wide) in paragraph at lines 21--22
[]\T1/ptm/m/n/12 (-20) La fuen-te pri-ma-ria de las ci-fras de es-te ca-pí-tu-l
o es el mo-de-lo fi-nan-cie-ro edi-ta-ble \T1/lmtt/m/n/12 PFI_RM_LUMBAR_FINANCI
AL_MODEL_36M_COMERCIAL_TARGET.xlsx\T1/ptm/m/n/12 (-20) ,
 []

File: ./images/UADE_LARGE.png Graphic file (type png)
<use ./images/UADE_LARGE.png>
Package pdftex.def Info: ./images/UADE_LARGE.png  used on input line 27.
(pdftex.def)             Requested size: 105.2751pt x 36.8594pt.

Overfull \vbox (36.8594pt too high) has occurred while \output is active []


[131

]
Underfull \hbox (badness 10000) in alignment at lines 33--38
[] [] []
 []


Underfull \hbox (badness 10000) in alignment at lines 38--42
[] [] []
 []


Underfull \hbox (badness 10000) in alignment at lines 42--44
[] [] []
 []


Underfull \hbox (badness 10000) in alignment at lines 44--50
[] [] []
 []

File: ./images/UADE_LARGE.png Graphic file (type png)
<use ./images/UADE_LARGE.png>
Package pdftex.def Info: ./images/UADE_LARGE.png  used on input line 66.
(pdftex.def)             Requested size: 105.2751pt x 36.8594pt.

Overfull \vbox (36.8594pt too high) has occurred while \output is active []


[132]
Overfull \hbox (10.39215pt too wide) in paragraph at lines 92--92
[]|\T1/ptm/b/n/8 (-20) Excedente/estudio|  
 []


Underfull \hbox (badness 10000) in alignment at lines 89--94
[] [] [] [] [] []
 []


Overfull \hbox (10.39215pt too wide) in paragraph at lines 96--96
[]|\T1/ptm/b/n/8 (-20) Excedente/estudio|  
 []


Underfull \hbox (badness 10000) in alignment at lines 94--98
[] [] [] [] [] []
 []


Underfull \hbox (badness 10000) in alignment at lines 98--100
[] [] [] [] [] []
 []


Underfull \hbox (badness 10000) in alignment at lines 100--105
[] [] [] [] [] []
 []

File: ./images/UADE_LARGE.png Graphic file (type png)
<use ./images/UADE_LARGE.png>
Package pdftex.def Info: ./images/UADE_LARGE.png  used on input line 109.
(pdftex.def)             Requested size: 105.2751pt x 36.8594pt.

Overfull \vbox (36.8594pt too high) has occurred while \output is active []


[133]
Underfull \hbox (badness 10000) in alignment at lines 137--142
[] [] []
 []


Underfull \hbox (badness 10000) in alignment at lines 142--146
[] [] []
 []


Underfull \hbox (badness 10000) in alignment at lines 146--148
[] [] []
 []


Underfull \hbox (badness 10000) in alignment at lines 148--155
[] [] []
 []

File: ./images/UADE_LARGE.png Graphic file (type png)
<use ./images/UADE_LARGE.png>
Package pdftex.def Info: ./images/UADE_LARGE.png  used on input line 155.
(pdftex.def)             Requested size: 105.2751pt x 36.8594pt.

Overfull \vbox (36.8594pt too high) has occurred while \output is active []


[134]
Overfull \hbox (0.7853pt too wide) in paragraph at lines 160--161
[]\T1/ptm/m/n/12 (-20) Adicionalmente, se confirmó durante esta medición que el
 costo fijo de Cloud (USD 11,08--
 []


Underfull \hbox (badness 10000) in alignment at lines 172--177
[] [] []
 []


Underfull \hbox (badness 10000) in alignment at lines 177--181
[] [] []
 []


Underfull \hbox (badness 10000) in alignment at lines 181--183
[] [] []
 []


Underfull \hbox (badness 10000) in alignment at lines 183--188
[] [] []
 []

File: ./images/UADE_LARGE.png Graphic file (type png)
<use ./images/UADE_LARGE.png>
Package pdftex.def Info: ./images/UADE_LARGE.png  used on input line 199.
(pdftex.def)             Requested size: 105.2751pt x 36.8594pt.

Overfull \vbox (36.8594pt too high) has occurred while \output is active []


[135]
Overfull \hbox (5.29533pt too wide) detected at line 224
[]
 []

File: ./images/UADE_LARGE.png Graphic file (type png)
<use ./images/UADE_LARGE.png>
Package pdftex.def Info: ./images/UADE_LARGE.png  used on input line 231.
(pdftex.def)             Requested size: 105.2751pt x 36.8594pt.

Overfull \vbox (36.8594pt too high) has occurred while \output is active []


[136]
Underfull \hbox (badness 10000) in alignment at lines 255--260
[] [] [] [] [] []
 []


Underfull \hbox (badness 10000) in alignment at lines 260--264
[] [] [] [] [] []
 []


Underfull \hbox (badness 10000) in alignment at lines 264--266
[] [] [] [] [] []
 []


Underfull \hbox (badness 10000) in alignment at lines 266--272
[] [] [] [] [] []
 []

File: ./images/UADE_LARGE.png Graphic file (type png)
<use ./images/UADE_LARGE.png>
Package pdftex.def Info: ./images/UADE_LARGE.png  used on input line 276.
(pdftex.def)             Requested size: 105.2751pt x 36.8594pt.

Overfull \vbox (36.8594pt too high) has occurred while \output is active []


[137]
Underfull \hbox (badness 10000) in alignment at lines 287--292
[] []
 []


Underfull \hbox (badness 10000) in alignment at lines 292--296
[] []
 []


Underfull \hbox (badness 10000) in alignment at lines 296--298
[] []
 []


Underfull \hbox (badness 10000) in alignment at lines 298--308
[] []
 []


Underfull \hbox (badness 10000) in alignment at lines 323--328
[] [] [] []
 []


Underfull \hbox (badness 10000) in alignment at lines 328--332
[] [] [] []
 []


Underfull \hbox (badness 10000) in alignment at lines 332--334
[] [] [] []
 []


Underfull \hbox (badness 10000) in alignment at lines 334--342
[] [] [] []
 []

File: ./images/UADE_LARGE.png Graphic file (type png)
<use ./images/UADE_LARGE.png>
Package pdftex.def Info: ./images/UADE_LARGE.png  used on input line 342.
(pdftex.def)             Requested size: 105.2751pt x 36.8594pt.

Overfull \vbox (36.8594pt too high) has occurred while \output is active []


[138]
Underfull \hbox (badness 10000) in alignment at lines 366--371
[] [] []
 []


Underfull \hbox (badness 10000) in alignment at lines 371--375
[] [] []
 []


Underfull \hbox (badness 10000) in alignment at lines 375--377
[] [] []
 []


Underfull \hbox (badness 10000) in alignment at lines 377--388
[] [] []
 []

File: ./images/UADE_LARGE.png Graphic file (type png)
<use ./images/UADE_LARGE.png>
Package pdftex.def Info: ./images/UADE_LARGE.png  used on input line 388.
(pdftex.def)             Requested size: 105.2751pt x 36.8594pt.

Overfull \vbox (36.8594pt too high) has occurred while \output is active []


[139]
File: ./images/UADE_LARGE.png Graphic file (type png)
<use ./images/UADE_LARGE.png>
Package pdftex.def Info: ./images/UADE_LARGE.png  used on input line 403.
(pdftex.def)             Requested size: 105.2751pt x 36.8594pt.

Overfull \vbox (36.8594pt too high) has occurred while \output is active []


[140]) (./chapters/capitulo_14_planificacion_academica.tex
File: ./images/UADE_LARGE.png Graphic file (type png)
<use ./images/UADE_LARGE.png>
Package pdftex.def Info: ./images/UADE_LARGE.png  used on input line 1.
(pdftex.def)             Requested size: 105.2751pt x 36.8594pt.

Overfull \vbox (36.8594pt too high) has occurred while \output is active []


[141]
File: ./images/UADE_LARGE.png Graphic file (type png)
<use ./images/UADE_LARGE.png>
Package pdftex.def Info: ./images/UADE_LARGE.png  used on input line 1.
(pdftex.def)             Requested size: 105.2751pt x 36.8594pt.

Overfull \vbox (36.8594pt too high) has occurred while \output is active []


[142]
Cap\'{\i }tulo 15.

Underfull \hbox (badness 10000) in paragraph at lines 52--53
[]|\T1/ptm/m/n/8 (+20) checkpoint y con-tra-tos exis-ten;
 []


Underfull \hbox (badness 10000) in paragraph at lines 52--53
\T1/lmtt/m/n/8 blocked_preprocessing_parity \T1/ptm/m/n/8 (+20) y
 []


Underfull \hbox (badness 10000) in paragraph at lines 52--53
\T1/lmtt/m/n/8 automaticInferenceEnabled=false\T1/ptm/m/n/8 (+20) ; no se
 []

File: ./images/UADE_LARGE.png Graphic file (type png)
<use ./images/UADE_LARGE.png>
Package pdftex.def Info: ./images/UADE_LARGE.png  used on input line 62.
(pdftex.def)             Requested size: 105.2751pt x 36.8594pt.

Overfull \vbox (36.8594pt too high) has occurred while \output is active []


[143

])
File: ./images/UADE_LARGE.png Graphic file (type png)
<use ./images/UADE_LARGE.png>
Package pdftex.def Info: ./images/UADE_LARGE.png  used on input line 276.
(pdftex.def)             Requested size: 105.2751pt x 36.8594pt.

Overfull \vbox (36.8594pt too high) has occurred while \output is active []


[144] (./appendices/anexo_a_cronograma.tex
File: ./images/UADE_LARGE.png Graphic file (type png)
<use ./images/UADE_LARGE.png>
Package pdftex.def Info: ./images/UADE_LARGE.png  used on input line 1.
(pdftex.def)             Requested size: 105.2751pt x 36.8594pt.

Overfull \vbox (36.8594pt too high) has occurred while \output is active []


[145]
Ap\'{e}ndice A.
File: ./images/UADE_LARGE.png Graphic file (type png)
<use ./images/UADE_LARGE.png>
Package pdftex.def Info: ./images/UADE_LARGE.png  used on input line 97.
(pdftex.def)             Requested size: 105.2751pt x 36.8594pt.

Overfull \vbox (36.8594pt too high) has occurred while \output is active []


[146

]
File: ./images/UADE_LARGE.png Graphic file (type png)
<use ./images/UADE_LARGE.png>
Package pdftex.def Info: ./images/UADE_LARGE.png  used on input line 128.
(pdftex.def)             Requested size: 105.2751pt x 36.8594pt.

Overfull \vbox (36.8594pt too high) has occurred while \output is active []


[147]) (./appendices/anexo_b_glosario.tex
File: ./images/UADE_LARGE.png Graphic file (type png)
<use ./images/UADE_LARGE.png>
Package pdftex.def Info: ./images/UADE_LARGE.png  used on input line 1.
(pdftex.def)             Requested size: 105.2751pt x 36.8594pt.

Overfull \vbox (36.8594pt too high) has occurred while \output is active []


[148]
Ap\'{e}ndice B.
File: ./images/UADE_LARGE.png Graphic file (type png)
<use ./images/UADE_LARGE.png>
Package pdftex.def Info: ./images/UADE_LARGE.png  used on input line 22.
(pdftex.def)             Requested size: 105.2751pt x 36.8594pt.

Overfull \vbox (36.8594pt too high) has occurred while \output is active []


[149

]
File: ./images/UADE_LARGE.png Graphic file (type png)
<use ./images/UADE_LARGE.png>
Package pdftex.def Info: ./images/UADE_LARGE.png  used on input line 41.
(pdftex.def)             Requested size: 105.2751pt x 36.8594pt.

Overfull \vbox (36.8594pt too high) has occurred while \output is active []


[150]
File: ./images/UADE_LARGE.png Graphic file (type png)
<use ./images/UADE_LARGE.png>
Package pdftex.def Info: ./images/UADE_LARGE.png  used on input line 61.
(pdftex.def)             Requested size: 105.2751pt x 36.8594pt.

Overfull \vbox (36.8594pt too high) has occurred while \output is active []


[151]
File: ./images/UADE_LARGE.png Graphic file (type png)
<use ./images/UADE_LARGE.png>
Package pdftex.def Info: ./images/UADE_LARGE.png  used on input line 83.
(pdftex.def)             Requested size: 105.2751pt x 36.8594pt.

Overfull \vbox (36.8594pt too high) has occurred while \output is active []


[152]
File: ./images/UADE_LARGE.png Graphic file (type png)
<use ./images/UADE_LARGE.png>
Package pdftex.def Info: ./images/UADE_LARGE.png  used on input line 104.
(pdftex.def)             Requested size: 105.2751pt x 36.8594pt.

Overfull \vbox (36.8594pt too high) has occurred while \output is active []


[153]) (./appendices/anexo_c_anatomia.tex
File: ./images/UADE_LARGE.png Graphic file (type png)
<use ./images/UADE_LARGE.png>
Package pdftex.def Info: ./images/UADE_LARGE.png  used on input line 1.
(pdftex.def)             Requested size: 105.2751pt x 36.8594pt.

Overfull \vbox (36.8594pt too high) has occurred while \output is active []


[154]
Ap\'{e}ndice C.
<images/anatomy/fig_c_01_columna_lumbar_sagital.png, id=2800, 282.3348pt x 200.
4288pt>
File: images/anatomy/fig_c_01_columna_lumbar_sagital.png Graphic file (type png
)
<use images/anatomy/fig_c_01_columna_lumbar_sagital.png>
Package pdftex.def Info: images/anatomy/fig_c_01_columna_lumbar_sagital.png  us
ed on input line 20.
(pdftex.def)             Requested size: 419.4127pt x 297.76154pt.
File: ./images/UADE_LARGE.png Graphic file (type png)
<use ./images/UADE_LARGE.png>
Package pdftex.def Info: ./images/UADE_LARGE.png  used on input line 24.
(pdftex.def)             Requested size: 105.2751pt x 36.8594pt.

Overfull \vbox (36.8594pt too high) has occurred while \output is active []


[155

]
<images/anatomy/fig_c_02_segmentacion_conceptual.png, id=2806, 455.301pt x 184.
0476pt>
File: images/anatomy/fig_c_02_segmentacion_conceptual.png Graphic file (type pn
g)
<use images/anatomy/fig_c_02_segmentacion_conceptual.png>
Package pdftex.def Info: images/anatomy/fig_c_02_segmentacion_conceptual.png  u
sed on input line 29.
(pdftex.def)             Requested size: 419.4127pt x 169.54489pt.
) (./appendices/anexo_d_entrevistas.tex
File: ./images/UADE_LARGE.png Graphic file (type png)
<use ./images/UADE_LARGE.png>
Package pdftex.def Info: ./images/UADE_LARGE.png  used on input line 1.
(pdftex.def)             Requested size: 105.2751pt x 36.8594pt.

Overfull \vbox (36.8594pt too high) has occurred while \output is active []


[156 <./images/anatomy/fig_c_01_columna_lumbar_sagital.png> <./images/anatomy/f
ig_c_02_segmentacion_conceptual.png>]
Ap\'{e}ndice D.
File: ./images/UADE_LARGE.png Graphic file (type png)
<use ./images/UADE_LARGE.png>
Package pdftex.def Info: ./images/UADE_LARGE.png  used on input line 29.
(pdftex.def)             Requested size: 105.2751pt x 36.8594pt.

Overfull \vbox (36.8594pt too high) has occurred while \output is active []


[157

]
File: ./images/UADE_LARGE.png Graphic file (type png)
<use ./images/UADE_LARGE.png>
Package pdftex.def Info: ./images/UADE_LARGE.png  used on input line 48.
(pdftex.def)             Requested size: 105.2751pt x 36.8594pt.

Overfull \vbox (36.8594pt too high) has occurred while \output is active []


[158]
File: ./images/UADE_LARGE.png Graphic file (type png)
<use ./images/UADE_LARGE.png>
Package pdftex.def Info: ./images/UADE_LARGE.png  used on input line 69.
(pdftex.def)             Requested size: 105.2751pt x 36.8594pt.

Overfull \vbox (36.8594pt too high) has occurred while \output is active []


[159]
File: ./images/UADE_LARGE.png Graphic file (type png)
<use ./images/UADE_LARGE.png>
Package pdftex.def Info: ./images/UADE_LARGE.png  used on input line 110.
(pdftex.def)             Requested size: 105.2751pt x 36.8594pt.

Overfull \vbox (36.8594pt too high) has occurred while \output is active []


[160]
File: ./images/UADE_LARGE.png Graphic file (type png)
<use ./images/UADE_LARGE.png>
Package pdftex.def Info: ./images/UADE_LARGE.png  used on input line 125.
(pdftex.def)             Requested size: 105.2751pt x 36.8594pt.

Overfull \vbox (36.8594pt too high) has occurred while \output is active []


[161]
File: ./images/UADE_LARGE.png Graphic file (type png)
<use ./images/UADE_LARGE.png>
Package pdftex.def Info: ./images/UADE_LARGE.png  used on input line 143.
(pdftex.def)             Requested size: 105.2751pt x 36.8594pt.

Overfull \vbox (36.8594pt too high) has occurred while \output is active []


[162]
File: ./images/UADE_LARGE.png Graphic file (type png)
<use ./images/UADE_LARGE.png>
Package pdftex.def Info: ./images/UADE_LARGE.png  used on input line 165.
(pdftex.def)             Requested size: 105.2751pt x 36.8594pt.

Overfull \vbox (36.8594pt too high) has occurred while \output is active []


[163]
File: ./images/UADE_LARGE.png Graphic file (type png)
<use ./images/UADE_LARGE.png>
Package pdftex.def Info: ./images/UADE_LARGE.png  used on input line 197.
(pdftex.def)             Requested size: 105.2751pt x 36.8594pt.

Overfull \vbox (36.8594pt too high) has occurred while \output is active []


[164]
File: ./images/UADE_LARGE.png Graphic file (type png)
<use ./images/UADE_LARGE.png>
Package pdftex.def Info: ./images/UADE_LARGE.png  used on input line 217.
(pdftex.def)             Requested size: 105.2751pt x 36.8594pt.

Overfull \vbox (36.8594pt too high) has occurred while \output is active []


[165]
File: ./images/UADE_LARGE.png Graphic file (type png)
<use ./images/UADE_LARGE.png>
Package pdftex.def Info: ./images/UADE_LARGE.png  used on input line 241.
(pdftex.def)             Requested size: 105.2751pt x 36.8594pt.

Overfull \vbox (36.8594pt too high) has occurred while \output is active []


[166]
File: ./images/UADE_LARGE.png Graphic file (type png)
<use ./images/UADE_LARGE.png>
Package pdftex.def Info: ./images/UADE_LARGE.png  used on input line 267.
(pdftex.def)             Requested size: 105.2751pt x 36.8594pt.

Overfull \vbox (36.8594pt too high) has occurred while \output is active []


[167]
File: ./images/UADE_LARGE.png Graphic file (type png)
<use ./images/UADE_LARGE.png>
Package pdftex.def Info: ./images/UADE_LARGE.png  used on input line 300.
(pdftex.def)             Requested size: 105.2751pt x 36.8594pt.

Overfull \vbox (36.8594pt too high) has occurred while \output is active []


[168]
File: ./images/UADE_LARGE.png Graphic file (type png)
<use ./images/UADE_LARGE.png>
Package pdftex.def Info: ./images/UADE_LARGE.png  used on input line 324.
(pdftex.def)             Requested size: 105.2751pt x 36.8594pt.

Overfull \vbox (36.8594pt too high) has occurred while \output is active []


[169]
File: ./images/UADE_LARGE.png Graphic file (type png)
<use ./images/UADE_LARGE.png>
Package pdftex.def Info: ./images/UADE_LARGE.png  used on input line 354.
(pdftex.def)             Requested size: 105.2751pt x 36.8594pt.

Overfull \vbox (36.8594pt too high) has occurred while \output is active []


[170]
File: ./images/UADE_LARGE.png Graphic file (type png)
<use ./images/UADE_LARGE.png>
Package pdftex.def Info: ./images/UADE_LARGE.png  used on input line 373.
(pdftex.def)             Requested size: 105.2751pt x 36.8594pt.

Overfull \vbox (36.8594pt too high) has occurred while \output is active []


[171]
File: ./images/UADE_LARGE.png Graphic file (type png)
<use ./images/UADE_LARGE.png>
Package pdftex.def Info: ./images/UADE_LARGE.png  used on input line 389.
(pdftex.def)             Requested size: 105.2751pt x 36.8594pt.

Overfull \vbox (36.8594pt too high) has occurred while \output is active []


[172]
File: ./images/UADE_LARGE.png Graphic file (type png)
<use ./images/UADE_LARGE.png>
Package pdftex.def Info: ./images/UADE_LARGE.png  used on input line 405.
(pdftex.def)             Requested size: 105.2751pt x 36.8594pt.

Overfull \vbox (36.8594pt too high) has occurred while \output is active []


[173]
File: ./images/UADE_LARGE.png Graphic file (type png)
<use ./images/UADE_LARGE.png>
Package pdftex.def Info: ./images/UADE_LARGE.png  used on input line 434.
(pdftex.def)             Requested size: 105.2751pt x 36.8594pt.

Overfull \vbox (36.8594pt too high) has occurred while \output is active []


[174]) (./appendices/anexo_e_configuracion_entrenamiento.tex
File: ./images/UADE_LARGE.png Graphic file (type png)
<use ./images/UADE_LARGE.png>
Package pdftex.def Info: ./images/UADE_LARGE.png  used on input line 1.
(pdftex.def)             Requested size: 105.2751pt x 36.8594pt.

Overfull \vbox (36.8594pt too high) has occurred while \output is active []


[175]
Ap\'{e}ndice E.
File: ./images/UADE_LARGE.png Graphic file (type png)
<use ./images/UADE_LARGE.png>
Package pdftex.def Info: ./images/UADE_LARGE.png  used on input line 88.
(pdftex.def)             Requested size: 105.2751pt x 36.8594pt.

Overfull \vbox (36.8594pt too high) has occurred while \output is active []


[176

]
File: ./images/UADE_LARGE.png Graphic file (type png)
<use ./images/UADE_LARGE.png>
Package pdftex.def Info: ./images/UADE_LARGE.png  used on input line 122.
(pdftex.def)             Requested size: 105.2751pt x 36.8594pt.

Overfull \vbox (36.8594pt too high) has occurred while \output is active []


[177]) (./appendices/anexo_f_evolucion_tecnica.tex
File: ./images/UADE_LARGE.png Graphic file (type png)
<use ./images/UADE_LARGE.png>
Package pdftex.def Info: ./images/UADE_LARGE.png  used on input line 1.
(pdftex.def)             Requested size: 105.2751pt x 36.8594pt.

Overfull \vbox (36.8594pt too high) has occurred while \output is active []


[178]
Ap\'{e}ndice F.
File: ./images/UADE_LARGE.png Graphic file (type png)
<use ./images/UADE_LARGE.png>
Package pdftex.def Info: ./images/UADE_LARGE.png  used on input line 19.
(pdftex.def)             Requested size: 105.2751pt x 36.8594pt.

Overfull \vbox (36.8594pt too high) has occurred while \output is active []


[179

]
Overfull \hbox (16.81567pt too wide) in alignment at lines 37--43
 [] [] [] [] [] 
 []


Overfull \hbox (16.81567pt too wide) in alignment at lines 43--47
 [] [] [] [] [] 
 []


Overfull \hbox (5.17131pt too wide) in paragraph at lines 48--49
[]|\T1/ptm/m/n/12 (-20) Terminado|  
 []


Overfull \hbox (5.17131pt too wide) in paragraph at lines 50--51
[]|\T1/ptm/m/n/12 (-20) Terminado|  
 []


Overfull \hbox (13.86688pt too wide) in paragraph at lines 52--53
[]|\T1/ptm/m/n/12 (-20) Consolidado|  
 []


Overfull \hbox (22.34561pt too wide) in paragraph at lines 54--55
[]|\T1/ptm/m/n/12 (-20) Implementado|  
 []


Overfull \hbox (5.36456pt too wide) in paragraph at lines 56--57
[]|\T1/ptm/m/n/12 (-20) Bloqueado|  
 []


Overfull \hbox (23.78561pt too wide) in paragraph at lines 58--59
[]|\T1/ptm/m/n/12 (-20) Implementado, 
 []


Overfull \hbox (16.81567pt too wide) in alignment at lines 47--64
 [] [] [] [] [] 
 []

File: ./images/UADE_LARGE.png Graphic file (type png)
<use ./images/UADE_LARGE.png>
Package pdftex.def Info: ./images/UADE_LARGE.png  used on input line 64.
(pdftex.def)             Requested size: 105.2751pt x 36.8594pt.

Overfull \vbox (36.8594pt too high) has occurred while \output is active []


[180]
File: ./images/UADE_LARGE.png Graphic file (type png)
<use ./images/UADE_LARGE.png>
Package pdftex.def Info: ./images/UADE_LARGE.png  used on input line 64.
(pdftex.def)             Requested size: 105.2751pt x 36.8594pt.

Overfull \vbox (36.8594pt too high) has occurred while \output is active []


[181]
File: ./images/UADE_LARGE.png Graphic file (type png)
<use ./images/UADE_LARGE.png>
Package pdftex.def Info: ./images/UADE_LARGE.png  used on input line 64.
(pdftex.def)             Requested size: 105.2751pt x 36.8594pt.

Overfull \vbox (36.8594pt too high) has occurred while \output is active []


[182]
File: ./images/UADE_LARGE.png Graphic file (type png)
<use ./images/UADE_LARGE.png>
Package pdftex.def Info: ./images/UADE_LARGE.png  used on input line 73.
(pdftex.def)             Requested size: 105.2751pt x 36.8594pt.

Overfull \vbox (36.8594pt too high) has occurred while \output is active []


[183]
LaTeX Font Info:    Calculating math sizes for size <14> on input line 74.
LaTeX Font Info:    Font shape `OT1/ptm/bx/n' in size <14> not available
(Font)              Font shape `OT1/ptm/b/n' tried instead on input line 74.
LaTeX Font Info:    Font shape `OT1/ptm/bx/n' in size <10.36008> not available
(Font)              Font shape `OT1/ptm/b/n' tried instead on input line 74.
LaTeX Font Info:    Font shape `OT1/ptm/bx/n' in size <8.40009> not available
(Font)              Font shape `OT1/ptm/b/n' tried instead on input line 74.
File: ./images/UADE_LARGE.png Graphic file (type png)
<use ./images/UADE_LARGE.png>
Package pdftex.def Info: ./images/UADE_LARGE.png  used on input line 91.
(pdftex.def)             Requested size: 105.2751pt x 36.8594pt.

Overfull \vbox (36.8594pt too high) has occurred while \output is active []


[184]
File: ./images/UADE_LARGE.png Graphic file (type png)
<use ./images/UADE_LARGE.png>
Package pdftex.def Info: ./images/UADE_LARGE.png  used on input line 117.
(pdftex.def)             Requested size: 105.2751pt x 36.8594pt.

Overfull \vbox (36.8594pt too high) has occurred while \output is active []


[185]
Overfull \hbox (13.52837pt too wide) in alignment at lines 118--124
 [] [] [] [] 
 []


Overfull \hbox (13.52837pt too wide) in alignment at lines 124--128
 [] [] [] [] 
 []


Overfull \hbox (5.57985pt too wide) in paragraph at lines 139--139
[]|\T1/ptm/m/n/12 (-20) run_multiplanar_pipeline 
 []


Overfull \hbox (13.52837pt too wide) in alignment at lines 128--143
 [] [] [] [] 
 []

File: ./images/UADE_LARGE.png Graphic file (type png)
<use ./images/UADE_LARGE.png>
Package pdftex.def Info: ./images/UADE_LARGE.png  used on input line 143.
(pdftex.def)             Requested size: 105.2751pt x 36.8594pt.

Overfull \vbox (36.8594pt too high) has occurred while \output is active []


[186]
Overfull \hbox (119.61092pt too wide) in paragraph at lines 159--160
[]\T1/ptm/m/n/12 (-20) Los SHAs fi-na-les usa-dos co-mo ba-se do-cu-men-tal son
: Bac-kend \T1/lmtt/m/n/12 33081f7cc3702afe4db04a2b63de4762408b5d50\T1/ptm/m/n/
12 (-20) ,
 []


Overfull \hbox (147.60818pt too wide) in paragraph at lines 159--160
\T1/ptm/m/n/12 (-20) Fron-tend \T1/lmtt/m/n/12 ff191e1195a4e6bf06312ae8e266d378
94c5b7b1 \T1/ptm/m/n/12 (-20) y AI Mo-du-le \T1/lmtt/m/n/12 22b12e04ce37f5c9ba6
a02f356ac2022390bf06e\T1/ptm/m/n/12 (-20) .
 []

) (./appendices/anexo_g_adr.tex
File: ./images/UADE_LARGE.png Graphic file (type png)
<use ./images/UADE_LARGE.png>
Package pdftex.def Info: ./images/UADE_LARGE.png  used on input line 1.
(pdftex.def)             Requested size: 105.2751pt x 36.8594pt.

Overfull \vbox (36.8594pt too high) has occurred while \output is active []


[187]
File: ./images/UADE_LARGE.png Graphic file (type png)
<use ./images/UADE_LARGE.png>
Package pdftex.def Info: ./images/UADE_LARGE.png  used on input line 1.
(pdftex.def)             Requested size: 105.2751pt x 36.8594pt.

Overfull \vbox (36.8594pt too high) has occurred while \output is active []


[188]
Ap\'{e}ndice G.
File: ./images/UADE_LARGE.png Graphic file (type png)
<use ./images/UADE_LARGE.png>
Package pdftex.def Info: ./images/UADE_LARGE.png  used on input line 36.
(pdftex.def)             Requested size: 105.2751pt x 36.8594pt.

Overfull \vbox (36.8594pt too high) has occurred while \output is active []


[189

]
File: ./images/UADE_LARGE.png Graphic file (type png)
<use ./images/UADE_LARGE.png>
Package pdftex.def Info: ./images/UADE_LARGE.png  used on input line 80.
(pdftex.def)             Requested size: 105.2751pt x 36.8594pt.

Overfull \vbox (36.8594pt too high) has occurred while \output is active []


[190]
File: ./images/UADE_LARGE.png Graphic file (type png)
<use ./images/UADE_LARGE.png>
Package pdftex.def Info: ./images/UADE_LARGE.png  used on input line 111.
(pdftex.def)             Requested size: 105.2751pt x 36.8594pt.

Overfull \vbox (36.8594pt too high) has occurred while \output is active []


[191]
File: ./images/UADE_LARGE.png Graphic file (type png)
<use ./images/UADE_LARGE.png>
Package pdftex.def Info: ./images/UADE_LARGE.png  used on input line 149.
(pdftex.def)             Requested size: 105.2751pt x 36.8594pt.

Overfull \vbox (36.8594pt too high) has occurred while \output is active []


[192]) (./appendices/anexo_h_validaciones_producto.tex
File: ./images/UADE_LARGE.png Graphic file (type png)
<use ./images/UADE_LARGE.png>
Package pdftex.def Info: ./images/UADE_LARGE.png  used on input line 1.
(pdftex.def)             Requested size: 105.2751pt x 36.8594pt.

Overfull \vbox (36.8594pt too high) has occurred while \output is active []


[193]
Ap\'{e}ndice H.
File: ./images/UADE_LARGE.png Graphic file (type png)
<use ./images/UADE_LARGE.png>
Package pdftex.def Info: ./images/UADE_LARGE.png  used on input line 24.
(pdftex.def)             Requested size: 105.2751pt x 36.8594pt.

Overfull \vbox (36.8594pt too high) has occurred while \output is active []


[194

]
File: ./images/UADE_LARGE.png Graphic file (type png)
<use ./images/UADE_LARGE.png>
Package pdftex.def Info: ./images/UADE_LARGE.png  used on input line 49.
(pdftex.def)             Requested size: 105.2751pt x 36.8594pt.

Overfull \vbox (36.8594pt too high) has occurred while \output is active []


[195]
File: ./images/UADE_LARGE.png Graphic file (type png)
<use ./images/UADE_LARGE.png>
Package pdftex.def Info: ./images/UADE_LARGE.png  used on input line 66.
(pdftex.def)             Requested size: 105.2751pt x 36.8594pt.

Overfull \vbox (36.8594pt too high) has occurred while \output is active []


[196])
File: ./images/UADE_LARGE.png Graphic file (type png)
<use ./images/UADE_LARGE.png>
Package pdftex.def Info: ./images/UADE_LARGE.png  used on input line 286.
(pdftex.def)             Requested size: 105.2751pt x 36.8594pt.

Overfull \vbox (36.8594pt too high) has occurred while \output is active []


[197]
File: ./images/UADE_LARGE.png Graphic file (type png)
<use ./images/UADE_LARGE.png>
Package pdftex.def Info: ./images/UADE_LARGE.png  used on input line 289.
(pdftex.def)             Requested size: 105.2751pt x 36.8594pt.

Overfull \vbox (36.8594pt too high) has occurred while \output is active []


[198]
LaTeX Info: Redefining \sptext on input line 291.
LaTeX Info: Redefining \. on input line 291.
LaTeX Info: Redefining \% on input line 291.
LaTeX Info: Redefining \sptext on input line 291.
LaTeX Info: Redefining \. on input line 291.
LaTeX Info: Redefining \% on input line 291.
LaTeX Info: Redefining \sptext on input line 291.
LaTeX Info: Redefining \. on input line 291.
LaTeX Info: Redefining \% on input line 291.
LaTeX Info: Redefining \sptext on input line 291.
LaTeX Info: Redefining \. on input line 291.
LaTeX Info: Redefining \% on input line 291.
LaTeX Info: Redefining \sptext on input line 291.
LaTeX Info: Redefining \. on input line 291.
LaTeX Info: Redefining \% on input line 291.
LaTeX Info: Redefining \sptext on input line 291.
LaTeX Info: Redefining \. on input line 291.
LaTeX Info: Redefining \% on input line 291.
LaTeX Info: Redefining \sptext on input line 291.
LaTeX Info: Redefining \. on input line 291.
LaTeX Info: Redefining \% on input line 291.
LaTeX Info: Redefining \sptext on input line 291.
LaTeX Info: Redefining \. on input line 291.
LaTeX Info: Redefining \% on input line 291.
LaTeX Info: Redefining \sptext on input line 291.
LaTeX Info: Redefining \. on input line 291.
LaTeX Info: Redefining \% on input line 291.
LaTeX Info: Redefining \sptext on input line 291.
LaTeX Info: Redefining \. on input line 291.
LaTeX Info: Redefining \% on input line 291.
LaTeX Info: Redefining \sptext on input line 291.
LaTeX Info: Redefining \. on input line 291.
LaTeX Info: Redefining \% on input line 291.
LaTeX Info: Redefining \sptext on input line 291.
LaTeX Info: Redefining \. on input line 291.
LaTeX Info: Redefining \% on input line 291.
LaTeX Info: Redefining \sptext on input line 291.
LaTeX Info: Redefining \. on input line 291.
LaTeX Info: Redefining \% on input line 291.
LaTeX Info: Redefining \sptext on input line 291.
LaTeX Info: Redefining \. on input line 291.
LaTeX Info: Redefining \% on input line 291.
LaTeX Info: Redefining \sptext on input line 291.
LaTeX Info: Redefining \. on input line 291.
LaTeX Info: Redefining \% on input line 291.
LaTeX Info: Redefining \sptext on input line 291.
LaTeX Info: Redefining \. on input line 291.
LaTeX Info: Redefining \% on input line 291.
LaTeX Info: Redefining \sptext on input line 291.
LaTeX Info: Redefining \. on input line 291.
LaTeX Info: Redefining \% on input line 291.
LaTeX Info: Redefining \sptext on input line 291.
LaTeX Info: Redefining \. on input line 291.
LaTeX Info: Redefining \% on input line 291.
LaTeX Info: Redefining \sptext on input line 291.
LaTeX Info: Redefining \. on input line 291.
LaTeX Info: Redefining \% on input line 291.
LaTeX Info: Redefining \sptext on input line 291.
LaTeX Info: Redefining \. on input line 291.
LaTeX Info: Redefining \% on input line 291.
LaTeX Info: Redefining \sptext on input line 291.
LaTeX Info: Redefining \. on input line 291.
LaTeX Info: Redefining \% on input line 291.
LaTeX Info: Redefining \sptext on input line 291.
LaTeX Info: Redefining \. on input line 291.
LaTeX Info: Redefining \% on input line 291.
LaTeX Info: Redefining \sptext on input line 291.
LaTeX Info: Redefining \. on input line 291.
LaTeX Info: Redefining \% on input line 291.
LaTeX Info: Redefining \sptext on input line 291.
LaTeX Info: Redefining \. on input line 291.
LaTeX Info: Redefining \% on input line 291.
LaTeX Info: Redefining \sptext on input line 291.
LaTeX Info: Redefining \. on input line 291.
LaTeX Info: Redefining \% on input line 291.
LaTeX Info: Redefining \sptext on input line 291.
LaTeX Info: Redefining \. on input line 291.
LaTeX Info: Redefining \% on input line 291.
LaTeX Info: Redefining \sptext on input line 291.
LaTeX Info: Redefining \. on input line 291.
LaTeX Info: Redefining \% on input line 291.
LaTeX Info: Redefining \sptext on input line 291.
LaTeX Info: Redefining \. on input line 291.
LaTeX Info: Redefining \% on input line 291.
File: ./images/UADE_LARGE.png Graphic file (type png)
<use ./images/UADE_LARGE.png>
Package pdftex.def Info: ./images/UADE_LARGE.png  used on input line 291.
(pdftex.def)             Requested size: 105.2751pt x 36.8594pt.

Overfull \vbox (36.8594pt too high) has occurred while \output is active []


[199


]
LaTeX Info: Redefining \sptext on input line 291.
LaTeX Info: Redefining \. on input line 291.
LaTeX Info: Redefining \% on input line 291.
LaTeX Info: Redefining \sptext on input line 291.
LaTeX Info: Redefining \. on input line 291.
LaTeX Info: Redefining \% on input line 291.
LaTeX Info: Redefining \sptext on input line 291.
LaTeX Info: Redefining \. on input line 291.
LaTeX Info: Redefining \% on input line 291.
LaTeX Info: Redefining \sptext on input line 291.
LaTeX Info: Redefining \. on input line 291.
LaTeX Info: Redefining \% on input line 291.
LaTeX Info: Redefining \sptext on input line 291.
LaTeX Info: Redefining \. on input line 291.
LaTeX Info: Redefining \% on input line 291.
LaTeX Info: Redefining \sptext on input line 291.
LaTeX Info: Redefining \. on input line 291.
LaTeX Info: Redefining \% on input line 291.
LaTeX Info: Redefining \sptext on input line 291.
LaTeX Info: Redefining \. on input line 291.
LaTeX Info: Redefining \% on input line 291.
LaTeX Info: Redefining \sptext on input line 291.
LaTeX Info: Redefining \. on input line 291.
LaTeX Info: Redefining \% on input line 291.
LaTeX Info: Redefining \sptext on input line 291.
LaTeX Info: Redefining \. on input line 291.
LaTeX Info: Redefining \% on input line 291.
LaTeX Info: Redefining \sptext on input line 291.
LaTeX Info: Redefining \. on input line 291.
LaTeX Info: Redefining \% on input line 291.
LaTeX Info: Redefining \sptext on input line 291.
LaTeX Info: Redefining \. on input line 291.
LaTeX Info: Redefining \% on input line 291.
LaTeX Info: Redefining \sptext on input line 291.
LaTeX Info: Redefining \. on input line 291.
LaTeX Info: Redefining \% on input line 291.
LaTeX Info: Redefining \sptext on input line 291.
LaTeX Info: Redefining \. on input line 291.
LaTeX Info: Redefining \% on input line 291.
LaTeX Info: Redefining \sptext on input line 291.
LaTeX Info: Redefining \. on input line 291.
LaTeX Info: Redefining \% on input line 291.
LaTeX Info: Redefining \sptext on input line 291.
LaTeX Info: Redefining \. on input line 291.
LaTeX Info: Redefining \% on input line 291.
LaTeX Info: Redefining \sptext on input line 291.
LaTeX Info: Redefining \. on input line 291.
LaTeX Info: Redefining \% on input line 291.
LaTeX Info: Redefining \sptext on input line 291.
LaTeX Info: Redefining \. on input line 291.
LaTeX Info: Redefining \% on input line 291.
LaTeX Info: Redefining \sptext on input line 291.
LaTeX Info: Redefining \. on input line 291.
LaTeX Info: Redefining \% on input line 291.
LaTeX Info: Redefining \sptext on input line 291.
LaTeX Info: Redefining \. on input line 291.
LaTeX Info: Redefining \% on input line 291.
LaTeX Info: Redefining \sptext on input line 291.
LaTeX Info: Redefining \. on input line 291.
LaTeX Info: Redefining \% on input line 291.
LaTeX Info: Redefining \sptext on input line 291.
LaTeX Info: Redefining \. on input line 291.
LaTeX Info: Redefining \% on input line 291.
LaTeX Info: Redefining \sptext on input line 291.
LaTeX Info: Redefining \. on input line 291.
LaTeX Info: Redefining \% on input line 291.
LaTeX Info: Redefining \sptext on input line 291.
LaTeX Info: Redefining \. on input line 291.
LaTeX Info: Redefining \% on input line 291.
LaTeX Info: Redefining \sptext on input line 291.
LaTeX Info: Redefining \. on input line 291.
LaTeX Info: Redefining \% on input line 291.
LaTeX Info: Redefining \sptext on input line 291.
LaTeX Info: Redefining \. on input line 291.
LaTeX Info: Redefining \% on input line 291.
LaTeX Info: Redefining \sptext on input line 291.
LaTeX Info: Redefining \. on input line 291.
LaTeX Info: Redefining \% on input line 291.
LaTeX Info: Redefining \sptext on input line 291.
LaTeX Info: Redefining \. on input line 291.
LaTeX Info: Redefining \% on input line 291.
LaTeX Info: Redefining \sptext on input line 291.
LaTeX Info: Redefining \. on input line 291.
LaTeX Info: Redefining \% on input line 291.
LaTeX Info: Redefining \sptext on input line 291.
LaTeX Info: Redefining \. on input line 291.
LaTeX Info: Redefining \% on input line 291.
LaTeX Info: Redefining \sptext on input line 291.
LaTeX Info: Redefining \. on input line 291.
LaTeX Info: Redefining \% on input line 291.
LaTeX Info: Redefining \sptext on input line 291.
LaTeX Info: Redefining \. on input line 291.
LaTeX Info: Redefining \% on input line 291.
LaTeX Info: Redefining \sptext on input line 291.
LaTeX Info: Redefining \. on input line 291.
LaTeX Info: Redefining \% on input line 291.
LaTeX Info: Redefining \sptext on input line 291.
LaTeX Info: Redefining \. on input line 291.
LaTeX Info: Redefining \% on input line 291.
LaTeX Info: Redefining \sptext on input line 291.
LaTeX Info: Redefining \. on input line 291.
LaTeX Info: Redefining \% on input line 291.
LaTeX Info: Redefining \sptext on input line 291.
LaTeX Info: Redefining \. on input line 291.
LaTeX Info: Redefining \% on input line 291.
LaTeX Info: Redefining \sptext on input line 291.
LaTeX Info: Redefining \. on input line 291.
LaTeX Info: Redefining \% on input line 291.
LaTeX Info: Redefining \sptext on input line 291.
LaTeX Info: Redefining \. on input line 291.
LaTeX Info: Redefining \% on input line 291.
LaTeX Info: Redefining \sptext on input line 291.
LaTeX Info: Redefining \. on input line 291.
LaTeX Info: Redefining \% on input line 291.
LaTeX Info: Redefining \sptext on input line 291.
LaTeX Info: Redefining \. on input line 291.
LaTeX Info: Redefining \% on input line 291.
LaTeX Info: Redefining \sptext on input line 291.
LaTeX Info: Redefining \. on input line 291.
LaTeX Info: Redefining \% on input line 291.
LaTeX Info: Redefining \sptext on input line 291.
LaTeX Info: Redefining \. on input line 291.
LaTeX Info: Redefining \% on input line 291.
LaTeX Info: Redefining \sptext on input line 291.
LaTeX Info: Redefining \. on input line 291.
LaTeX Info: Redefining \% on input line 291.
LaTeX Info: Redefining \sptext on input line 291.
LaTeX Info: Redefining \. on input line 291.
LaTeX Info: Redefining \% on input line 291.
LaTeX Info: Redefining \sptext on input line 291.
LaTeX Info: Redefining \. on input line 291.
LaTeX Info: Redefining \% on input line 291.
LaTeX Info: Redefining \sptext on input line 291.
LaTeX Info: Redefining \. on input line 291.
LaTeX Info: Redefining \% on input line 291.
LaTeX Info: Redefining \sptext on input line 291.
LaTeX Info: Redefining \. on input line 291.
LaTeX Info: Redefining \% on input line 291.
LaTeX Info: Redefining \sptext on input line 291.
LaTeX Info: Redefining \. on input line 291.
LaTeX Info: Redefining \% on input line 291.
LaTeX Info: Redefining \sptext on input line 291.
LaTeX Info: Redefining \. on input line 291.
LaTeX Info: Redefining \% on input line 291.
LaTeX Info: Redefining \sptext on input line 291.
LaTeX Info: Redefining \. on input line 291.
LaTeX Info: Redefining \% on input line 291.
LaTeX Info: Redefining \sptext on input line 291.
LaTeX Info: Redefining \. on input line 291.
LaTeX Info: Redefining \% on input line 291.
LaTeX Info: Redefining \sptext on input line 291.
LaTeX Info: Redefining \. on input line 291.
LaTeX Info: Redefining \% on input line 291.
LaTeX Info: Redefining \sptext on input line 291.
LaTeX Info: Redefining \. on input line 291.
LaTeX Info: Redefining \% on input line 291.
LaTeX Info: Redefining \sptext on input line 291.
LaTeX Info: Redefining \. on input line 291.
LaTeX Info: Redefining \% on input line 291.
LaTeX Info: Redefining \sptext on input line 291.
LaTeX Info: Redefining \. on input line 291.
LaTeX Info: Redefining \% on input line 291.
File: ./images/UADE_LARGE.png Graphic file (type png)
<use ./images/UADE_LARGE.png>
Package pdftex.def Info: ./images/UADE_LARGE.png  used on input line 291.
(pdftex.def)             Requested size: 105.2751pt x 36.8594pt.

Overfull \vbox (36.8594pt too high) has occurred while \output is active []


[200]
LaTeX Info: Redefining \sptext on input line 291.
LaTeX Info: Redefining \. on input line 291.
LaTeX Info: Redefining \% on input line 291.
LaTeX Info: Redefining \sptext on input line 291.
LaTeX Info: Redefining \. on input line 291.
LaTeX Info: Redefining \% on input line 291.
LaTeX Info: Redefining \sptext on input line 291.
LaTeX Info: Redefining \. on input line 291.
LaTeX Info: Redefining \% on input line 291.
LaTeX Info: Redefining \sptext on input line 291.
LaTeX Info: Redefining \. on input line 291.
LaTeX Info: Redefining \% on input line 291.
LaTeX Info: Redefining \sptext on input line 291.
LaTeX Info: Redefining \. on input line 291.
LaTeX Info: Redefining \% on input line 291.
LaTeX Info: Redefining \sptext on input line 291.
LaTeX Info: Redefining \. on input line 291.
LaTeX Info: Redefining \% on input line 291.
LaTeX Info: Redefining \sptext on input line 291.
LaTeX Info: Redefining \. on input line 291.
LaTeX Info: Redefining \% on input line 291.
LaTeX Info: Redefining \sptext on input line 291.
LaTeX Info: Redefining \. on input line 291.
LaTeX Info: Redefining \% on input line 291.
LaTeX Info: Redefining \sptext on input line 291.
LaTeX Info: Redefining \. on input line 291.
LaTeX Info: Redefining \% on input line 291.
LaTeX Info: Redefining \sptext on input line 291.
LaTeX Info: Redefining \. on input line 291.
LaTeX Info: Redefining \% on input line 291.
LaTeX Info: Redefining \sptext on input line 291.
LaTeX Info: Redefining \. on input line 291.
LaTeX Info: Redefining \% on input line 291.
LaTeX Info: Redefining \sptext on input line 291.
LaTeX Info: Redefining \. on input line 291.
LaTeX Info: Redefining \% on input line 291.
LaTeX Info: Redefining \sptext on input line 291.
LaTeX Info: Redefining \. on input line 291.
LaTeX Info: Redefining \% on input line 291.
LaTeX Info: Redefining \sptext on input line 291.
LaTeX Info: Redefining \. on input line 291.
LaTeX Info: Redefining \% on input line 291.
LaTeX Info: Redefining \sptext on input line 291.
LaTeX Info: Redefining \. on input line 291.
LaTeX Info: Redefining \% on input line 291.
LaTeX Info: Redefining \sptext on input line 291.
LaTeX Info: Redefining \. on input line 291.
LaTeX Info: Redefining \% on input line 291.
LaTeX Info: Redefining \sptext on input line 291.
LaTeX Info: Redefining \. on input line 291.
LaTeX Info: Redefining \% on input line 291.
LaTeX Info: Redefining \sptext on input line 291.
LaTeX Info: Redefining \. on input line 291.
LaTeX Info: Redefining \% on input line 291.
LaTeX Info: Redefining \sptext on input line 291.
LaTeX Info: Redefining \. on input line 291.
LaTeX Info: Redefining \% on input line 291.
LaTeX Info: Redefining \sptext on input line 291.
LaTeX Info: Redefining \. on input line 291.
LaTeX Info: Redefining \% on input line 291.
LaTeX Info: Redefining \sptext on input line 291.
LaTeX Info: Redefining \. on input line 291.
LaTeX Info: Redefining \% on input line 291.
LaTeX Info: Redefining \sptext on input line 291.
LaTeX Info: Redefining \. on input line 291.
LaTeX Info: Redefining \% on input line 291.
LaTeX Info: Redefining \sptext on input line 291.
LaTeX Info: Redefining \. on input line 291.
LaTeX Info: Redefining \% on input line 291.
LaTeX Info: Redefining \sptext on input line 291.
LaTeX Info: Redefining \. on input line 291.
LaTeX Info: Redefining \% on input line 291.
LaTeX Info: Redefining \sptext on input line 291.
LaTeX Info: Redefining \. on input line 291.
LaTeX Info: Redefining \% on input line 291.
LaTeX Info: Redefining \sptext on input line 291.
LaTeX Info: Redefining \. on input line 291.
LaTeX Info: Redefining \% on input line 291.
LaTeX Info: Redefining \sptext on input line 291.
LaTeX Info: Redefining \. on input line 291.
LaTeX Info: Redefining \% on input line 291.
LaTeX Info: Redefining \sptext on input line 291.
LaTeX Info: Redefining \. on input line 291.
LaTeX Info: Redefining \% on input line 291.
LaTeX Info: Redefining \sptext on input line 291.
LaTeX Info: Redefining \. on input line 291.
LaTeX Info: Redefining \% on input line 291.
LaTeX Info: Redefining \sptext on input line 291.
LaTeX Info: Redefining \. on input line 291.
LaTeX Info: Redefining \% on input line 291.
LaTeX Info: Redefining \sptext on input line 291.
LaTeX Info: Redefining \. on input line 291.
LaTeX Info: Redefining \% on input line 291.
LaTeX Info: Redefining \sptext on input line 291.
LaTeX Info: Redefining \. on input line 291.
LaTeX Info: Redefining \% on input line 291.
LaTeX Info: Redefining \sptext on input line 291.
LaTeX Info: Redefining \. on input line 291.
LaTeX Info: Redefining \% on input line 291.
LaTeX Info: Redefining \sptext on input line 291.
LaTeX Info: Redefining \. on input line 291.
LaTeX Info: Redefining \% on input line 291.
LaTeX Info: Redefining \sptext on input line 291.
LaTeX Info: Redefining \. on input line 291.
LaTeX Info: Redefining \% on input line 291.
LaTeX Info: Redefining \sptext on input line 291.
LaTeX Info: Redefining \. on input line 291.
LaTeX Info: Redefining \% on input line 291.
LaTeX Info: Redefining \sptext on input line 291.
LaTeX Info: Redefining \. on input line 291.
LaTeX Info: Redefining \% on input line 291.
LaTeX Info: Redefining \sptext on input line 291.
LaTeX Info: Redefining \. on input line 291.
LaTeX Info: Redefining \% on input line 291.
LaTeX Info: Redefining \sptext on input line 291.
LaTeX Info: Redefining \. on input line 291.
LaTeX Info: Redefining \% on input line 291.
LaTeX Info: Redefining \sptext on input line 291.
LaTeX Info: Redefining \. on input line 291.
LaTeX Info: Redefining \% on input line 291.
LaTeX Info: Redefining \sptext on input line 291.
LaTeX Info: Redefining \. on input line 291.
LaTeX Info: Redefining \% on input line 291.
LaTeX Info: Redefining \sptext on input line 291.
LaTeX Info: Redefining \. on input line 291.
LaTeX Info: Redefining \% on input line 291.
LaTeX Info: Redefining \sptext on input line 291.
LaTeX Info: Redefining \. on input line 291.
LaTeX Info: Redefining \% on input line 291.
LaTeX Info: Redefining \sptext on input line 291.
LaTeX Info: Redefining \. on input line 291.
LaTeX Info: Redefining \% on input line 291.
LaTeX Info: Redefining \sptext on input line 291.
LaTeX Info: Redefining \. on input line 291.
LaTeX Info: Redefining \% on input line 291.
LaTeX Info: Redefining \sptext on input line 291.
LaTeX Info: Redefining \. on input line 291.
LaTeX Info: Redefining \% on input line 291.
LaTeX Info: Redefining \sptext on input line 291.
LaTeX Info: Redefining \. on input line 291.
LaTeX Info: Redefining \% on input line 291.
LaTeX Info: Redefining \sptext on input line 291.
LaTeX Info: Redefining \. on input line 291.
LaTeX Info: Redefining \% on input line 291.
LaTeX Info: Redefining \sptext on input line 291.
LaTeX Info: Redefining \. on input line 291.
LaTeX Info: Redefining \% on input line 291.
LaTeX Info: Redefining \sptext on input line 291.
LaTeX Info: Redefining \. on input line 291.
LaTeX Info: Redefining \% on input line 291.
LaTeX Info: Redefining \sptext on input line 291.
LaTeX Info: Redefining \. on input line 291.
LaTeX Info: Redefining \% on input line 291.
LaTeX Info: Redefining \sptext on input line 291.
LaTeX Info: Redefining \. on input line 291.
LaTeX Info: Redefining \% on input line 291.
LaTeX Info: Redefining \sptext on input line 291.
LaTeX Info: Redefining \. on input line 291.
LaTeX Info: Redefining \% on input line 291.
LaTeX Info: Redefining \sptext on input line 291.
LaTeX Info: Redefining \. on input line 291.
LaTeX Info: Redefining \% on input line 291.
LaTeX Info: Redefining \sptext on input line 291.
LaTeX Info: Redefining \. on input line 291.
LaTeX Info: Redefining \% on input line 291.
LaTeX Info: Redefining \sptext on input line 291.
LaTeX Info: Redefining \. on input line 291.
LaTeX Info: Redefining \% on input line 291.
LaTeX Info: Redefining \sptext on input line 291.
LaTeX Info: Redefining \. on input line 291.
LaTeX Info: Redefining \% on input line 291.
LaTeX Info: Redefining \sptext on input line 291.
LaTeX Info: Redefining \. on input line 291.
LaTeX Info: Redefining \% on input line 291.
LaTeX Info: Redefining \sptext on input line 291.
LaTeX Info: Redefining \. on input line 291.
LaTeX Info: Redefining \% on input line 291.
LaTeX Info: Redefining \sptext on input line 291.
LaTeX Info: Redefining \. on input line 291.
LaTeX Info: Redefining \% on input line 291.
LaTeX Info: Redefining \sptext on input line 291.
LaTeX Info: Redefining \. on input line 291.
LaTeX Info: Redefining \% on input line 291.
LaTeX Info: Redefining \sptext on input line 291.
LaTeX Info: Redefining \. on input line 291.
LaTeX Info: Redefining \% on input line 291.
LaTeX Info: Redefining \sptext on input line 291.
LaTeX Info: Redefining \. on input line 291.
LaTeX Info: Redefining \% on input line 291.
LaTeX Info: Redefining \sptext on input line 291.
LaTeX Info: Redefining \. on input line 291.
LaTeX Info: Redefining \% on input line 291.
File: ./images/UADE_LARGE.png Graphic file (type png)
<use ./images/UADE_LARGE.png>
Package pdftex.def Info: ./images/UADE_LARGE.png  used on input line 291.
(pdftex.def)             Requested size: 105.2751pt x 36.8594pt.

Overfull \vbox (36.8594pt too high) has occurred while \output is active []


[201]
LaTeX Info: Redefining \sptext on input line 291.
LaTeX Info: Redefining \. on input line 291.
LaTeX Info: Redefining \% on input line 291.
LaTeX Info: Redefining \sptext on input line 291.
LaTeX Info: Redefining \. on input line 291.
LaTeX Info: Redefining \% on input line 291.
LaTeX Info: Redefining \sptext on input line 291.
LaTeX Info: Redefining \. on input line 291.
LaTeX Info: Redefining \% on input line 291.
LaTeX Info: Redefining \sptext on input line 291.
LaTeX Info: Redefining \. on input line 291.
LaTeX Info: Redefining \% on input line 291.
LaTeX Info: Redefining \sptext on input line 291.
LaTeX Info: Redefining \. on input line 291.
LaTeX Info: Redefining \% on input line 291.
LaTeX Info: Redefining \sptext on input line 291.
LaTeX Info: Redefining \. on input line 291.
LaTeX Info: Redefining \% on input line 291.
LaTeX Info: Redefining \sptext on input line 291.
LaTeX Info: Redefining \. on input line 291.
LaTeX Info: Redefining \% on input line 291.
LaTeX Info: Redefining \sptext on input line 291.
LaTeX Info: Redefining \. on input line 291.
LaTeX Info: Redefining \% on input line 291.
LaTeX Info: Redefining \sptext on input line 291.
LaTeX Info: Redefining \. on input line 291.
LaTeX Info: Redefining \% on input line 291.
LaTeX Info: Redefining \sptext on input line 291.
LaTeX Info: Redefining \. on input line 291.
LaTeX Info: Redefining \% on input line 291.
LaTeX Info: Redefining \sptext on input line 291.
LaTeX Info: Redefining \. on input line 291.
LaTeX Info: Redefining \% on input line 291.
LaTeX Info: Redefining \sptext on input line 291.
LaTeX Info: Redefining \. on input line 291.
LaTeX Info: Redefining \% on input line 291.
LaTeX Info: Redefining \sptext on input line 291.
LaTeX Info: Redefining \. on input line 291.
LaTeX Info: Redefining \% on input line 291.
LaTeX Info: Redefining \sptext on input line 291.
LaTeX Info: Redefining \. on input line 291.
LaTeX Info: Redefining \% on input line 291.
LaTeX Info: Redefining \sptext on input line 291.
LaTeX Info: Redefining \. on input line 291.
LaTeX Info: Redefining \% on input line 291.
LaTeX Info: Redefining \sptext on input line 291.
LaTeX Info: Redefining \. on input line 291.
LaTeX Info: Redefining \% on input line 291.
LaTeX Info: Redefining \sptext on input line 291.
LaTeX Info: Redefining \. on input line 291.
LaTeX Info: Redefining \% on input line 291.
LaTeX Info: Redefining \sptext on input line 291.
LaTeX Info: Redefining \. on input line 291.
LaTeX Info: Redefining \% on input line 291.
LaTeX Info: Redefining \sptext on input line 291.
LaTeX Info: Redefining \. on input line 291.
LaTeX Info: Redefining \% on input line 291.
LaTeX Info: Redefining \sptext on input line 291.
LaTeX Info: Redefining \. on input line 291.
LaTeX Info: Redefining \% on input line 291.
LaTeX Info: Redefining \sptext on input line 291.
LaTeX Info: Redefining \. on input line 291.
LaTeX Info: Redefining \% on input line 291.
LaTeX Info: Redefining \sptext on input line 291.
LaTeX Info: Redefining \. on input line 291.
LaTeX Info: Redefining \% on input line 291.
LaTeX Info: Redefining \sptext on input line 291.
LaTeX Info: Redefining \. on input line 291.
LaTeX Info: Redefining \% on input line 291.
LaTeX Info: Redefining \sptext on input line 291.
LaTeX Info: Redefining \. on input line 291.
LaTeX Info: Redefining \% on input line 291.
LaTeX Info: Redefining \sptext on input line 291.
LaTeX Info: Redefining \. on input line 291.
LaTeX Info: Redefining \% on input line 291.
LaTeX Info: Redefining \sptext on input line 291.
LaTeX Info: Redefining \. on input line 291.
LaTeX Info: Redefining \% on input line 291.
LaTeX Info: Redefining \sptext on input line 291.
LaTeX Info: Redefining \. on input line 291.
LaTeX Info: Redefining \% on input line 291.
LaTeX Info: Redefining \sptext on input line 291.
LaTeX Info: Redefining \. on input line 291.
LaTeX Info: Redefining \% on input line 291.
LaTeX Info: Redefining \sptext on input line 291.
LaTeX Info: Redefining \. on input line 291.
LaTeX Info: Redefining \% on input line 291.
LaTeX Info: Redefining \sptext on input line 291.
LaTeX Info: Redefining \. on input line 291.
LaTeX Info: Redefining \% on input line 291.
LaTeX Info: Redefining \sptext on input line 291.
LaTeX Info: Redefining \. on input line 291.
LaTeX Info: Redefining \% on input line 291.
LaTeX Info: Redefining \sptext on input line 291.
LaTeX Info: Redefining \. on input line 291.
LaTeX Info: Redefining \% on input line 291.
LaTeX Info: Redefining \sptext on input line 291.
LaTeX Info: Redefining \. on input line 291.
LaTeX Info: Redefining \% on input line 291.
LaTeX Info: Redefining \sptext on input line 291.
LaTeX Info: Redefining \. on input line 291.
LaTeX Info: Redefining \% on input line 291.
LaTeX Info: Redefining \sptext on input line 291.
LaTeX Info: Redefining \. on input line 291.
LaTeX Info: Redefining \% on input line 291.
LaTeX Info: Redefining \sptext on input line 291.
LaTeX Info: Redefining \. on input line 291.
LaTeX Info: Redefining \% on input line 291.
LaTeX Info: Redefining \sptext on input line 291.
LaTeX Info: Redefining \. on input line 291.
LaTeX Info: Redefining \% on input line 291.
LaTeX Info: Redefining \sptext on input line 291.
LaTeX Info: Redefining \. on input line 291.
LaTeX Info: Redefining \% on input line 291.
LaTeX Info: Redefining \sptext on input line 291.
LaTeX Info: Redefining \. on input line 291.
LaTeX Info: Redefining \% on input line 291.
LaTeX Info: Redefining \sptext on input line 291.
LaTeX Info: Redefining \. on input line 291.
LaTeX Info: Redefining \% on input line 291.
LaTeX Info: Redefining \sptext on input line 291.
LaTeX Info: Redefining \. on input line 291.
LaTeX Info: Redefining \% on input line 291.
LaTeX Info: Redefining \sptext on input line 291.
LaTeX Info: Redefining \. on input line 291.
LaTeX Info: Redefining \% on input line 291.
LaTeX Info: Redefining \sptext on input line 291.
LaTeX Info: Redefining \. on input line 291.
LaTeX Info: Redefining \% on input line 291.
LaTeX Info: Redefining \sptext on input line 291.
LaTeX Info: Redefining \. on input line 291.
LaTeX Info: Redefining \% on input line 291.
LaTeX Info: Redefining \sptext on input line 291.
LaTeX Info: Redefining \. on input line 291.
LaTeX Info: Redefining \% on input line 291.
LaTeX Info: Redefining \sptext on input line 291.
LaTeX Info: Redefining \. on input line 291.
LaTeX Info: Redefining \% on input line 291.
LaTeX Info: Redefining \sptext on input line 291.
LaTeX Info: Redefining \. on input line 291.
LaTeX Info: Redefining \% on input line 291.
LaTeX Info: Redefining \sptext on input line 291.
LaTeX Info: Redefining \. on input line 291.
LaTeX Info: Redefining \% on input line 291.
LaTeX Info: Redefining \sptext on input line 291.
LaTeX Info: Redefining \. on input line 291.
LaTeX Info: Redefining \% on input line 291.
LaTeX Info: Redefining \sptext on input line 291.
LaTeX Info: Redefining \. on input line 291.
LaTeX Info: Redefining \% on input line 291.
File: ./images/UADE_LARGE.png Graphic file (type png)
<use ./images/UADE_LARGE.png>
Package pdftex.def Info: ./images/UADE_LARGE.png  used on input line 291.
(pdftex.def)             Requested size: 105.2751pt x 36.8594pt.

Overfull \vbox (36.8594pt too high) has occurred while \output is active []


[202]
LaTeX Info: Redefining \sptext on input line 291.
LaTeX Info: Redefining \. on input line 291.
LaTeX Info: Redefining \% on input line 291.
LaTeX Info: Redefining \sptext on input line 291.
LaTeX Info: Redefining \. on input line 291.
LaTeX Info: Redefining \% on input line 291.
LaTeX Info: Redefining \sptext on input line 291.
LaTeX Info: Redefining \. on input line 291.
LaTeX Info: Redefining \% on input line 291.
LaTeX Info: Redefining \sptext on input line 291.
LaTeX Info: Redefining \. on input line 291.
LaTeX Info: Redefining \% on input line 291.
LaTeX Info: Redefining \sptext on input line 291.
LaTeX Info: Redefining \. on input line 291.
LaTeX Info: Redefining \% on input line 291.
LaTeX Info: Redefining \sptext on input line 291.
LaTeX Info: Redefining \. on input line 291.
LaTeX Info: Redefining \% on input line 291.
LaTeX Info: Redefining \sptext on input line 291.
LaTeX Info: Redefining \. on input line 291.
LaTeX Info: Redefining \% on input line 291.
LaTeX Info: Redefining \sptext on input line 291.
LaTeX Info: Redefining \. on input line 291.
LaTeX Info: Redefining \% on input line 291.
LaTeX Info: Redefining \sptext on input line 291.
LaTeX Info: Redefining \. on input line 291.
LaTeX Info: Redefining \% on input line 291.
LaTeX Info: Redefining \sptext on input line 291.
LaTeX Info: Redefining \. on input line 291.
LaTeX Info: Redefining \% on input line 291.
LaTeX Info: Redefining \sptext on input line 291.
LaTeX Info: Redefining \. on input line 291.
LaTeX Info: Redefining \% on input line 291.
LaTeX Info: Redefining \sptext on input line 291.
LaTeX Info: Redefining \. on input line 291.
LaTeX Info: Redefining \% on input line 291.
File: ./images/UADE_LARGE.png Graphic file (type png)
<use ./images/UADE_LARGE.png>
Package pdftex.def Info: ./images/UADE_LARGE.png  used on input line 293.
(pdftex.def)             Requested size: 105.2751pt x 36.8594pt.

Overfull \vbox (36.8594pt too high) has occurred while \output is active []


[203] 
enddocument/afterlastpage (AED): lastpage setting LastPage.
(./main.aux
LaTeX Info: Redefining \sptext on input line 14.
LaTeX Info: Redefining \. on input line 14.
LaTeX Info: Redefining \% on input line 14.
LaTeX Info: Redefining \sptext on input line 52.
LaTeX Info: Redefining \. on input line 52.
LaTeX Info: Redefining \% on input line 52.
LaTeX Info: Redefining \sptext on input line 53.
LaTeX Info: Redefining \. on input line 53.
LaTeX Info: Redefining \% on input line 53.
LaTeX Info: Redefining \sptext on input line 59.
LaTeX Info: Redefining \. on input line 59.
LaTeX Info: Redefining \% on input line 59.
LaTeX Info: Redefining \sptext on input line 60.
LaTeX Info: Redefining \. on input line 60.
LaTeX Info: Redefining \% on input line 60.
LaTeX Info: Redefining \sptext on input line 63.
LaTeX Info: Redefining \. on input line 63.
LaTeX Info: Redefining \% on input line 63.
LaTeX Info: Redefining \sptext on input line 64.
LaTeX Info: Redefining \. on input line 64.
LaTeX Info: Redefining \% on input line 64.
LaTeX Info: Redefining \sptext on input line 76.
LaTeX Info: Redefining \. on input line 76.
LaTeX Info: Redefining \% on input line 76.
LaTeX Info: Redefining \sptext on input line 77.
LaTeX Info: Redefining \. on input line 77.
LaTeX Info: Redefining \% on input line 77.
LaTeX Info: Redefining \sptext on input line 79.
LaTeX Info: Redefining \. on input line 79.
LaTeX Info: Redefining \% on input line 79.
LaTeX Info: Redefining \sptext on input line 80.
LaTeX Info: Redefining \. on input line 80.
LaTeX Info: Redefining \% on input line 80.
LaTeX Info: Redefining \sptext on input line 88.
LaTeX Info: Redefining \. on input line 88.
LaTeX Info: Redefining \% on input line 88.
LaTeX Info: Redefining \sptext on input line 89.
LaTeX Info: Redefining \. on input line 89.
LaTeX Info: Redefining \% on input line 89.
LaTeX Info: Redefining \sptext on input line 90.
LaTeX Info: Redefining \. on input line 90.
LaTeX Info: Redefining \% on input line 90.
LaTeX Info: Redefining \sptext on input line 91.
LaTeX Info: Redefining \. on input line 91.
LaTeX Info: Redefining \% on input line 91.
LaTeX Info: Redefining \sptext on input line 93.
LaTeX Info: Redefining \. on input line 93.
LaTeX Info: Redefining \% on input line 93.
LaTeX Info: Redefining \sptext on input line 94.
LaTeX Info: Redefining \. on input line 94.
LaTeX Info: Redefining \% on input line 94.
LaTeX Info: Redefining \sptext on input line 95.
LaTeX Info: Redefining \. on input line 95.
LaTeX Info: Redefining \% on input line 95.
LaTeX Info: Redefining \sptext on input line 96.
LaTeX Info: Redefining \. on input line 96.
LaTeX Info: Redefining \% on input line 96.
LaTeX Info: Redefining \sptext on input line 101.
LaTeX Info: Redefining \. on input line 101.
LaTeX Info: Redefining \% on input line 101.
LaTeX Info: Redefining \sptext on input line 102.
LaTeX Info: Redefining \. on input line 102.
LaTeX Info: Redefining \% on input line 102.
LaTeX Info: Redefining \sptext on input line 104.
LaTeX Info: Redefining \. on input line 104.
LaTeX Info: Redefining \% on input line 104.
LaTeX Info: Redefining \sptext on input line 105.
LaTeX Info: Redefining \. on input line 105.
LaTeX Info: Redefining \% on input line 105.
LaTeX Info: Redefining \sptext on input line 114.
LaTeX Info: Redefining \. on input line 114.
LaTeX Info: Redefining \% on input line 114.
LaTeX Info: Redefining \sptext on input line 115.
LaTeX Info: Redefining \. on input line 115.
LaTeX Info: Redefining \% on input line 115.
LaTeX Info: Redefining \sptext on input line 117.
LaTeX Info: Redefining \. on input line 117.
LaTeX Info: Redefining \% on input line 117.
LaTeX Info: Redefining \sptext on input line 118.
LaTeX Info: Redefining \. on input line 118.
LaTeX Info: Redefining \% on input line 118.
LaTeX Info: Redefining \sptext on input line 120.
LaTeX Info: Redefining \. on input line 120.
LaTeX Info: Redefining \% on input line 120.
LaTeX Info: Redefining \sptext on input line 121.
LaTeX Info: Redefining \. on input line 121.
LaTeX Info: Redefining \% on input line 121.
LaTeX Info: Redefining \sptext on input line 179.
LaTeX Info: Redefining \. on input line 179.
LaTeX Info: Redefining \% on input line 179.
LaTeX Info: Redefining \sptext on input line 180.
LaTeX Info: Redefining \. on input line 180.
LaTeX Info: Redefining \% on input line 180.
LaTeX Info: Redefining \sptext on input line 181.
LaTeX Info: Redefining \. on input line 181.
LaTeX Info: Redefining \% on input line 181.
LaTeX Info: Redefining \sptext on input line 182.
LaTeX Info: Redefining \. on input line 182.
LaTeX Info: Redefining \% on input line 182.
LaTeX Info: Redefining \sptext on input line 187.
LaTeX Info: Redefining \. on input line 187.
LaTeX Info: Redefining \% on input line 187.
LaTeX Info: Redefining \sptext on input line 188.
LaTeX Info: Redefining \. on input line 188.
LaTeX Info: Redefining \% on input line 188.
LaTeX Info: Redefining \sptext on input line 189.
LaTeX Info: Redefining \. on input line 189.
LaTeX Info: Redefining \% on input line 189.
LaTeX Info: Redefining \sptext on input line 190.
LaTeX Info: Redefining \. on input line 190.
LaTeX Info: Redefining \% on input line 190.
LaTeX Info: Redefining \sptext on input line 192.
LaTeX Info: Redefining \. on input line 192.
LaTeX Info: Redefining \% on input line 192.
LaTeX Info: Redefining \sptext on input line 193.
LaTeX Info: Redefining \. on input line 193.
LaTeX Info: Redefining \% on input line 193.
LaTeX Info: Redefining \sptext on input line 194.
LaTeX Info: Redefining \. on input line 194.
LaTeX Info: Redefining \% on input line 194.
LaTeX Info: Redefining \sptext on input line 195.
LaTeX Info: Redefining \. on input line 195.
LaTeX Info: Redefining \% on input line 195.
LaTeX Info: Redefining \sptext on input line 203.
LaTeX Info: Redefining \. on input line 203.
LaTeX Info: Redefining \% on input line 203.
LaTeX Info: Redefining \sptext on input line 204.
LaTeX Info: Redefining \. on input line 204.
LaTeX Info: Redefining \% on input line 204.
LaTeX Info: Redefining \sptext on input line 205.
LaTeX Info: Redefining \. on input line 205.
LaTeX Info: Redefining \% on input line 205.
LaTeX Info: Redefining \sptext on input line 206.
LaTeX Info: Redefining \. on input line 206.
LaTeX Info: Redefining \% on input line 206.
LaTeX Info: Redefining \sptext on input line 210.
LaTeX Info: Redefining \. on input line 210.
LaTeX Info: Redefining \% on input line 210.
LaTeX Info: Redefining \sptext on input line 211.
LaTeX Info: Redefining \. on input line 211.
LaTeX Info: Redefining \% on input line 211.
LaTeX Info: Redefining \sptext on input line 225.
LaTeX Info: Redefining \. on input line 225.
LaTeX Info: Redefining \% on input line 225.
LaTeX Info: Redefining \sptext on input line 226.
LaTeX Info: Redefining \. on input line 226.
LaTeX Info: Redefining \% on input line 226.
LaTeX Info: Redefining \sptext on input line 227.
LaTeX Info: Redefining \. on input line 227.
LaTeX Info: Redefining \% on input line 227.
LaTeX Info: Redefining \sptext on input line 228.
LaTeX Info: Redefining \. on input line 228.
LaTeX Info: Redefining \% on input line 228.
LaTeX Info: Redefining \sptext on input line 230.
LaTeX Info: Redefining \. on input line 230.
LaTeX Info: Redefining \% on input line 230.
LaTeX Info: Redefining \sptext on input line 231.
LaTeX Info: Redefining \. on input line 231.
LaTeX Info: Redefining \% on input line 231.
LaTeX Info: Redefining \sptext on input line 232.
LaTeX Info: Redefining \. on input line 232.
LaTeX Info: Redefining \% on input line 232.
LaTeX Info: Redefining \sptext on input line 233.
LaTeX Info: Redefining \. on input line 233.
LaTeX Info: Redefining \% on input line 233.
LaTeX Info: Redefining \sptext on input line 236.
LaTeX Info: Redefining \. on input line 236.
LaTeX Info: Redefining \% on input line 236.
LaTeX Info: Redefining \sptext on input line 237.
LaTeX Info: Redefining \. on input line 237.
LaTeX Info: Redefining \% on input line 237.
LaTeX Info: Redefining \sptext on input line 243.
LaTeX Info: Redefining \. on input line 243.
LaTeX Info: Redefining \% on input line 243.
LaTeX Info: Redefining \sptext on input line 244.
LaTeX Info: Redefining \. on input line 244.
LaTeX Info: Redefining \% on input line 244.
LaTeX Info: Redefining \sptext on input line 248.
LaTeX Info: Redefining \. on input line 248.
LaTeX Info: Redefining \% on input line 248.
LaTeX Info: Redefining \sptext on input line 249.
LaTeX Info: Redefining \. on input line 249.
LaTeX Info: Redefining \% on input line 249.
LaTeX Info: Redefining \sptext on input line 265.
LaTeX Info: Redefining \. on input line 265.
LaTeX Info: Redefining \% on input line 265.
LaTeX Info: Redefining \sptext on input line 266.
LaTeX Info: Redefining \. on input line 266.
LaTeX Info: Redefining \% on input line 266.
LaTeX Info: Redefining \sptext on input line 267.
LaTeX Info: Redefining \. on input line 267.
LaTeX Info: Redefining \% on input line 267.
LaTeX Info: Redefining \sptext on input line 268.
LaTeX Info: Redefining \. on input line 268.
LaTeX Info: Redefining \% on input line 268.
LaTeX Info: Redefining \sptext on input line 271.
LaTeX Info: Redefining \. on input line 271.
LaTeX Info: Redefining \% on input line 271.
LaTeX Info: Redefining \sptext on input line 272.
LaTeX Info: Redefining \. on input line 272.
LaTeX Info: Redefining \% on input line 272.
LaTeX Info: Redefining \sptext on input line 274.
LaTeX Info: Redefining \. on input line 274.
LaTeX Info: Redefining \% on input line 274.
LaTeX Info: Redefining \sptext on input line 275.
LaTeX Info: Redefining \. on input line 275.
LaTeX Info: Redefining \% on input line 275.
LaTeX Info: Redefining \sptext on input line 281.
LaTeX Info: Redefining \. on input line 281.
LaTeX Info: Redefining \% on input line 281.
LaTeX Info: Redefining \sptext on input line 282.
LaTeX Info: Redefining \. on input line 282.
LaTeX Info: Redefining \% on input line 282.
LaTeX Info: Redefining \sptext on input line 283.
LaTeX Info: Redefining \. on input line 283.
LaTeX Info: Redefining \% on input line 283.
LaTeX Info: Redefining \sptext on input line 284.
LaTeX Info: Redefining \. on input line 284.
LaTeX Info: Redefining \% on input line 284.
LaTeX Info: Redefining \sptext on input line 286.
LaTeX Info: Redefining \. on input line 286.
LaTeX Info: Redefining \% on input line 286.
LaTeX Info: Redefining \sptext on input line 287.
LaTeX Info: Redefining \. on input line 287.
LaTeX Info: Redefining \% on input line 287.
LaTeX Info: Redefining \sptext on input line 297.
LaTeX Info: Redefining \. on input line 297.
LaTeX Info: Redefining \% on input line 297.
LaTeX Info: Redefining \sptext on input line 298.
LaTeX Info: Redefining \. on input line 298.
LaTeX Info: Redefining \% on input line 298.
LaTeX Info: Redefining \sptext on input line 299.
LaTeX Info: Redefining \. on input line 299.
LaTeX Info: Redefining \% on input line 299.
LaTeX Info: Redefining \sptext on input line 300.
LaTeX Info: Redefining \. on input line 300.
LaTeX Info: Redefining \% on input line 300.
LaTeX Info: Redefining \sptext on input line 304.
LaTeX Info: Redefining \. on input line 304.
LaTeX Info: Redefining \% on input line 304.
LaTeX Info: Redefining \sptext on input line 305.
LaTeX Info: Redefining \. on input line 305.
LaTeX Info: Redefining \% on input line 305.
LaTeX Info: Redefining \sptext on input line 306.
LaTeX Info: Redefining \. on input line 306.
LaTeX Info: Redefining \% on input line 306.
LaTeX Info: Redefining \sptext on input line 307.
LaTeX Info: Redefining \. on input line 307.
LaTeX Info: Redefining \% on input line 307.
LaTeX Info: Redefining \sptext on input line 314.
LaTeX Info: Redefining \. on input line 314.
LaTeX Info: Redefining \% on input line 314.
LaTeX Info: Redefining \sptext on input line 315.
LaTeX Info: Redefining \. on input line 315.
LaTeX Info: Redefining \% on input line 315.
LaTeX Info: Redefining \sptext on input line 330.
LaTeX Info: Redefining \. on input line 330.
LaTeX Info: Redefining \% on input line 330.
LaTeX Info: Redefining \sptext on input line 331.
LaTeX Info: Redefining \. on input line 331.
LaTeX Info: Redefining \% on input line 331.
LaTeX Info: Redefining \sptext on input line 339.
LaTeX Info: Redefining \. on input line 339.
LaTeX Info: Redefining \% on input line 339.
LaTeX Info: Redefining \sptext on input line 340.
LaTeX Info: Redefining \. on input line 340.
LaTeX Info: Redefining \% on input line 340.
LaTeX Info: Redefining \sptext on input line 341.
LaTeX Info: Redefining \. on input line 341.
LaTeX Info: Redefining \% on input line 341.
LaTeX Info: Redefining \sptext on input line 342.
LaTeX Info: Redefining \. on input line 342.
LaTeX Info: Redefining \% on input line 342.
LaTeX Info: Redefining \sptext on input line 354.
LaTeX Info: Redefining \. on input line 354.
LaTeX Info: Redefining \% on input line 354.
LaTeX Info: Redefining \sptext on input line 355.
LaTeX Info: Redefining \. on input line 355.
LaTeX Info: Redefining \% on input line 355.
LaTeX Info: Redefining \sptext on input line 391.
LaTeX Info: Redefining \. on input line 391.
LaTeX Info: Redefining \% on input line 391.
LaTeX Info: Redefining \sptext on input line 392.
LaTeX Info: Redefining \. on input line 392.
LaTeX Info: Redefining \% on input line 392.
LaTeX Info: Redefining \sptext on input line 414.
LaTeX Info: Redefining \. on input line 414.
LaTeX Info: Redefining \% on input line 414.
LaTeX Info: Redefining \sptext on input line 415.
LaTeX Info: Redefining \. on input line 415.
LaTeX Info: Redefining \% on input line 415.
LaTeX Info: Redefining \sptext on input line 661.
LaTeX Info: Redefining \. on input line 661.
LaTeX Info: Redefining \% on input line 661.
LaTeX Info: Redefining \sptext on input line 662.
LaTeX Info: Redefining \. on input line 662.
LaTeX Info: Redefining \% on input line 662.
LaTeX Info: Redefining \sptext on input line 1010.
LaTeX Info: Redefining \. on input line 1010.
LaTeX Info: Redefining \% on input line 1010.
LaTeX Info: Redefining \sptext on input line 1011.
LaTeX Info: Redefining \. on input line 1011.
LaTeX Info: Redefining \% on input line 1011.
LaTeX Info: Redefining \sptext on input line 1012.
LaTeX Info: Redefining \. on input line 1012.
LaTeX Info: Redefining \% on input line 1012.
LaTeX Info: Redefining \sptext on input line 1013.
LaTeX Info: Redefining \. on input line 1013.
LaTeX Info: Redefining \% on input line 1013.
LaTeX Info: Redefining \sptext on input line 1014.
LaTeX Info: Redefining \. on input line 1014.
LaTeX Info: Redefining \% on input line 1014.
LaTeX Info: Redefining \sptext on input line 1015.
LaTeX Info: Redefining \. on input line 1015.
LaTeX Info: Redefining \% on input line 1015.
LaTeX Info: Redefining \sptext on input line 1016.
LaTeX Info: Redefining \. on input line 1016.
LaTeX Info: Redefining \% on input line 1016.
LaTeX Info: Redefining \sptext on input line 1017.
LaTeX Info: Redefining \. on input line 1017.
LaTeX Info: Redefining \% on input line 1017.
LaTeX Info: Redefining \sptext on input line 1018.
LaTeX Info: Redefining \. on input line 1018.
LaTeX Info: Redefining \% on input line 1018.
LaTeX Info: Redefining \sptext on input line 1019.
LaTeX Info: Redefining \. on input line 1019.
LaTeX Info: Redefining \% on input line 1019.
LaTeX Info: Redefining \sptext on input line 1020.
LaTeX Info: Redefining \. on input line 1020.
LaTeX Info: Redefining \% on input line 1020.
LaTeX Info: Redefining \sptext on input line 1021.
LaTeX Info: Redefining \. on input line 1021.
LaTeX Info: Redefining \% on input line 1021.
LaTeX Info: Redefining \sptext on input line 1022.
LaTeX Info: Redefining \. on input line 1022.
LaTeX Info: Redefining \% on input line 1022.
LaTeX Info: Redefining \sptext on input line 1023.
LaTeX Info: Redefining \. on input line 1023.
LaTeX Info: Redefining \% on input line 1023.
LaTeX Info: Redefining \sptext on input line 1024.
LaTeX Info: Redefining \. on input line 1024.
LaTeX Info: Redefining \% on input line 1024.
LaTeX Info: Redefining \sptext on input line 1025.
LaTeX Info: Redefining \. on input line 1025.
LaTeX Info: Redefining \% on input line 1025.
LaTeX Info: Redefining \sptext on input line 1026.
LaTeX Info: Redefining \. on input line 1026.
LaTeX Info: Redefining \% on input line 1026.
LaTeX Info: Redefining \sptext on input line 1027.
LaTeX Info: Redefining \. on input line 1027.
LaTeX Info: Redefining \% on input line 1027.
LaTeX Info: Redefining \sptext on input line 1028.
LaTeX Info: Redefining \. on input line 1028.
LaTeX Info: Redefining \% on input line 1028.
LaTeX Info: Redefining \sptext on input line 1029.
LaTeX Info: Redefining \. on input line 1029.
LaTeX Info: Redefining \% on input line 1029.
LaTeX Info: Redefining \sptext on input line 1030.
LaTeX Info: Redefining \. on input line 1030.
LaTeX Info: Redefining \% on input line 1030.
LaTeX Info: Redefining \sptext on input line 1031.
LaTeX Info: Redefining \. on input line 1031.
LaTeX Info: Redefining \% on input line 1031.
LaTeX Info: Redefining \sptext on input line 1032.
LaTeX Info: Redefining \. on input line 1032.
LaTeX Info: Redefining \% on input line 1032.
LaTeX Info: Redefining \sptext on input line 1033.
LaTeX Info: Redefining \. on input line 1033.
LaTeX Info: Redefining \% on input line 1033.
LaTeX Info: Redefining \sptext on input line 1034.
LaTeX Info: Redefining \. on input line 1034.
LaTeX Info: Redefining \% on input line 1034.
LaTeX Info: Redefining \sptext on input line 1035.
LaTeX Info: Redefining \. on input line 1035.
LaTeX Info: Redefining \% on input line 1035.
LaTeX Info: Redefining \sptext on input line 1036.
LaTeX Info: Redefining \. on input line 1036.
LaTeX Info: Redefining \% on input line 1036.
LaTeX Info: Redefining \sptext on input line 1037.
LaTeX Info: Redefining \. on input line 1037.
LaTeX Info: Redefining \% on input line 1037.
LaTeX Info: Redefining \sptext on input line 1038.
LaTeX Info: Redefining \. on input line 1038.
LaTeX Info: Redefining \% on input line 1038.
LaTeX Info: Redefining \sptext on input line 1039.
LaTeX Info: Redefining \. on input line 1039.
LaTeX Info: Redefining \% on input line 1039.
LaTeX Info: Redefining \sptext on input line 1040.
LaTeX Info: Redefining \. on input line 1040.
LaTeX Info: Redefining \% on input line 1040.
LaTeX Info: Redefining \sptext on input line 1041.
LaTeX Info: Redefining \. on input line 1041.
LaTeX Info: Redefining \% on input line 1041.
LaTeX Info: Redefining \sptext on input line 1042.
LaTeX Info: Redefining \. on input line 1042.
LaTeX Info: Redefining \% on input line 1042.
LaTeX Info: Redefining \sptext on input line 1043.
LaTeX Info: Redefining \. on input line 1043.
LaTeX Info: Redefining \% on input line 1043.
LaTeX Info: Redefining \sptext on input line 1044.
LaTeX Info: Redefining \. on input line 1044.
LaTeX Info: Redefining \% on input line 1044.
LaTeX Info: Redefining \sptext on input line 1045.
LaTeX Info: Redefining \. on input line 1045.
LaTeX Info: Redefining \% on input line 1045.
LaTeX Info: Redefining \sptext on input line 1046.
LaTeX Info: Redefining \. on input line 1046.
LaTeX Info: Redefining \% on input line 1046.
LaTeX Info: Redefining \sptext on input line 1047.
LaTeX Info: Redefining \. on input line 1047.
LaTeX Info: Redefining \% on input line 1047.
LaTeX Info: Redefining \sptext on input line 1048.
LaTeX Info: Redefining \. on input line 1048.
LaTeX Info: Redefining \% on input line 1048.
LaTeX Info: Redefining \sptext on input line 1049.
LaTeX Info: Redefining \. on input line 1049.
LaTeX Info: Redefining \% on input line 1049.
LaTeX Info: Redefining \sptext on input line 1050.
LaTeX Info: Redefining \. on input line 1050.
LaTeX Info: Redefining \% on input line 1050.
LaTeX Info: Redefining \sptext on input line 1051.
LaTeX Info: Redefining \. on input line 1051.
LaTeX Info: Redefining \% on input line 1051.
LaTeX Info: Redefining \sptext on input line 1052.
LaTeX Info: Redefining \. on input line 1052.
LaTeX Info: Redefining \% on input line 1052.
LaTeX Info: Redefining \sptext on input line 1053.
LaTeX Info: Redefining \. on input line 1053.
LaTeX Info: Redefining \% on input line 1053.
LaTeX Info: Redefining \sptext on input line 1054.
LaTeX Info: Redefining \. on input line 1054.
LaTeX Info: Redefining \% on input line 1054.
LaTeX Info: Redefining \sptext on input line 1055.
LaTeX Info: Redefining \. on input line 1055.
LaTeX Info: Redefining \% on input line 1055.
LaTeX Info: Redefining \sptext on input line 1056.
LaTeX Info: Redefining \. on input line 1056.
LaTeX Info: Redefining \% on input line 1056.
LaTeX Info: Redefining \sptext on input line 1057.
LaTeX Info: Redefining \. on input line 1057.
LaTeX Info: Redefining \% on input line 1057.
LaTeX Info: Redefining \sptext on input line 1058.
LaTeX Info: Redefining \. on input line 1058.
LaTeX Info: Redefining \% on input line 1058.
LaTeX Info: Redefining \sptext on input line 1059.
LaTeX Info: Redefining \. on input line 1059.
LaTeX Info: Redefining \% on input line 1059.
LaTeX Info: Redefining \sptext on input line 1060.
LaTeX Info: Redefining \. on input line 1060.
LaTeX Info: Redefining \% on input line 1060.
LaTeX Info: Redefining \sptext on input line 1061.
LaTeX Info: Redefining \. on input line 1061.
LaTeX Info: Redefining \% on input line 1061.
LaTeX Info: Redefining \sptext on input line 1062.
LaTeX Info: Redefining \. on input line 1062.
LaTeX Info: Redefining \% on input line 1062.
LaTeX Info: Redefining \sptext on input line 1063.
LaTeX Info: Redefining \. on input line 1063.
LaTeX Info: Redefining \% on input line 1063.
LaTeX Info: Redefining \sptext on input line 1064.
LaTeX Info: Redefining \. on input line 1064.
LaTeX Info: Redefining \% on input line 1064.
LaTeX Info: Redefining \sptext on input line 1065.
LaTeX Info: Redefining \. on input line 1065.
LaTeX Info: Redefining \% on input line 1065.
LaTeX Info: Redefining \sptext on input line 1066.
LaTeX Info: Redefining \. on input line 1066.
LaTeX Info: Redefining \% on input line 1066.
LaTeX Info: Redefining \sptext on input line 1067.
LaTeX Info: Redefining \. on input line 1067.
LaTeX Info: Redefining \% on input line 1067.
LaTeX Info: Redefining \sptext on input line 1068.
LaTeX Info: Redefining \. on input line 1068.
LaTeX Info: Redefining \% on input line 1068.
LaTeX Info: Redefining \sptext on input line 1069.
LaTeX Info: Redefining \. on input line 1069.
LaTeX Info: Redefining \% on input line 1069.
LaTeX Info: Redefining \sptext on input line 1070.
LaTeX Info: Redefining \. on input line 1070.
LaTeX Info: Redefining \% on input line 1070.
LaTeX Info: Redefining \sptext on input line 1071.
LaTeX Info: Redefining \. on input line 1071.
LaTeX Info: Redefining \% on input line 1071.
LaTeX Info: Redefining \sptext on input line 1072.
LaTeX Info: Redefining \. on input line 1072.
LaTeX Info: Redefining \% on input line 1072.
LaTeX Info: Redefining \sptext on input line 1073.
LaTeX Info: Redefining \. on input line 1073.
LaTeX Info: Redefining \% on input line 1073.
LaTeX Info: Redefining \sptext on input line 1074.
LaTeX Info: Redefining \. on input line 1074.
LaTeX Info: Redefining \% on input line 1074.
LaTeX Info: Redefining \sptext on input line 1075.
LaTeX Info: Redefining \. on input line 1075.
LaTeX Info: Redefining \% on input line 1075.
LaTeX Info: Redefining \sptext on input line 1076.
LaTeX Info: Redefining \. on input line 1076.
LaTeX Info: Redefining \% on input line 1076.
LaTeX Info: Redefining \sptext on input line 1077.
LaTeX Info: Redefining \. on input line 1077.
LaTeX Info: Redefining \% on input line 1077.
LaTeX Info: Redefining \sptext on input line 1078.
LaTeX Info: Redefining \. on input line 1078.
LaTeX Info: Redefining \% on input line 1078.
LaTeX Info: Redefining \sptext on input line 1079.
LaTeX Info: Redefining \. on input line 1079.
LaTeX Info: Redefining \% on input line 1079.
LaTeX Info: Redefining \sptext on input line 1080.
LaTeX Info: Redefining \. on input line 1080.
LaTeX Info: Redefining \% on input line 1080.
LaTeX Info: Redefining \sptext on input line 1081.
LaTeX Info: Redefining \. on input line 1081.
LaTeX Info: Redefining \% on input line 1081.
LaTeX Info: Redefining \sptext on input line 1082.
LaTeX Info: Redefining \. on input line 1082.
LaTeX Info: Redefining \% on input line 1082.
LaTeX Info: Redefining \sptext on input line 1083.
LaTeX Info: Redefining \. on input line 1083.
LaTeX Info: Redefining \% on input line 1083.
LaTeX Info: Redefining \sptext on input line 1084.
LaTeX Info: Redefining \. on input line 1084.
LaTeX Info: Redefining \% on input line 1084.
LaTeX Info: Redefining \sptext on input line 1085.
LaTeX Info: Redefining \. on input line 1085.
LaTeX Info: Redefining \% on input line 1085.
LaTeX Info: Redefining \sptext on input line 1086.
LaTeX Info: Redefining \. on input line 1086.
LaTeX Info: Redefining \% on input line 1086.
LaTeX Info: Redefining \sptext on input line 1087.
LaTeX Info: Redefining \. on input line 1087.
LaTeX Info: Redefining \% on input line 1087.
LaTeX Info: Redefining \sptext on input line 1088.
LaTeX Info: Redefining \. on input line 1088.
LaTeX Info: Redefining \% on input line 1088.
LaTeX Info: Redefining \sptext on input line 1089.
LaTeX Info: Redefining \. on input line 1089.
LaTeX Info: Redefining \% on input line 1089.
LaTeX Info: Redefining \sptext on input line 1090.
LaTeX Info: Redefining \. on input line 1090.
LaTeX Info: Redefining \% on input line 1090.
LaTeX Info: Redefining \sptext on input line 1091.
LaTeX Info: Redefining \. on input line 1091.
LaTeX Info: Redefining \% on input line 1091.
LaTeX Info: Redefining \sptext on input line 1092.
LaTeX Info: Redefining \. on input line 1092.
LaTeX Info: Redefining \% on input line 1092.
LaTeX Info: Redefining \sptext on input line 1093.
LaTeX Info: Redefining \. on input line 1093.
LaTeX Info: Redefining \% on input line 1093.
LaTeX Info: Redefining \sptext on input line 1094.
LaTeX Info: Redefining \. on input line 1094.
LaTeX Info: Redefining \% on input line 1094.
LaTeX Info: Redefining \sptext on input line 1095.
LaTeX Info: Redefining \. on input line 1095.
LaTeX Info: Redefining \% on input line 1095.
LaTeX Info: Redefining \sptext on input line 1096.
LaTeX Info: Redefining \. on input line 1096.
LaTeX Info: Redefining \% on input line 1096.
LaTeX Info: Redefining \sptext on input line 1097.
LaTeX Info: Redefining \. on input line 1097.
LaTeX Info: Redefining \% on input line 1097.
LaTeX Info: Redefining \sptext on input line 1098.
LaTeX Info: Redefining \. on input line 1098.
LaTeX Info: Redefining \% on input line 1098.
LaTeX Info: Redefining \sptext on input line 1099.
LaTeX Info: Redefining \. on input line 1099.
LaTeX Info: Redefining \% on input line 1099.
LaTeX Info: Redefining \sptext on input line 1100.
LaTeX Info: Redefining \. on input line 1100.
LaTeX Info: Redefining \% on input line 1100.
LaTeX Info: Redefining \sptext on input line 1101.
LaTeX Info: Redefining \. on input line 1101.
LaTeX Info: Redefining \% on input line 1101.
LaTeX Info: Redefining \sptext on input line 1102.
LaTeX Info: Redefining \. on input line 1102.
LaTeX Info: Redefining \% on input line 1102.
LaTeX Info: Redefining \sptext on input line 1103.
LaTeX Info: Redefining \. on input line 1103.
LaTeX Info: Redefining \% on input line 1103.
LaTeX Info: Redefining \sptext on input line 1104.
LaTeX Info: Redefining \. on input line 1104.
LaTeX Info: Redefining \% on input line 1104.
LaTeX Info: Redefining \sptext on input line 1105.
LaTeX Info: Redefining \. on input line 1105.
LaTeX Info: Redefining \% on input line 1105.
LaTeX Info: Redefining \sptext on input line 1106.
LaTeX Info: Redefining \. on input line 1106.
LaTeX Info: Redefining \% on input line 1106.
LaTeX Info: Redefining \sptext on input line 1107.
LaTeX Info: Redefining \. on input line 1107.
LaTeX Info: Redefining \% on input line 1107.
LaTeX Info: Redefining \sptext on input line 1108.
LaTeX Info: Redefining \. on input line 1108.
LaTeX Info: Redefining \% on input line 1108.
LaTeX Info: Redefining \sptext on input line 1109.
LaTeX Info: Redefining \. on input line 1109.
LaTeX Info: Redefining \% on input line 1109.
LaTeX Info: Redefining \sptext on input line 1110.
LaTeX Info: Redefining \. on input line 1110.
LaTeX Info: Redefining \% on input line 1110.
LaTeX Info: Redefining \sptext on input line 1111.
LaTeX Info: Redefining \. on input line 1111.
LaTeX Info: Redefining \% on input line 1111.
LaTeX Info: Redefining \sptext on input line 1112.
LaTeX Info: Redefining \. on input line 1112.
LaTeX Info: Redefining \% on input line 1112.
LaTeX Info: Redefining \sptext on input line 1113.
LaTeX Info: Redefining \. on input line 1113.
LaTeX Info: Redefining \% on input line 1113.
LaTeX Info: Redefining \sptext on input line 1114.
LaTeX Info: Redefining \. on input line 1114.
LaTeX Info: Redefining \% on input line 1114.
LaTeX Info: Redefining \sptext on input line 1115.
LaTeX Info: Redefining \. on input line 1115.
LaTeX Info: Redefining \% on input line 1115.
LaTeX Info: Redefining \sptext on input line 1116.
LaTeX Info: Redefining \. on input line 1116.
LaTeX Info: Redefining \% on input line 1116.
LaTeX Info: Redefining \sptext on input line 1117.
LaTeX Info: Redefining \. on input line 1117.
LaTeX Info: Redefining \% on input line 1117.
LaTeX Info: Redefining \sptext on input line 1118.
LaTeX Info: Redefining \. on input line 1118.
LaTeX Info: Redefining \% on input line 1118.
LaTeX Info: Redefining \sptext on input line 1119.
LaTeX Info: Redefining \. on input line 1119.
LaTeX Info: Redefining \% on input line 1119.
LaTeX Info: Redefining \sptext on input line 1120.
LaTeX Info: Redefining \. on input line 1120.
LaTeX Info: Redefining \% on input line 1120.
LaTeX Info: Redefining \sptext on input line 1121.
LaTeX Info: Redefining \. on input line 1121.
LaTeX Info: Redefining \% on input line 1121.
LaTeX Info: Redefining \sptext on input line 1122.
LaTeX Info: Redefining \. on input line 1122.
LaTeX Info: Redefining \% on input line 1122.
LaTeX Info: Redefining \sptext on input line 1123.
LaTeX Info: Redefining \. on input line 1123.
LaTeX Info: Redefining \% on input line 1123.
LaTeX Info: Redefining \sptext on input line 1124.
LaTeX Info: Redefining \. on input line 1124.
LaTeX Info: Redefining \% on input line 1124.
LaTeX Info: Redefining \sptext on input line 1125.
LaTeX Info: Redefining \. on input line 1125.
LaTeX Info: Redefining \% on input line 1125.
LaTeX Info: Redefining \sptext on input line 1126.
LaTeX Info: Redefining \. on input line 1126.
LaTeX Info: Redefining \% on input line 1126.
LaTeX Info: Redefining \sptext on input line 1127.
LaTeX Info: Redefining \. on input line 1127.
LaTeX Info: Redefining \% on input line 1127.
LaTeX Info: Redefining \sptext on input line 1128.
LaTeX Info: Redefining \. on input line 1128.
LaTeX Info: Redefining \% on input line 1128.
LaTeX Info: Redefining \sptext on input line 1129.
LaTeX Info: Redefining \. on input line 1129.
LaTeX Info: Redefining \% on input line 1129.
LaTeX Info: Redefining \sptext on input line 1130.
LaTeX Info: Redefining \. on input line 1130.
LaTeX Info: Redefining \% on input line 1130.
LaTeX Info: Redefining \sptext on input line 1131.
LaTeX Info: Redefining \. on input line 1131.
LaTeX Info: Redefining \% on input line 1131.
LaTeX Info: Redefining \sptext on input line 1132.
LaTeX Info: Redefining \. on input line 1132.
LaTeX Info: Redefining \% on input line 1132.
LaTeX Info: Redefining \sptext on input line 1133.
LaTeX Info: Redefining \. on input line 1133.
LaTeX Info: Redefining \% on input line 1133.
LaTeX Info: Redefining \sptext on input line 1134.
LaTeX Info: Redefining \. on input line 1134.
LaTeX Info: Redefining \% on input line 1134.
LaTeX Info: Redefining \sptext on input line 1135.
LaTeX Info: Redefining \. on input line 1135.
LaTeX Info: Redefining \% on input line 1135.
LaTeX Info: Redefining \sptext on input line 1136.
LaTeX Info: Redefining \. on input line 1136.
LaTeX Info: Redefining \% on input line 1136.
LaTeX Info: Redefining \sptext on input line 1137.
LaTeX Info: Redefining \. on input line 1137.
LaTeX Info: Redefining \% on input line 1137.
LaTeX Info: Redefining \sptext on input line 1138.
LaTeX Info: Redefining \. on input line 1138.
LaTeX Info: Redefining \% on input line 1138.
LaTeX Info: Redefining \sptext on input line 1139.
LaTeX Info: Redefining \. on input line 1139.
LaTeX Info: Redefining \% on input line 1139.
LaTeX Info: Redefining \sptext on input line 1140.
LaTeX Info: Redefining \. on input line 1140.
LaTeX Info: Redefining \% on input line 1140.
LaTeX Info: Redefining \sptext on input line 1141.
LaTeX Info: Redefining \. on input line 1141.
LaTeX Info: Redefining \% on input line 1141.
LaTeX Info: Redefining \sptext on input line 1142.
LaTeX Info: Redefining \. on input line 1142.
LaTeX Info: Redefining \% on input line 1142.
LaTeX Info: Redefining \sptext on input line 1143.
LaTeX Info: Redefining \. on input line 1143.
LaTeX Info: Redefining \% on input line 1143.
LaTeX Info: Redefining \sptext on input line 1144.
LaTeX Info: Redefining \. on input line 1144.
LaTeX Info: Redefining \% on input line 1144.
LaTeX Info: Redefining \sptext on input line 1145.
LaTeX Info: Redefining \. on input line 1145.
LaTeX Info: Redefining \% on input line 1145.
LaTeX Info: Redefining \sptext on input line 1146.
LaTeX Info: Redefining \. on input line 1146.
LaTeX Info: Redefining \% on input line 1146.
LaTeX Info: Redefining \sptext on input line 1147.
LaTeX Info: Redefining \. on input line 1147.
LaTeX Info: Redefining \% on input line 1147.
LaTeX Info: Redefining \sptext on input line 1148.
LaTeX Info: Redefining \. on input line 1148.
LaTeX Info: Redefining \% on input line 1148.
LaTeX Info: Redefining \sptext on input line 1149.
LaTeX Info: Redefining \. on input line 1149.
LaTeX Info: Redefining \% on input line 1149.
LaTeX Info: Redefining \sptext on input line 1150.
LaTeX Info: Redefining \. on input line 1150.
LaTeX Info: Redefining \% on input line 1150.
LaTeX Info: Redefining \sptext on input line 1151.
LaTeX Info: Redefining \. on input line 1151.
LaTeX Info: Redefining \% on input line 1151.
LaTeX Info: Redefining \sptext on input line 1152.
LaTeX Info: Redefining \. on input line 1152.
LaTeX Info: Redefining \% on input line 1152.
LaTeX Info: Redefining \sptext on input line 1153.
LaTeX Info: Redefining \. on input line 1153.
LaTeX Info: Redefining \% on input line 1153.
LaTeX Info: Redefining \sptext on input line 1154.
LaTeX Info: Redefining \. on input line 1154.
LaTeX Info: Redefining \% on input line 1154.
LaTeX Info: Redefining \sptext on input line 1155.
LaTeX Info: Redefining \. on input line 1155.
LaTeX Info: Redefining \% on input line 1155.
LaTeX Info: Redefining \sptext on input line 1156.
LaTeX Info: Redefining \. on input line 1156.
LaTeX Info: Redefining \% on input line 1156.
LaTeX Info: Redefining \sptext on input line 1157.
LaTeX Info: Redefining \. on input line 1157.
LaTeX Info: Redefining \% on input line 1157.
LaTeX Info: Redefining \sptext on input line 1158.
LaTeX Info: Redefining \. on input line 1158.
LaTeX Info: Redefining \% on input line 1158.
LaTeX Info: Redefining \sptext on input line 1159.
LaTeX Info: Redefining \. on input line 1159.
LaTeX Info: Redefining \% on input line 1159.
LaTeX Info: Redefining \sptext on input line 1160.
LaTeX Info: Redefining \. on input line 1160.
LaTeX Info: Redefining \% on input line 1160.
LaTeX Info: Redefining \sptext on input line 1161.
LaTeX Info: Redefining \. on input line 1161.
LaTeX Info: Redefining \% on input line 1161.
LaTeX Info: Redefining \sptext on input line 1162.
LaTeX Info: Redefining \. on input line 1162.
LaTeX Info: Redefining \% on input line 1162.
LaTeX Info: Redefining \sptext on input line 1163.
LaTeX Info: Redefining \. on input line 1163.
LaTeX Info: Redefining \% on input line 1163.
LaTeX Info: Redefining \sptext on input line 1164.
LaTeX Info: Redefining \. on input line 1164.
LaTeX Info: Redefining \% on input line 1164.
LaTeX Info: Redefining \sptext on input line 1165.
LaTeX Info: Redefining \. on input line 1165.
LaTeX Info: Redefining \% on input line 1165.
LaTeX Info: Redefining \sptext on input line 1166.
LaTeX Info: Redefining \. on input line 1166.
LaTeX Info: Redefining \% on input line 1166.
LaTeX Info: Redefining \sptext on input line 1167.
LaTeX Info: Redefining \. on input line 1167.
LaTeX Info: Redefining \% on input line 1167.
LaTeX Info: Redefining \sptext on input line 1168.
LaTeX Info: Redefining \. on input line 1168.
LaTeX Info: Redefining \% on input line 1168.
LaTeX Info: Redefining \sptext on input line 1169.
LaTeX Info: Redefining \. on input line 1169.
LaTeX Info: Redefining \% on input line 1169.
LaTeX Info: Redefining \sptext on input line 1170.
LaTeX Info: Redefining \. on input line 1170.
LaTeX Info: Redefining \% on input line 1170.
LaTeX Info: Redefining \sptext on input line 1171.
LaTeX Info: Redefining \. on input line 1171.
LaTeX Info: Redefining \% on input line 1171.
LaTeX Info: Redefining \sptext on input line 1172.
LaTeX Info: Redefining \. on input line 1172.
LaTeX Info: Redefining \% on input line 1172.
LaTeX Info: Redefining \sptext on input line 1173.
LaTeX Info: Redefining \. on input line 1173.
LaTeX Info: Redefining \% on input line 1173.
LaTeX Info: Redefining \sptext on input line 1174.
LaTeX Info: Redefining \. on input line 1174.
LaTeX Info: Redefining \% on input line 1174.
LaTeX Info: Redefining \sptext on input line 1175.
LaTeX Info: Redefining \. on input line 1175.
LaTeX Info: Redefining \% on input line 1175.
LaTeX Info: Redefining \sptext on input line 1176.
LaTeX Info: Redefining \. on input line 1176.
LaTeX Info: Redefining \% on input line 1176.
LaTeX Info: Redefining \sptext on input line 1177.
LaTeX Info: Redefining \. on input line 1177.
LaTeX Info: Redefining \% on input line 1177.
LaTeX Info: Redefining \sptext on input line 1178.
LaTeX Info: Redefining \. on input line 1178.
LaTeX Info: Redefining \% on input line 1178.
LaTeX Info: Redefining \sptext on input line 1179.
LaTeX Info: Redefining \. on input line 1179.
LaTeX Info: Redefining \% on input line 1179.
LaTeX Info: Redefining \sptext on input line 1180.
LaTeX Info: Redefining \. on input line 1180.
LaTeX Info: Redefining \% on input line 1180.
LaTeX Info: Redefining \sptext on input line 1181.
LaTeX Info: Redefining \. on input line 1181.
LaTeX Info: Redefining \% on input line 1181.
LaTeX Info: Redefining \sptext on input line 1182.
LaTeX Info: Redefining \. on input line 1182.
LaTeX Info: Redefining \% on input line 1182.
LaTeX Info: Redefining \sptext on input line 1183.
LaTeX Info: Redefining \. on input line 1183.
LaTeX Info: Redefining \% on input line 1183.
LaTeX Info: Redefining \sptext on input line 1184.
LaTeX Info: Redefining \. on input line 1184.
LaTeX Info: Redefining \% on input line 1184.
LaTeX Info: Redefining \sptext on input line 1185.
LaTeX Info: Redefining \. on input line 1185.
LaTeX Info: Redefining \% on input line 1185.
LaTeX Info: Redefining \sptext on input line 1186.
LaTeX Info: Redefining \. on input line 1186.
LaTeX Info: Redefining \% on input line 1186.
LaTeX Info: Redefining \sptext on input line 1187.
LaTeX Info: Redefining \. on input line 1187.
LaTeX Info: Redefining \% on input line 1187.
LaTeX Info: Redefining \sptext on input line 1188.
LaTeX Info: Redefining \. on input line 1188.
LaTeX Info: Redefining \% on input line 1188.
LaTeX Info: Redefining \sptext on input line 1189.
LaTeX Info: Redefining \. on input line 1189.
LaTeX Info: Redefining \% on input line 1189.
LaTeX Info: Redefining \sptext on input line 1190.
LaTeX Info: Redefining \. on input line 1190.
LaTeX Info: Redefining \% on input line 1190.
LaTeX Info: Redefining \sptext on input line 1191.
LaTeX Info: Redefining \. on input line 1191.
LaTeX Info: Redefining \% on input line 1191.
LaTeX Info: Redefining \sptext on input line 1192.
LaTeX Info: Redefining \. on input line 1192.
LaTeX Info: Redefining \% on input line 1192.
LaTeX Info: Redefining \sptext on input line 1193.
LaTeX Info: Redefining \. on input line 1193.
LaTeX Info: Redefining \% on input line 1193.
LaTeX Info: Redefining \sptext on input line 1194.
LaTeX Info: Redefining \. on input line 1194.
LaTeX Info: Redefining \% on input line 1194.
LaTeX Info: Redefining \sptext on input line 1195.
LaTeX Info: Redefining \. on input line 1195.
LaTeX Info: Redefining \% on input line 1195.
LaTeX Info: Redefining \sptext on input line 1196.
LaTeX Info: Redefining \. on input line 1196.
LaTeX Info: Redefining \% on input line 1196.
LaTeX Info: Redefining \sptext on input line 1197.
LaTeX Info: Redefining \. on input line 1197.
LaTeX Info: Redefining \% on input line 1197.
LaTeX Info: Redefining \sptext on input line 1198.
LaTeX Info: Redefining \. on input line 1198.
LaTeX Info: Redefining \% on input line 1198.
LaTeX Info: Redefining \sptext on input line 1199.
LaTeX Info: Redefining \. on input line 1199.
LaTeX Info: Redefining \% on input line 1199.
LaTeX Info: Redefining \sptext on input line 1200.
LaTeX Info: Redefining \. on input line 1200.
LaTeX Info: Redefining \% on input line 1200.
LaTeX Info: Redefining \sptext on input line 1201.
LaTeX Info: Redefining \. on input line 1201.
LaTeX Info: Redefining \% on input line 1201.
LaTeX Info: Redefining \sptext on input line 1202.
LaTeX Info: Redefining \. on input line 1202.
LaTeX Info: Redefining \% on input line 1202.
LaTeX Info: Redefining \sptext on input line 1203.
LaTeX Info: Redefining \. on input line 1203.
LaTeX Info: Redefining \% on input line 1203.
LaTeX Info: Redefining \sptext on input line 1204.
LaTeX Info: Redefining \. on input line 1204.
LaTeX Info: Redefining \% on input line 1204.
LaTeX Info: Redefining \sptext on input line 1205.
LaTeX Info: Redefining \. on input line 1205.
LaTeX Info: Redefining \% on input line 1205.
LaTeX Info: Redefining \sptext on input line 1206.
LaTeX Info: Redefining \. on input line 1206.
LaTeX Info: Redefining \% on input line 1206.
LaTeX Info: Redefining \sptext on input line 1207.
LaTeX Info: Redefining \. on input line 1207.
LaTeX Info: Redefining \% on input line 1207.
LaTeX Info: Redefining \sptext on input line 1208.
LaTeX Info: Redefining \. on input line 1208.
LaTeX Info: Redefining \% on input line 1208.
LaTeX Info: Redefining \sptext on input line 1209.
LaTeX Info: Redefining \. on input line 1209.
LaTeX Info: Redefining \% on input line 1209.
LaTeX Info: Redefining \sptext on input line 1210.
LaTeX Info: Redefining \. on input line 1210.
LaTeX Info: Redefining \% on input line 1210.
LaTeX Info: Redefining \sptext on input line 1211.
LaTeX Info: Redefining \. on input line 1211.
LaTeX Info: Redefining \% on input line 1211.
LaTeX Info: Redefining \sptext on input line 1212.
LaTeX Info: Redefining \. on input line 1212.
LaTeX Info: Redefining \% on input line 1212.
LaTeX Info: Redefining \sptext on input line 1213.
LaTeX Info: Redefining \. on input line 1213.
LaTeX Info: Redefining \% on input line 1213.
LaTeX Info: Redefining \sptext on input line 1214.
LaTeX Info: Redefining \. on input line 1214.
LaTeX Info: Redefining \% on input line 1214.
LaTeX Info: Redefining \sptext on input line 1215.
LaTeX Info: Redefining \. on input line 1215.
LaTeX Info: Redefining \% on input line 1215.
LaTeX Info: Redefining \sptext on input line 1216.
LaTeX Info: Redefining \. on input line 1216.
LaTeX Info: Redefining \% on input line 1216.
LaTeX Info: Redefining \sptext on input line 1217.
LaTeX Info: Redefining \. on input line 1217.
LaTeX Info: Redefining \% on input line 1217.
 * soulpos - computing points - it may take a few seconds *
\openout5 = `main.upb'.


(./main.upa))
 ***********
LaTeX2e <2026-06-01>
L3 programming layer <2026-08-10>
 ***********
Package rerunfilecheck Info: File `main.out' has not changed.
(rerunfilecheck)             Checksum: A0EF432B16FBB643A0E5E670155EC752;25945.
Package logreq Info: Writing requests to 'main.run.xml'.
\openout1 = `main.run.xml'.

 ) 
Here is how much of TeX's memory you used:
 48005 strings out of 467099
 970597 string characters out of 5408265
 1838740 words of memory out of 5000000
 74977 multiletter control sequences out of 15000+600000
 759082 words of font info for 652 fonts, out of 8000000 for 9000
 1141 hyphenation exceptions out of 8191
 107i,18n,108p,1496b,4824s stack positions out of 10000i,1000n,20000p,200000b,200000s
</usr/local/texlive/2026/texmf-dist/fonts/type1/public/amsfonts/cm/cmex10.pfb
></usr/local/texlive/2026/texmf-dist/fonts/type1/public/amsfonts/cm/cmmi10.pfb>
</usr/local/texlive/2026/texmf-dist/fonts/type1/public/amsfonts/cm/cmr10.pfb></
usr/local/texlive/2026/texmf-dist/fonts/type1/public/amsfonts/cm/cmsy10.pfb></u
sr/local/texlive/2026/texmf-dist/fonts/type1/public/lm/lmtt12.pfb></usr/local/t
exlive/2026/texmf-dist/fonts/type1/public/lm/lmtt8.pfb></usr/local/texlive/2026
/texmf-dist/fonts/type1/urw/symbol/usyr.pfb></usr/local/texlive/2026/texmf-dist
/fonts/type1/urw/times/utmb8a.pfb></usr/local/texlive/2026/texmf-dist/fonts/typ
e1/urw/times/utmbi8a.pfb></usr/local/texlive/2026/texmf-dist/fonts/type1/urw/ti
mes/utmr8a.pfb></usr/local/texlive/2026/texmf-dist/fonts/type1/urw/times/utmri8
a.pfb>
Output written on main.pdf (205 pages, 3801184 bytes).
PDF statistics:
 3250 PDF objects out of 3580 (max. 8388607)
 2930 compressed objects within 30 object streams
 630 named destinations out of 1000 (max. 500000)
 135498 words of extra memory for PDF output out of 154059 (max. 10000000)

