This is pdfTeX, Version 3.141592653-2.6-1.40.28 (MiKTeX 25.12) (preloaded format=pdflatex 2026.5.24)  12 AUG 2026 16:35
entering extended mode
 restricted \write18 enabled.
 %&-line parsing enabled.
**./main.tex
(main.tex
LaTeX2e <2025-11-01>
L3 programming layer <2025-12-24>
(C:\Users\enzoa\AppData\Local\Programs\MiKTeX\tex/latex/base\book.cls
Document Class: book 2025/01/22 v1.4n Standard LaTeX document class
(C:\Users\enzoa\AppData\Local\Programs\MiKTeX\tex/latex/base\bk12.clo
File: bk12.clo 2025/01/22 v1.4n Standard LaTeX file (size option)
)
\c@part=\count275
\c@chapter=\count276
\c@section=\count277
\c@subsection=\count278
\c@subsubsection=\count279
\c@paragraph=\count280
\c@subparagraph=\count281
\c@figure=\count282
\c@table=\count283
\abovecaptionskip=\skip49
\belowcaptionskip=\skip50
\bibindent=\dimen148
)
(C:\Users\enzoa\AppData\Local\Programs\MiKTeX\tex/latex/titlesec\titlesec.sty
Package: titlesec 2025/01/04 v2.17 Sectioning titles
\ttl@box=\box53
\beforetitleunit=\skip51
\aftertitleunit=\skip52
\ttl@plus=\dimen149
\ttl@minus=\dimen150
\ttl@toksa=\toks17
\titlewidth=\dimen151
\titlewidthlast=\dimen152
\titlewidthfirst=\dimen153
)
(C:\Users\enzoa\AppData\Local\Programs\MiKTeX\tex/latex/cmap\cmap.sty
Package: cmap 2021/02/06 v1.0j CMap support: searchable PDF
)
(C:\Users\enzoa\AppData\Local\Programs\MiKTeX\tex/latex/base\inputenc.sty
Package: inputenc 2024/02/08 v1.3d Input encoding file
\inpenc@prehook=\toks18
\inpenc@posthook=\toks19
)
(C:\Users\enzoa\AppData\Local\Programs\MiKTeX\tex/latex/base\fontenc.sty
Package: fontenc 2025/07/18 v2.1d Standard LaTeX package
<<t1.cmap>>) (C:\Users\enzoa\AppData\Local\Programs\MiKTeX\tex/latex/lm\lmodern
.sty
Package: lmodern 2015/05/01 v1.6.1 Latin Modern Fonts
LaTeX Font Info:    Overwriting symbol font `operators' in version `normal'
(Font)                  OT1/cmr/m/n --> OT1/lmr/m/n on input line 22.
LaTeX Font Info:    Overwriting symbol font `letters' in version `normal'
(Font)                  OML/cmm/m/it --> OML/lmm/m/it on input line 23.
LaTeX Font Info:    Overwriting symbol font `symbols' in version `normal'
(Font)                  OMS/cmsy/m/n --> OMS/lmsy/m/n on input line 24.
LaTeX Font Info:    Overwriting symbol font `largesymbols' in version `normal'
(Font)                  OMX/cmex/m/n --> OMX/lmex/m/n on input line 25.
LaTeX Font Info:    Overwriting symbol font `operators' in version `bold'
(Font)                  OT1/cmr/bx/n --> OT1/lmr/bx/n on input line 26.
LaTeX Font Info:    Overwriting symbol font `letters' in version `bold'
(Font)                  OML/cmm/b/it --> OML/lmm/b/it on input line 27.
LaTeX Font Info:    Overwriting symbol font `symbols' in version `bold'
(Font)                  OMS/cmsy/b/n --> OMS/lmsy/b/n on input line 28.
LaTeX Font Info:    Overwriting symbol font `largesymbols' in version `bold'
(Font)                  OMX/cmex/m/n --> OMX/lmex/m/n on input line 29.
LaTeX Font Info:    Overwriting math alphabet `\mathbf' in version `normal'
(Font)                  OT1/cmr/bx/n --> OT1/lmr/bx/n on input line 31.
LaTeX Font Info:    Overwriting math alphabet `\mathsf' in version `normal'
(Font)                  OT1/cmss/m/n --> OT1/lmss/m/n on input line 32.
LaTeX Font Info:    Overwriting math alphabet `\mathit' in version `normal'
(Font)                  OT1/cmr/m/it --> OT1/lmr/m/it on input line 33.
LaTeX Font Info:    Overwriting math alphabet `\mathtt' in version `normal'
(Font)                  OT1/cmtt/m/n --> OT1/lmtt/m/n on input line 34.
LaTeX Font Info:    Overwriting math alphabet `\mathbf' in version `bold'
(Font)                  OT1/cmr/bx/n --> OT1/lmr/bx/n on input line 35.
LaTeX Font Info:    Overwriting math alphabet `\mathsf' in version `bold'
(Font)                  OT1/cmss/bx/n --> OT1/lmss/bx/n on input line 36.
LaTeX Font Info:    Overwriting math alphabet `\mathit' in version `bold'
(Font)                  OT1/cmr/bx/it --> OT1/lmr/bx/it on input line 37.
LaTeX Font Info:    Overwriting math alphabet `\mathtt' in version `bold'
(Font)                  OT1/cmtt/m/n --> OT1/lmtt/m/n on input line 38.
)
(C:\Users\enzoa\AppData\Local\Programs\MiKTeX\tex/latex/biblatex\biblatex.sty
Package: biblatex 2025/07/10 v3.21 programmable bibliographies (PK/MW)

(C:\Users\enzoa\AppData\Local\Programs\MiKTeX\tex/generic/pdftexcmds\pdftexcmds
.sty
Package: pdftexcmds 2020-06-27 v0.33 Utility functions of pdfTeX for LuaTeX (HO
)

(C:\Users\enzoa\AppData\Local\Programs\MiKTeX\tex/generic/infwarerr\infwarerr.s
ty
Package: infwarerr 2019/12/03 v1.5 Providing info/warning/error messages (HO)
) (C:\Users\enzoa\AppData\Local\Programs\MiKTeX\tex/generic/iftex\iftex.sty
Package: iftex 2024/12/12 v1.0g TeX engine tests
)
(C:\Users\enzoa\AppData\Local\Programs\MiKTeX\tex/generic/ltxcmds\ltxcmds.sty
Package: ltxcmds 2023-12-04 v1.26 LaTeX kernel commands for general use (HO)
)
Package pdftexcmds Info: \pdf@primitive is available.
Package pdftexcmds Info: \pdf@ifprimitive is available.
Package pdftexcmds Info: \pdfdraftmode found.
) (C:\Users\enzoa\AppData\Local\Programs\MiKTeX\tex/latex/etoolbox\etoolbox.sty
Package: etoolbox 2025/10/02 v2.5m e-TeX tools for LaTeX (JAW)
\etb@tempcnta=\count284
) (C:\Users\enzoa\AppData\Local\Programs\MiKTeX\tex/latex/graphics\keyval.sty
Package: keyval 2022/05/29 v1.15 key=value parser (DPC)
\KV@toks@=\toks20
)
(C:\Users\enzoa\AppData\Local\Programs\MiKTeX\tex/latex/kvoptions\kvoptions.sty
Package: kvoptions 2022-06-15 v3.15 Key value format for package options (HO)

(C:\Users\enzoa\AppData\Local\Programs\MiKTeX\tex/latex/kvsetkeys\kvsetkeys.sty
Package: kvsetkeys 2022-10-05 v1.19 Key value parser (HO)
)) (C:\Users\enzoa\AppData\Local\Programs\MiKTeX\tex/latex/logreq\logreq.sty
Package: logreq 2010/08/04 v1.0 xml request logger
\lrq@indent=\count285

(C:\Users\enzoa\AppData\Local\Programs\MiKTeX\tex/latex/logreq\logreq.def
File: logreq.def 2010/08/04 v1.0 logreq spec v1.0
))
(C:\Users\enzoa\AppData\Local\Programs\MiKTeX\tex/latex/base\ifthen.sty
Package: ifthen 2024/03/16 v1.1e Standard LaTeX ifthen package (DPC)
)
(C:\Users\enzoa\AppData\Local\Programs\MiKTeX\tex/latex/url\url.sty
\Urlmuskip=\muskip17
Package: url 2013/09/16  ver 3.4  Verb mode for urls, etc.
)
\c@tabx@nest=\count286
\c@listtotal=\count287
\c@listcount=\count288
\c@liststart=\count289
\c@liststop=\count290
\c@citecount=\count291
\c@citetotal=\count292
\c@multicitecount=\count293
\c@multicitetotal=\count294
\c@instcount=\count295
\c@maxnames=\count296
\c@minnames=\count297
\c@maxitems=\count298
\c@minitems=\count299
\c@citecounter=\count300
\c@maxcitecounter=\count301
\c@savedcitecounter=\count302
\c@uniquelist=\count303
\c@uniquename=\count304
\c@refsection=\count305
\c@refsegment=\count306
\c@maxextratitle=\count307
\c@maxextratitleyear=\count308
\c@maxextraname=\count309
\c@maxextradate=\count310
\c@maxextraalpha=\count311
\c@abbrvpenalty=\count312
\c@highnamepenalty=\count313
\c@lownamepenalty=\count314
\c@maxparens=\count315
\c@parenlevel=\count316
\blx@tempcnta=\count317
\blx@tempcntb=\count318
\blx@tempcntc=\count319
\c@blx@maxsection=\count320
\blx@maxsegment@0=\count321
\blx@notetype=\count322
\blx@parenlevel@text=\count323
\blx@parenlevel@foot=\count324
\blx@sectionciteorder@0=\count325
\blx@sectionciteorderinternal@0=\count326
\blx@entrysetcounter=\count327
\blx@biblioinstance=\count328
\labelnumberwidth=\skip53
\labelalphawidth=\skip54
\biblabelsep=\skip55
\bibitemsep=\skip56
\bibnamesep=\skip57
\bibinitsep=\skip58
\bibparsep=\skip59
\bibhang=\skip60
\blx@bcfin=\read2
\blx@bcfout=\write3
\blx@langwohyphens=\language79
\c@mincomprange=\count329
\c@maxcomprange=\count330
\c@mincompwidth=\count331
Package biblatex Info: Trying to load biblatex default data model...
Package biblatex Info: ... file 'blx-dm.def' found.

(C:\Users\enzoa\AppData\Local\Programs\MiKTeX\tex/latex/biblatex\blx-dm.def
File: blx-dm.def 2025/07/10 v3.21 biblatex datamodel (PK/MW)
)
Package biblatex Info: Trying to load biblatex style data model...
Package biblatex Info: ... file 'iso-numeric.dbx' found.

(C:\Users\enzoa\AppData\Local\Programs\MiKTeX\tex/latex/biblatex-iso690\iso-num
eric.dbx
File: iso-numeric.dbx 2022/03/20 v0.4.1 ISO 690 biblatex data model extension
)
Package biblatex Info: Trying to load biblatex custom data model...
Package biblatex Info: ... file 'biblatex-dm.cfg' not found.
\c@afterword=\count332
\c@savedafterword=\count333
\c@annotator=\count334
\c@savedannotator=\count335
\c@author=\count336
\c@savedauthor=\count337
\c@bookauthor=\count338
\c@savedbookauthor=\count339
\c@commentator=\count340
\c@savedcommentator=\count341
\c@editor=\count342
\c@savededitor=\count343
\c@editora=\count344
\c@savededitora=\count345
\c@editorb=\count346
\c@savededitorb=\count347
\c@editorc=\count348
\c@savededitorc=\count349
\c@foreword=\count350
\c@savedforeword=\count351
\c@holder=\count352
\c@savedholder=\count353
\c@introduction=\count354
\c@savedintroduction=\count355
\c@namea=\count356
\c@savednamea=\count357
\c@nameb=\count358
\c@savednameb=\count359
\c@namec=\count360
\c@savednamec=\count361
\c@translator=\count362
\c@savedtranslator=\count363
\c@shortauthor=\count364
\c@savedshortauthor=\count365
\c@shorteditor=\count366
\c@savedshorteditor=\count367
\c@supervisor=\count368
\c@savedsupervisor=\count369
\c@labelname=\count370
\c@savedlabelname=\count371
\c@institution=\count372
\c@savedinstitution=\count373
\c@lista=\count374
\c@savedlista=\count375
\c@listb=\count376
\c@savedlistb=\count377
\c@listc=\count378
\c@savedlistc=\count379
\c@listd=\count380
\c@savedlistd=\count381
\c@liste=\count382
\c@savedliste=\count383
\c@listf=\count384
\c@savedlistf=\count385
\c@location=\count386
\c@savedlocation=\count387
\c@organization=\count388
\c@savedorganization=\count389
\c@origlocation=\count390
\c@savedoriglocation=\count391
\c@origpublisher=\count392
\c@savedorigpublisher=\count393
\c@publisher=\count394
\c@savedpublisher=\count395
\c@language=\count396
\c@savedlanguage=\count397
\c@origlanguage=\count398
\c@savedoriglanguage=\count399
\c@pageref=\count400
\c@savedpageref=\count401
\shorthandwidth=\skip61
\shortjournalwidth=\skip62
\shortserieswidth=\skip63
\shorttitlewidth=\skip64
\shortauthorwidth=\skip65
\shorteditorwidth=\skip66
\locallabelnumberwidth=\skip67
\locallabelalphawidth=\skip68
\localshorthandwidth=\skip69
\localshortjournalwidth=\skip70
\localshortserieswidth=\skip71
\localshorttitlewidth=\skip72
\localshortauthorwidth=\skip73
\localshorteditorwidth=\skip74
Package biblatex Info: Trying to load compatibility code...
Package biblatex Info: ... file 'blx-compat.def' found.

(C:\Users\enzoa\AppData\Local\Programs\MiKTeX\tex/latex/biblatex\blx-compat.def
File: blx-compat.def 2025/07/10 v3.21 biblatex compatibility (PK/MW)
)
Package biblatex Info: Trying to load generic definitions...
Package biblatex Info: ... file 'biblatex.def' found.
 (C:\Users\enzoa\AppData\Local\Programs\MiKTeX\tex/latex/biblatex\biblatex.def
File: biblatex.def 2025/07/10 v3.21 biblatex compatibility (PK/MW)
\c@textcitecount=\count402
\c@textcitetotal=\count403
\c@textcitemaxnames=\count404
\c@biburlbigbreakpenalty=\count405
\c@biburlbreakpenalty=\count406
\c@biburlnumpenalty=\count407
\c@biburlucpenalty=\count408
\c@biburllcpenalty=\count409
\biburlbigskip=\muskip18
\biburlnumskip=\muskip19
\biburlucskip=\muskip20
\biburllcskip=\muskip21
\c@smartand=\count410
)
Package biblatex Info: Trying to load bibliography style 'iso-numeric'...
Package biblatex Info: ... file 'iso-numeric.bbx' found.

(C:\Users\enzoa\AppData\Local\Programs\MiKTeX\tex/latex/biblatex-iso690\iso-num
eric.bbx
File: iso-numeric.bbx 2022/03/20 v0.4.1 ISO 690 biblatex bibliography style
Package biblatex Info: Trying to load bibliography style 'iso'...
Package biblatex Info: ... file 'iso.bbx' found.

(C:\Users\enzoa\AppData\Local\Programs\MiKTeX\tex/latex/biblatex-iso690\iso.bbx
File: iso.bbx 2022/03/20 v0.4.1 ISO 690 biblatex bibliography style
Package biblatex-iso690 Info: Space colon enabled: false.
Package biblatex-iso690 Info: Total pages enabled: false.
Package biblatex-iso690 Info: Short numeration enabled: false.
Package biblatex-iso690 Info: Thesis info in the notes section enabled: true.
Package biblatex-iso690 Info: URL field enabled: true.
Package biblatex-iso690 Info: ISBN field enabled: true.
Package biblatex-iso690 Info: DOI field enabled: true.
Package biblatex-iso690 Info: eprint field enabled: true.
Package biblatex-iso690 Info: Article publication info enabled: false.
Package biblatex-iso690 Info: Use current language for the bibliography: false.

Package biblatex-iso690 Info: Use no end dot for the bibliography entries: fals
e.
Package biblatex Info: Delimiter 'multinamedelim' in context '' already defined
, overwriting.
Package biblatex Info: Delimiter 'finalnamedelim' in context '' already defined
, overwriting.
Package biblatex Info: Delimiter 'editortypedelim' in context '' already define
d, overwriting.
Package biblatex Info: Delimiter 'authortypedelim' in context '' already define
d, overwriting.
))
Package biblatex Info: Trying to load citation style 'iso-numeric'...
Package biblatex Info: ... file 'iso-numeric.cbx' found.

(C:\Users\enzoa\AppData\Local\Programs\MiKTeX\tex/latex/biblatex-iso690\iso-num
eric.cbx
File: iso-numeric.cbx 2022/03/20 v0.4.1 ISO 690 biblatex citation style
Package biblatex Info: Trying to load citation style 'numeric'...
Package biblatex Info: ... file 'numeric.cbx' found.

(C:\Users\enzoa\AppData\Local\Programs\MiKTeX\tex/latex/biblatex/cbx\numeric.cb
x
File: numeric.cbx 2025/07/10 v3.21 biblatex citation style (PK/MW)
Package biblatex Info: Redefining '\cite'.
Package biblatex Info: Redefining '\parencite'.
Package biblatex Info: Redefining '\footcite'.
Package biblatex Info: Redefining '\footcitetext'.
Package biblatex Info: Redefining '\smartcite'.
Package biblatex Info: Redefining '\supercite'.
Package biblatex Info: Redefining '\textcite'.
Package biblatex Info: Redefining '\textcites'.
Package biblatex Info: Redefining '\cites'.
Package biblatex Info: Redefining '\parencites'.
Package biblatex Info: Redefining '\smartcites'.
)
Package biblatex Info: Trying to load citation style 'iso-fullcite'...
Package biblatex Info: ... file 'iso-fullcite.cbx' found.

(C:\Users\enzoa\AppData\Local\Programs\MiKTeX\tex/latex/biblatex-iso690\iso-ful
lcite.cbx
File: iso-fullcite.cbx 2022/03/20 v0.4.1 ISO 690 biblatex fullcite modification
s
Package biblatex Info: Redefining '\fullcite'.
Package biblatex Info: Redefining '\footfullcite'.
)
Package biblatex Info: Redefining '\parencite'.
)
Package biblatex Info: Trying to load configuration file...
Package biblatex Info: ... file 'biblatex.cfg' found.

(C:\Users\enzoa\AppData\Local\Programs\MiKTeX\tex/latex/biblatex\biblatex.cfg
File: biblatex.cfg 
)
Package biblatex-iso690 Info: DOI field enabled: true.
Package biblatex-iso690 Info: URL field enabled: true.
Package biblatex-iso690 Info: ISBN field enabled: false.
Package biblatex Info: Input encoding 'utf8' detected.
Package biblatex Info: Document encoding is UTF8 ....

(C:\Users\enzoa\AppData\Local\Programs\MiKTeX\tex/latex/l3kernel\expl3.sty
Package: expl3 2025-12-24 L3 programming layer (loader) 

(C:\Users\enzoa\AppData\Local\Programs\MiKTeX\tex/latex/l3backend\l3backend-pdf
tex.def
File: l3backend-pdftex.def 2025-10-09 L3 backend support: PDF output (pdfTeX)
\l__color_backend_stack_int=\count411
))
Package biblatex Info: ... and expl3
(biblatex)             2025-12-24 L3 programming layer (loader) 
(biblatex)             is new enough (at least 2020/04/06),
(biblatex)             setting 'casechanger=expl3'.

(C:\Users\enzoa\AppData\Local\Programs\MiKTeX\tex/latex/biblatex\blx-case-expl3
.sty
(C:\Users\enzoa\AppData\Local\Programs\MiKTeX\tex/latex/l3packages/xparse\xpars
e.sty
Package: xparse 2025-10-09 L3 Experimental document command parser
)
Package: blx-case-expl3 2025/07/10 v3.21 expl3 case changing code for biblatex
))
   defining Unicode char U+202F (decimal 8239)
Package biblatex Info: Redefining '\parencite' on input line 32.

(C:\Users\enzoa\AppData\Local\Programs\MiKTeX\tex/latex/xcolor\xcolor.sty
Package: xcolor 2024/09/29 v3.02 LaTeX color extensions (UK)

(C:\Users\enzoa\AppData\Local\Programs\MiKTeX\tex/latex/graphics-cfg\color.cfg
File: color.cfg 2016/01/02 v1.6 sample color configuration
)

Package xcolor Warning: Package option `usenames' is obsolete and ignored on in
put line 265.

Package xcolor Info: Driver file: pdftex.def on input line 274.

(C:\Users\enzoa\AppData\Local\Programs\MiKTeX\tex/latex/graphics-def\pdftex.def
File: pdftex.def 2025/09/29 v1.2d Graphics/color driver for pdftex
)
(C:\Users\enzoa\AppData\Local\Programs\MiKTeX\tex/latex/graphics\mathcolor.ltx)
Package xcolor Info: Model `cmy' substituted by `cmy0' on input line 1349.
Package xcolor Info: Model `hsb' substituted by `rgb' on input line 1353.
Package xcolor Info: Model `RGB' extended on input line 1365.
Package xcolor Info: Model `HTML' substituted by `rgb' on input line 1367.
Package xcolor Info: Model `Hsb' substituted by `hsb' on input line 1368.
Package xcolor Info: Model `tHsb' substituted by `hsb' on input line 1369.
Package xcolor Info: Model `HSB' substituted by `hsb' on input line 1370.
Package xcolor Info: Model `Gray' substituted by `gray' on input line 1371.
Package xcolor Info: Model `wave' substituted by `hsb' on input line 1372.
) (C:\Users\enzoa\AppData\Local\Programs\MiKTeX\tex/latex/graphics\dvipsnam.def
File: dvipsnam.def 2016/06/17 v3.0m Driver-dependent file (DPC,SPQR)
) (C:\Users\enzoa\AppData\Local\Programs\MiKTeX\tex/latex/framed\framed.sty
Package: framed 2011/10/22 v 0.96: framed or shaded text with page breaks
\OuterFrameSep=\skip75
\fb@frw=\dimen154
\fb@frh=\dimen155
\FrameRule=\dimen156
\FrameSep=\dimen157
)
(C:\Users\enzoa\AppData\Local\Programs\MiKTeX\tex/latex/float\float.sty
Package: float 2001/11/08 v1.3d Float enhancements (AL)
\c@float@type=\count412
\float@exts=\toks21
\float@box=\box54
\@float@everytoks=\toks22
\@floatcapt=\box55
)
(C:\Users\enzoa\AppData\Local\Programs\MiKTeX\tex/latex/adjustbox\adjustbox.sty
Package: adjustbox 2025/02/26 v1.3c Adjusting TeX boxes (trim, clip, ...)
(C:\Users\enzoa\AppData\Local\Programs\MiKTeX\tex/latex/xkeyval\xkeyval.sty
Package: xkeyval 2022/06/16 v2.9 package option processing (HA)

(C:\Users\enzoa\AppData\Local\Programs\MiKTeX\tex/generic/xkeyval\xkeyval.tex
(C:\Users\enzoa\AppData\Local\Programs\MiKTeX\tex/generic/xkeyval\xkvutils.tex
\XKV@toks=\toks23
\XKV@tempa@toks=\toks24
)
\XKV@depth=\count413
File: xkeyval.tex 2014/12/03 v2.7a key=value parser (HA)
))
(C:\Users\enzoa\AppData\Local\Programs\MiKTeX\tex/latex/adjustbox\adjcalc.sty
Package: adjcalc 2012/05/16 v1.1 Provides advanced setlength with multiple back
-ends (calc, etex, pgfmath)
)
(C:\Users\enzoa\AppData\Local\Programs\MiKTeX\tex/latex/adjustbox\trimclip.sty
Package: trimclip 2025/02/21 v1.2a Trim and clip general TeX material

(C:\Users\enzoa\AppData\Local\Programs\MiKTeX\tex/latex/graphics\graphicx.sty
Package: graphicx 2024/12/31 v1.2e Enhanced LaTeX Graphics (DPC,SPQR)

(C:\Users\enzoa\AppData\Local\Programs\MiKTeX\tex/latex/graphics\graphics.sty
Package: graphics 2024/08/06 v1.4g Standard LaTeX Graphics (DPC,SPQR)

(C:\Users\enzoa\AppData\Local\Programs\MiKTeX\tex/latex/graphics\trig.sty
Package: trig 2023/12/02 v1.11 sin cos tan (DPC)
)
(C:\Users\enzoa\AppData\Local\Programs\MiKTeX\tex/latex/graphics-cfg\graphics.c
fg
File: graphics.cfg 2016/06/04 v1.11 sample graphics configuration
)
Package graphics Info: Driver file: pdftex.def on input line 106.
)
\Gin@req@height=\dimen158
\Gin@req@width=\dimen159
)
(C:\Users\enzoa\AppData\Local\Programs\MiKTeX\tex/latex/collectbox\collectbox.s
ty
Package: collectbox 2022/10/17 v0.4c Collect macro arguments as boxes
\collectedbox=\box56
)
\tc@llx=\dimen160
\tc@lly=\dimen161
\tc@urx=\dimen162
\tc@ury=\dimen163
Package trimclip Info: Using driver 'tc-pdftex.def'.

(C:\Users\enzoa\AppData\Local\Programs\MiKTeX\tex/latex/adjustbox\tc-pdftex.def
File: tc-pdftex.def 2025/02/26 v2.3 Clipping driver for pdftex
))
\adjbox@Width=\dimen164
\adjbox@Height=\dimen165
\adjbox@Depth=\dimen166
\adjbox@Totalheight=\dimen167
\adjbox@pwidth=\dimen168
\adjbox@pheight=\dimen169
\adjbox@pdepth=\dimen170
\adjbox@ptotalheight=\dimen171

(C:\Users\enzoa\AppData\Local\Programs\MiKTeX\tex/latex/ifoddpage\ifoddpage.sty
Package: ifoddpage 2022/10/18 v1.2 Conditionals for odd/even page detection
\c@checkoddpage=\count414
) (C:\Users\enzoa\AppData\Local\Programs\MiKTeX\tex/latex/varwidth\varwidth.sty
Package: varwidth 2009/03/30 ver 0.92;  Variable-width minipages
\@vwid@box=\box57
\sift@deathcycles=\count415
\@vwid@loff=\dimen172
\@vwid@roff=\dimen173
)
==> First Aid for varwidth.sty applied!
)
(C:\Users\enzoa\AppData\Local\Programs\MiKTeX\tex/latex/needspace\needspace.sty
Package: needspace 2025/03/13 v1.3e reserve vertical space
) (C:\Users\enzoa\AppData\Local\Programs\MiKTeX\tex/latex/placeins\placeins.sty
Package: placeins 2005/04/18  v 2.2
)
(C:\Users\enzoa\AppData\Local\Programs\MiKTeX\tex/latex/microtype\microtype.sty
Package: microtype 2026/03/01 v3.2d Micro-typographical refinements (RS)
\MT@toks=\toks25
\MT@tempbox=\box58
\MT@count=\count416
LaTeX Info: Redefining \noprotrusionifhmode on input line 1084.
LaTeX Info: Redefining \leftprotrusion on input line 1085.
\MT@prot@toks=\toks26
LaTeX Info: Redefining \rightprotrusion on input line 1104.
LaTeX Info: Redefining \textls on input line 1449.
\MT@outer@kern=\dimen174
LaTeX Info: Redefining \microtypecontext on input line 2053.
LaTeX Info: Redefining \textmicrotypecontext on input line 2070.
\MT@listname@count=\count417

(C:\Users\enzoa\AppData\Local\Programs\MiKTeX\tex/latex/microtype\microtype-pdf
tex.def
File: microtype-pdftex.def 2026/03/01 v3.2d Definitions specific to pdftex (RS)

LaTeX Info: Redefining \lsstyle on input line 944.
LaTeX Info: Redefining \lslig on input line 944.
\MT@outer@space=\skip76
)
Package microtype Info: Loading configuration file microtype.cfg.

(C:\Users\enzoa\AppData\Local\Programs\MiKTeX\tex/latex/microtype\microtype.cfg
File: microtype.cfg 2026/03/01 v3.2d microtype main configuration file (RS)
)
LaTeX Info: Redefining \microtypesetup on input line 3065.
)
(C:\Users\enzoa\AppData\Local\Programs\MiKTeX\tex/latex/anyfontsize\anyfontsize
.sty
Package: anyfontsize 2007/11/22 anyfontsize.sty by pts
)
(C:\Users\enzoa\AppData\Local\Programs\MiKTeX\tex/latex/chngcntr\chngcntr.sty
Package: chngcntr 2018/04/09 v1.1a change counter resetting
Package chngcntr Info: \counterwithout already defined.
(chngcntr)             Quitting chngcntr on input line 21.
)
(C:\Users\enzoa\AppData\Local\Programs\MiKTeX\tex/latex/enumitem\enumitem.sty
Package: enumitem 2025/02/06 v3.11 Customized lists
\labelindent=\skip77
\enit@outerparindent=\dimen175
\enit@toks=\toks27
\enit@inbox=\box59
\enit@count@id=\count418
\enitdp@description=\count419
)
\c@Propertiesi=\count420
\c@Propertiesii=\count421
\enitdp@Properties=\count422

(C:\Users\enzoa\AppData\Local\Programs\MiKTeX\tex/latex/lastpage\lastpage.sty
Package: lastpage 2025/08/14 v2.1h lastpage: 2.09 or 2e? (HMM)

(C:\Users\enzoa\AppData\Local\Programs\MiKTeX\tex/latex/lastpage\lastpage2e.sty
Package: lastpage2e 2025/08/14 v2.1h Decide which 2e lastpage version to use (H
MM)

(C:\Users\enzoa\AppData\Local\Programs\MiKTeX\tex/latex/lastpage\lastpagemodern
.sty
Package: lastpagemodern 2025-08-14 v2.1h Refers to last page's name (HMM; JPG)
\c@lastpagecount=\count423
) 
)) (C:\Users\enzoa\AppData\Local\Programs\MiKTeX\tex/latex/titlesec\titleps.sty
Package: titleps 2025/01/04 v2.17 Page styles
) (C:\Users\enzoa\AppData\Local\Programs\MiKTeX\tex/latex/textcase\textcase.sty
Package: textcase 2025/02/16 v1.05 Text only upper/lower case changing (DPC)
Package textcase Info: Defining Legacy names on input line 20.
) (C:\Users\enzoa\AppData\Local\Programs\MiKTeX\tex/latex/pdfpages\pdfpages.sty
Package: pdfpages 2026/03/30 v0.6h Insert pages of external PDF documents (AM)
(C:\Users\enzoa\AppData\Local\Programs\MiKTeX\tex/latex/tools\calc.sty
Package: calc 2025/03/01 v4.3b Infix arithmetic (KKT,FJ)
\calc@Acount=\count424
\calc@Bcount=\count425
\calc@Adimen=\dimen176
\calc@Bdimen=\dimen177
\calc@Askip=\skip78
\calc@Bskip=\skip79
LaTeX Info: Redefining \setlength on input line 86.
LaTeX Info: Redefining \addtolength on input line 87.
\calc@Ccount=\count426
\calc@Cskip=\skip80
)
(C:\Users\enzoa\AppData\Local\Programs\MiKTeX\tex/latex/eso-pic\eso-pic.sty
Package: eso-pic 2025/12/10 v3.0d eso-pic (RN)
\ESO@tempdima=\dimen178
\ESO@tempdimb=\dimen179
)
\AM@pagewidth=\dimen180
\AM@pageheight=\dimen181
\AM@fboxrule=\dimen182

(C:\Users\enzoa\AppData\Local\Programs\MiKTeX\tex/latex/pdfpages\pppdftex.def
File: pppdftex.def 2026/03/30 v0.6h Pdfpages driver for pdfTeX (AM)
)
\pdfpages@includegraphics@status=\count427
\AM@pagebox=\box60
\AM@global@opts=\toks28
\AM@pagecnt=\count428
\AM@toc@title=\toks29
\AM@lof@heading=\toks30
\c@AM@survey=\count429
\AM@templatesizebox=\box61
) (C:\Users\enzoa\AppData\Local\Programs\MiKTeX\tex/latex/vmargin\vmargin.sty
Package: vmargin 2004/07/15 V2.5 set document margins (VK)

Package: vmargin 2004/07/15 V2.5 set document margins (VK)
\PaperWidth=\dimen183
\PaperHeight=\dimen184
)
(C:\Users\enzoa\AppData\Local\Programs\MiKTeX\tex/latex/todonotes\todonotes.sty
Package: todonotes 2024/01/05 v1.1.7 Todonotes source and documentation.
Package: todonotes 2024/01/05

(C:\Users\enzoa\AppData\Local\Programs\MiKTeX\tex/latex/pgf/frontendlayer\tikz.
sty
(C:\Users\enzoa\AppData\Local\Programs\MiKTeX\tex/latex/pgf/basiclayer\pgf.sty
(C:\Users\enzoa\AppData\Local\Programs\MiKTeX\tex/latex/pgf/utilities\pgfrcs.st
y
(C:\Users\enzoa\AppData\Local\Programs\MiKTeX\tex/generic/pgf/utilities\pgfutil
-common.tex
\pgfutil@everybye=\toks31
\pgfutil@tempdima=\dimen185
\pgfutil@tempdimb=\dimen186
)
(C:\Users\enzoa\AppData\Local\Programs\MiKTeX\tex/generic/pgf/utilities\pgfutil
-latex.def
\pgfutil@abb=\box62
)
(C:\Users\enzoa\AppData\Local\Programs\MiKTeX\tex/generic/pgf/utilities\pgfrcs.
code.tex
(C:\Users\enzoa\AppData\Local\Programs\MiKTeX\tex/generic/pgf\pgf.revision.tex)
Package: pgfrcs 2025-08-29 v3.1.11a (3.1.11a)
))
Package: pgf 2025-08-29 v3.1.11a (3.1.11a)

(C:\Users\enzoa\AppData\Local\Programs\MiKTeX\tex/latex/pgf/basiclayer\pgfcore.
sty
(C:\Users\enzoa\AppData\Local\Programs\MiKTeX\tex/latex/pgf/systemlayer\pgfsys.
sty
(C:\Users\enzoa\AppData\Local\Programs\MiKTeX\tex/generic/pgf/systemlayer\pgfsy
s.code.tex
Package: pgfsys 2025-08-29 v3.1.11a (3.1.11a)

(C:\Users\enzoa\AppData\Local\Programs\MiKTeX\tex/generic/pgf/utilities\pgfkeys
.code.tex
\pgfkeys@pathtoks=\toks32
\pgfkeys@temptoks=\toks33

(C:\Users\enzoa\AppData\Local\Programs\MiKTeX\tex/generic/pgf/utilities\pgfkeys
libraryfiltered.code.tex
\pgfkeys@tmptoks=\toks34
))
\pgf@x=\dimen187
\pgf@y=\dimen188
\pgf@xa=\dimen189
\pgf@ya=\dimen190
\pgf@xb=\dimen191
\pgf@yb=\dimen192
\pgf@xc=\dimen193
\pgf@yc=\dimen194
\pgf@xd=\dimen195
\pgf@yd=\dimen196
\w@pgf@writea=\write4
\r@pgf@reada=\read3
\c@pgf@counta=\count430
\c@pgf@countb=\count431
\c@pgf@countc=\count432
\c@pgf@countd=\count433
\t@pgf@toka=\toks35
\t@pgf@tokb=\toks36
\t@pgf@tokc=\toks37
\pgf@sys@id@count=\count434

(C:\Users\enzoa\AppData\Local\Programs\MiKTeX\tex/generic/pgf/systemlayer\pgf.c
fg
File: pgf.cfg 2025-08-29 v3.1.11a (3.1.11a)
)
Driver file for pgf: pgfsys-pdftex.def

(C:\Users\enzoa\AppData\Local\Programs\MiKTeX\tex/generic/pgf/systemlayer\pgfsy
s-pdftex.def
File: pgfsys-pdftex.def 2025-08-29 v3.1.11a (3.1.11a)

(C:\Users\enzoa\AppData\Local\Programs\MiKTeX\tex/generic/pgf/systemlayer\pgfsy
s-common-pdf.def
File: pgfsys-common-pdf.def 2025-08-29 v3.1.11a (3.1.11a)
)))
(C:\Users\enzoa\AppData\Local\Programs\MiKTeX\tex/generic/pgf/systemlayer\pgfsy
ssoftpath.code.tex
File: pgfsyssoftpath.code.tex 2025-08-29 v3.1.11a (3.1.11a)
\pgfsyssoftpath@smallbuffer@items=\count435
\pgfsyssoftpath@bigbuffer@items=\count436
)
(C:\Users\enzoa\AppData\Local\Programs\MiKTeX\tex/generic/pgf/systemlayer\pgfsy
sprotocol.code.tex
File: pgfsysprotocol.code.tex 2025-08-29 v3.1.11a (3.1.11a)
))
(C:\Users\enzoa\AppData\Local\Programs\MiKTeX\tex/generic/pgf/basiclayer\pgfcor
e.code.tex
Package: pgfcore 2025-08-29 v3.1.11a (3.1.11a)

(C:\Users\enzoa\AppData\Local\Programs\MiKTeX\tex/generic/pgf/math\pgfmath.code
.tex
(C:\Users\enzoa\AppData\Local\Programs\MiKTeX\tex/generic/pgf/math\pgfmathutil.
code.tex)
(C:\Users\enzoa\AppData\Local\Programs\MiKTeX\tex/generic/pgf/math\pgfmathparse
r.code.tex
\pgfmath@dimen=\dimen197
\pgfmath@count=\count437
\pgfmath@box=\box63
\pgfmath@toks=\toks38
\pgfmath@stack@operand=\toks39
\pgfmath@stack@operation=\toks40
)
(C:\Users\enzoa\AppData\Local\Programs\MiKTeX\tex/generic/pgf/math\pgfmathfunct
ions.code.tex)
(C:\Users\enzoa\AppData\Local\Programs\MiKTeX\tex/generic/pgf/math\pgfmathfunct
ions.basic.code.tex)
(C:\Users\enzoa\AppData\Local\Programs\MiKTeX\tex/generic/pgf/math\pgfmathfunct
ions.trigonometric.code.tex)
(C:\Users\enzoa\AppData\Local\Programs\MiKTeX\tex/generic/pgf/math\pgfmathfunct
ions.random.code.tex)
(C:\Users\enzoa\AppData\Local\Programs\MiKTeX\tex/generic/pgf/math\pgfmathfunct
ions.comparison.code.tex)
(C:\Users\enzoa\AppData\Local\Programs\MiKTeX\tex/generic/pgf/math\pgfmathfunct
ions.base.code.tex)
(C:\Users\enzoa\AppData\Local\Programs\MiKTeX\tex/generic/pgf/math\pgfmathfunct
ions.round.code.tex)
(C:\Users\enzoa\AppData\Local\Programs\MiKTeX\tex/generic/pgf/math\pgfmathfunct
ions.misc.code.tex)
(C:\Users\enzoa\AppData\Local\Programs\MiKTeX\tex/generic/pgf/math\pgfmathfunct
ions.integerarithmetics.code.tex)
(C:\Users\enzoa\AppData\Local\Programs\MiKTeX\tex/generic/pgf/math\pgfmathcalc.
code.tex)
(C:\Users\enzoa\AppData\Local\Programs\MiKTeX\tex/generic/pgf/math\pgfmathfloat
.code.tex
\c@pgfmathroundto@lastzeros=\count438
))
(C:\Users\enzoa\AppData\Local\Programs\MiKTeX\tex/generic/pgf/math\pgfint.code.
tex)
(C:\Users\enzoa\AppData\Local\Programs\MiKTeX\tex/generic/pgf/basiclayer\pgfcor
epoints.code.tex
File: pgfcorepoints.code.tex 2025-08-29 v3.1.11a (3.1.11a)
\pgf@picminx=\dimen198
\pgf@picmaxx=\dimen199
\pgf@picminy=\dimen256
\pgf@picmaxy=\dimen257
\pgf@pathminx=\dimen258
\pgf@pathmaxx=\dimen259
\pgf@pathminy=\dimen260
\pgf@pathmaxy=\dimen261
\pgf@xx=\dimen262
\pgf@xy=\dimen263
\pgf@yx=\dimen264
\pgf@yy=\dimen265
\pgf@zx=\dimen266
\pgf@zy=\dimen267
)
(C:\Users\enzoa\AppData\Local\Programs\MiKTeX\tex/generic/pgf/basiclayer\pgfcor
epathconstruct.code.tex
File: pgfcorepathconstruct.code.tex 2025-08-29 v3.1.11a (3.1.11a)
\pgf@path@lastx=\dimen268
\pgf@path@lasty=\dimen269
)
(C:\Users\enzoa\AppData\Local\Programs\MiKTeX\tex/generic/pgf/basiclayer\pgfcor
epathusage.code.tex
File: pgfcorepathusage.code.tex 2025-08-29 v3.1.11a (3.1.11a)
\pgf@shorten@end@additional=\dimen270
\pgf@shorten@start@additional=\dimen271
)
(C:\Users\enzoa\AppData\Local\Programs\MiKTeX\tex/generic/pgf/basiclayer\pgfcor
escopes.code.tex
File: pgfcorescopes.code.tex 2025-08-29 v3.1.11a (3.1.11a)
\pgfpic=\box64
\pgf@hbox=\box65
\pgf@layerbox@main=\box66
\pgf@picture@serial@count=\count439
)
(C:\Users\enzoa\AppData\Local\Programs\MiKTeX\tex/generic/pgf/basiclayer\pgfcor
egraphicstate.code.tex
File: pgfcoregraphicstate.code.tex 2025-08-29 v3.1.11a (3.1.11a)
\pgflinewidth=\dimen272
)
(C:\Users\enzoa\AppData\Local\Programs\MiKTeX\tex/generic/pgf/basiclayer\pgfcor
etransformations.code.tex
File: pgfcoretransformations.code.tex 2025-08-29 v3.1.11a (3.1.11a)
\pgf@pt@x=\dimen273
\pgf@pt@y=\dimen274
\pgf@pt@temp=\dimen275
)
(C:\Users\enzoa\AppData\Local\Programs\MiKTeX\tex/generic/pgf/basiclayer\pgfcor
equick.code.tex
File: pgfcorequick.code.tex 2025-08-29 v3.1.11a (3.1.11a)
)
(C:\Users\enzoa\AppData\Local\Programs\MiKTeX\tex/generic/pgf/basiclayer\pgfcor
eobjects.code.tex
File: pgfcoreobjects.code.tex 2025-08-29 v3.1.11a (3.1.11a)
)
(C:\Users\enzoa\AppData\Local\Programs\MiKTeX\tex/generic/pgf/basiclayer\pgfcor
epathprocessing.code.tex
File: pgfcorepathprocessing.code.tex 2025-08-29 v3.1.11a (3.1.11a)
)
(C:\Users\enzoa\AppData\Local\Programs\MiKTeX\tex/generic/pgf/basiclayer\pgfcor
earrows.code.tex
File: pgfcorearrows.code.tex 2025-08-29 v3.1.11a (3.1.11a)
\pgfarrowsep=\dimen276
)
(C:\Users\enzoa\AppData\Local\Programs\MiKTeX\tex/generic/pgf/basiclayer\pgfcor
eshade.code.tex
File: pgfcoreshade.code.tex 2025-08-29 v3.1.11a (3.1.11a)
\pgf@max=\dimen277
\pgf@sys@shading@range@num=\count440
\pgf@shadingcount=\count441
)
(C:\Users\enzoa\AppData\Local\Programs\MiKTeX\tex/generic/pgf/basiclayer\pgfcor
eimage.code.tex
File: pgfcoreimage.code.tex 2025-08-29 v3.1.11a (3.1.11a)
)
(C:\Users\enzoa\AppData\Local\Programs\MiKTeX\tex/generic/pgf/basiclayer\pgfcor
eexternal.code.tex
File: pgfcoreexternal.code.tex 2025-08-29 v3.1.11a (3.1.11a)
\pgfexternal@startupbox=\box67
)
(C:\Users\enzoa\AppData\Local\Programs\MiKTeX\tex/generic/pgf/basiclayer\pgfcor
elayers.code.tex
File: pgfcorelayers.code.tex 2025-08-29 v3.1.11a (3.1.11a)
)
(C:\Users\enzoa\AppData\Local\Programs\MiKTeX\tex/generic/pgf/basiclayer\pgfcor
etransparency.code.tex
File: pgfcoretransparency.code.tex 2025-08-29 v3.1.11a (3.1.11a)
)
(C:\Users\enzoa\AppData\Local\Programs\MiKTeX\tex/generic/pgf/basiclayer\pgfcor
epatterns.code.tex
File: pgfcorepatterns.code.tex 2025-08-29 v3.1.11a (3.1.11a)
)
(C:\Users\enzoa\AppData\Local\Programs\MiKTeX\tex/generic/pgf/basiclayer\pgfcor
erdf.code.tex
File: pgfcorerdf.code.tex 2025-08-29 v3.1.11a (3.1.11a)
)))
(C:\Users\enzoa\AppData\Local\Programs\MiKTeX\tex/generic/pgf/modules\pgfmodule
shapes.code.tex
File: pgfmoduleshapes.code.tex 2025-08-29 v3.1.11a (3.1.11a)
\pgfnodeparttextbox=\box68
)
(C:\Users\enzoa\AppData\Local\Programs\MiKTeX\tex/generic/pgf/modules\pgfmodule
plot.code.tex
File: pgfmoduleplot.code.tex 2025-08-29 v3.1.11a (3.1.11a)
)
(C:\Users\enzoa\AppData\Local\Programs\MiKTeX\tex/latex/pgf/compatibility\pgfco
mp-version-0-65.sty
Package: pgfcomp-version-0-65 2025-08-29 v3.1.11a (3.1.11a)
\pgf@nodesepstart=\dimen278
\pgf@nodesepend=\dimen279
)
(C:\Users\enzoa\AppData\Local\Programs\MiKTeX\tex/latex/pgf/compatibility\pgfco
mp-version-1-18.sty
Package: pgfcomp-version-1-18 2025-08-29 v3.1.11a (3.1.11a)
))
(C:\Users\enzoa\AppData\Local\Programs\MiKTeX\tex/latex/pgf/utilities\pgffor.st
y
(C:\Users\enzoa\AppData\Local\Programs\MiKTeX\tex/latex/pgf/utilities\pgfkeys.s
ty
(C:\Users\enzoa\AppData\Local\Programs\MiKTeX\tex/generic/pgf/utilities\pgfkeys
.code.tex))
(C:\Users\enzoa\AppData\Local\Programs\MiKTeX\tex/latex/pgf/math\pgfmath.sty
(C:\Users\enzoa\AppData\Local\Programs\MiKTeX\tex/generic/pgf/math\pgfmath.code
.tex))
(C:\Users\enzoa\AppData\Local\Programs\MiKTeX\tex/generic/pgf/utilities\pgffor.
code.tex
Package: pgffor 2025-08-29 v3.1.11a (3.1.11a)
\pgffor@iter=\dimen280
\pgffor@skip=\dimen281
\pgffor@stack=\toks41
\pgffor@toks=\toks42
))
(C:\Users\enzoa\AppData\Local\Programs\MiKTeX\tex/generic/pgf/frontendlayer/tik
z\tikz.code.tex
Package: tikz 2025-08-29 v3.1.11a (3.1.11a)

(C:\Users\enzoa\AppData\Local\Programs\MiKTeX\tex/generic/pgf/libraries\pgflibr
aryplothandlers.code.tex
File: pgflibraryplothandlers.code.tex 2025-08-29 v3.1.11a (3.1.11a)
\pgf@plot@mark@count=\count442
\pgfplotmarksize=\dimen282
)
\tikz@lastx=\dimen283
\tikz@lasty=\dimen284
\tikz@lastxsaved=\dimen285
\tikz@lastysaved=\dimen286
\tikz@lastmovetox=\dimen287
\tikz@lastmovetoy=\dimen288
\tikzleveldistance=\dimen289
\tikzsiblingdistance=\dimen290
\tikz@figbox=\box69
\tikz@figbox@bg=\box70
\tikz@tempbox=\box71
\tikz@tempbox@bg=\box72
\tikztreelevel=\count443
\tikznumberofchildren=\count444
\tikznumberofcurrentchild=\count445
\tikz@fig@count=\count446

(C:\Users\enzoa\AppData\Local\Programs\MiKTeX\tex/generic/pgf/modules\pgfmodule
matrix.code.tex
File: pgfmodulematrix.code.tex 2025-08-29 v3.1.11a (3.1.11a)
\pgfmatrixcurrentrow=\count447
\pgfmatrixcurrentcolumn=\count448
\pgf@matrix@numberofcolumns=\count449
)
\tikz@expandcount=\count450

(C:\Users\enzoa\AppData\Local\Programs\MiKTeX\tex/generic/pgf/frontendlayer/tik
z/libraries\tikzlibrarytopaths.code.tex
File: tikzlibrarytopaths.code.tex 2025-08-29 v3.1.11a (3.1.11a)
)))
(C:\Users\enzoa\AppData\Local\Programs\MiKTeX\tex/generic/pgf/frontendlayer/tik
z/libraries\tikzlibrarypositioning.code.tex
File: tikzlibrarypositioning.code.tex 2025-08-29 v3.1.11a (3.1.11a)
)
\c@@todonotes@numberoftodonotes=\count451
)
(C:\Users\enzoa\AppData\Local\Programs\MiKTeX\tex/latex/pdfcomment\pdfcomment.s
ty
Package: pdfcomment 2018/11/01 pdfcomment.sty v2.4a - Josef Kleber (C) 2008-201
2, 2015-2016, 2018
\c@pc@count@i=\count452
\c@pc@count@ii=\count453
\c@pc@count@iii=\count454
\c@pc@count@iv=\count455
\pc@mathannot@box=\box73
\pc@nullbox=\box74
\pc@dima=\skip81
\pc@dimb=\skip82
\pc@Sposx=\skip83
\pc@Sposy=\skip84
\pc@Eposx=\skip85
\pc@Eposy=\skip86
\pc@column=\skip87
\pc@box@width=\skip88
\pc@box@height=\skip89
\pc@box@depth=\skip90

(C:\Users\enzoa\AppData\Local\Programs\MiKTeX\tex/latex/datetime2\datetime2.sty
Package: datetime2 2021/03/21 v1.5.7 (NLCT) date and time formats

(C:\Users\enzoa\AppData\Local\Programs\MiKTeX\tex/latex/tracklang\tracklang.sty
Package: tracklang 2026/05/18 v1.6.7 (NLCT) Track Languages

(C:\Users\enzoa\AppData\Local\Programs\MiKTeX\tex/generic/tracklang\tracklang.t
ex)))
(C:\Users\enzoa\AppData\Local\Programs\MiKTeX\tex/latex/zref\zref-savepos.sty
Package: zref-savepos 2026-03-07 v2.37 Module savepos for zref (HO)

(C:\Users\enzoa\AppData\Local\Programs\MiKTeX\tex/latex/zref\zref-base.sty
Package: zref-base 2026-03-07 v2.37 Module base for zref (HO)

(C:\Users\enzoa\AppData\Local\Programs\MiKTeX\tex/generic/kvdefinekeys\kvdefine
keys.sty
Package: kvdefinekeys 2019-12-19 v1.6 Define keys (HO)
)
(C:\Users\enzoa\AppData\Local\Programs\MiKTeX\tex/generic/etexcmds\etexcmds.sty
Package: etexcmds 2019/12/15 v1.7 Avoid name clashes with e-TeX commands (HO)
) (C:\Users\enzoa\AppData\Local\Programs\MiKTeX\tex/latex/auxhook\auxhook.sty
Package: auxhook 2019-12-17 v1.6 Hooks for auxiliary files (HO)
)
Package zref Info: New property list: main on input line 767.
Package zref Info: New property: default on input line 768.
Package zref Info: New property: page on input line 769.
)
Package zref Info: New property list: savepos on input line 56.
Package zref Info: New property: posx on input line 58.
Package zref Info: New property: posy on input line 59.
)
\c@zref@unique=\count456
 (C:\Users\enzoa\AppData\Local\Programs\MiKTeX\tex/latex/refcount\refcount.sty
Package: refcount 2019/12/15 v3.6 Data extraction from label references (HO)
)
(C:\Users\enzoa\AppData\Local\Programs\MiKTeX\tex/latex/marginnote\marginnote.s
ty
Package: marginnote 2026/01/02 1.4d non floating margin notes for LaTeX 
\c@mn@abspage=\count457
) (C:\Users\enzoa\AppData\Local\Programs\MiKTeX\tex/generic/iftex\ifpdf.sty
Package: ifpdf 2019/10/25 v3.4 ifpdf legacy package. Use iftex instead.
)
(C:\Users\enzoa\AppData\Local\Programs\MiKTeX\tex/generic/iftex\ifluatex.sty
Package: ifluatex 2019/10/25 v1.5 ifluatex legacy package. Use iftex instead.
)
(C:\Users\enzoa\AppData\Local\Programs\MiKTeX\tex/latex/soulpos\soulpos.sty
Package: soulpos 2021/10/15 v1.2 Fancy underlining
\ulp@subcnt=\count458
\ulp@cnt=\count459
\ulp@out=\write5
\ulp@in=\read4
\ulwidth=\dimen291
)
(C:\Users\enzoa\AppData\Local\Programs\MiKTeX\tex/latex/hyperref\hyperref.sty
Package: hyperref 2025-07-12 v7.01o Hypertext links for LaTeX

(C:\Users\enzoa\AppData\Local\Programs\MiKTeX\tex/generic/pdfescape\pdfescape.s
ty
Package: pdfescape 2019/12/09 v1.15 Implements pdfTeX's escape features (HO)
) (C:\Users\enzoa\AppData\Local\Programs\MiKTeX\tex/latex/hycolor\hycolor.sty
Package: hycolor 2020-01-27 v1.10 Color options for hyperref/bookmark (HO)
) (C:\Users\enzoa\AppData\Local\Programs\MiKTeX\tex/latex/hyperref\nameref.sty
Package: nameref 2025-06-21 v2.57 Cross-referencing by name of section

(C:\Users\enzoa\AppData\Local\Programs\MiKTeX\tex/generic/gettitlestring\gettit
lestring.sty
Package: gettitlestring 2019/12/15 v1.6 Cleanup title references (HO)
)
\c@section@level=\count460
)
(C:\Users\enzoa\AppData\Local\Programs\MiKTeX\tex/generic/stringenc\stringenc.s
ty
Package: stringenc 2019/11/29 v1.12 Convert strings between diff. encodings (HO
)
)
\@linkdim=\dimen292
\Hy@linkcounter=\count461
\Hy@pagecounter=\count462
 (C:\Users\enzoa\AppData\Local\Programs\MiKTeX\tex/latex/hyperref\pd1enc.def
File: pd1enc.def 2025-07-12 v7.01o Hyperref: PDFDocEncoding definition (HO)
Now handling font encoding PD1 ...
... no UTF-8 mapping file for font encoding PD1
) (C:\Users\enzoa\AppData\Local\Programs\MiKTeX\tex/generic/intcalc\intcalc.sty
Package: intcalc 2019/12/15 v1.3 Expandable calculations with integers (HO)
)
\Hy@SavedSpaceFactor=\count463
 (C:\Users\enzoa\AppData\Local\Programs\MiKTeX\tex/latex/hyperref\puenc.def
File: puenc.def 2025-07-12 v7.01o Hyperref: PDF Unicode definition (HO)
Now handling font encoding PU ...
... no UTF-8 mapping file for font encoding PU
)
Package hyperref Info: Option `unicode' set `true' on input line 4066.
Package hyperref Info: Hyper figures OFF on input line 4195.
Package hyperref Info: Link nesting OFF on input line 4200.
Package hyperref Info: Hyper index ON on input line 4203.
Package hyperref Info: Plain pages OFF on input line 4210.
Package hyperref Info: Backreferencing OFF on input line 4215.
Package hyperref Info: Implicit mode ON; LaTeX internals redefined.
Package hyperref Info: Bookmarks ON on input line 4462.
\c@Hy@tempcnt=\count464
LaTeX Info: Redefining \url on input line 4801.
\XeTeXLinkMargin=\dimen293

(C:\Users\enzoa\AppData\Local\Programs\MiKTeX\tex/generic/bitset\bitset.sty
Package: bitset 2019/12/09 v1.3 Handle bit-vector datatype (HO)

(C:\Users\enzoa\AppData\Local\Programs\MiKTeX\tex/generic/bigintcalc\bigintcalc
.sty
Package: bigintcalc 2019/12/15 v1.5 Expandable calculations on big integers (HO
)
))
\Fld@menulength=\count465
\Field@Width=\dimen294
\Fld@charsize=\dimen295
Package hyperref Info: Hyper figures OFF on input line 6078.
Package hyperref Info: Link nesting OFF on input line 6083.
Package hyperref Info: Hyper index ON on input line 6086.
Package hyperref Info: backreferencing OFF on input line 6093.
Package hyperref Info: Link coloring OFF on input line 6098.
Package hyperref Info: Link coloring with OCG OFF on input line 6103.
Package hyperref Info: PDF/A mode OFF on input line 6108.
\Hy@abspage=\count466
\c@Item=\count467
\c@Hfootnote=\count468
)
Package hyperref Info: Driver: hpdftex.

(C:\Users\enzoa\AppData\Local\Programs\MiKTeX\tex/latex/hyperref\hpdftex.def
File: hpdftex.def 2025-07-12 v7.01o Hyperref driver for pdfTeX
\Fld@listcount=\count469
\c@bookmark@seq@number=\count470

(C:\Users\enzoa\AppData\Local\Programs\MiKTeX\tex/latex/rerunfilecheck\rerunfil
echeck.sty
Package: rerunfilecheck 2025-06-21 v1.11 Rerun checks for auxiliary files (HO)

(C:\Users\enzoa\AppData\Local\Programs\MiKTeX\tex/generic/uniquecounter\uniquec
ounter.sty
Package: uniquecounter 2019/12/15 v1.4 Provide unlimited unique counter (HO)
)
Package uniquecounter Info: New unique counter `rerunfilecheck' on input line 2
84.
)
\Hy@SectionHShift=\skip91
)
Package zref Info: New property list: pdfcomment on input line 2735.
Package zref Info: New property: PCPDFOBJID on input line 2736.
)
(C:\Users\enzoa\AppData\Local\Programs\MiKTeX\tex/generic/babel\babel.sty
Package: babel 2025/12/11 v25.17 The multilingual framework for LuaLaTeX, pdfLa
TeX and XeLaTeX
\babel@savecnt=\count471
LaTeX Encoding Info:    Redeclaring text command \ij (encoding OT1) on input li
ne 2068.
LaTeX Encoding Info:    Redeclaring text command \IJ (encoding OT1) on input li
ne 2070.
LaTeX Encoding Info:    Redeclaring text command \ij (encoding T1) on input lin
e 2072.
LaTeX Encoding Info:    Redeclaring text command \IJ (encoding T1) on input lin
e 2073.
LaTeX Encoding Info:    Ignoring declaration for text command \ij (encoding ?) 
on input line 2074.
LaTeX Encoding Info:    Ignoring declaration for text command \IJ (encoding ?) 
on input line 2076.
LaTeX Encoding Info:    Ignoring declaration for text command \SS (encoding ?) 
on input line 2101.
\U@D=\dimen296
\l@unhyphenated=\language80

(C:\Users\enzoa\AppData\Local\Programs\MiKTeX\tex/generic/babel\txtbabel.def)
\bbl@readstream=\read5
\bbl@dirlevel=\count472
Package babel Info: Configuration files are deprecated, as
(babel)             they can break document portability.
(babel)             Reported on input line 4196.

*************************************
* Local config file bblopts.cfg used
*
(C:\Users\enzoa\AppData\Local\Programs\MiKTeX\tex/latex/arabi\bblopts.cfg
File: bblopts.cfg 2005/09/08 v0.1 add Arabic and Farsi to "declared" options of
 babel
)
(C:\Users\enzoa\AppData\Local\Programs\MiKTeX\tex/generic/babel/locale/es\babel
-spanish.tex)
Package babel Info: Importing font and identification data for spanish
(babel)             from babel-es.ini. Reported on input line 4320.

(C:\Users\enzoa\AppData\Local\Programs\MiKTeX\tex/latex/babel-spanish\spanish.l
df
Language: spanish.ldf 2021/05/27 v5.0q Spanish support from the babel system
\es@quottoks=\toks43
\es@quotdepth=\count473
Package babel Info: Making " an active character on input line 570.
Package babel Info: Making < an active character on input line 722.
Package babel Info: Making > an active character on input line 722.
))
LaTeX Encoding Info:    Redeclaring text command \guillemotleft (encoding OT1) 
on input line 122.
LaTeX Encoding Info:    Redeclaring text command \guillemotright (encoding OT1)
 on input line 122.

(C:\Users\enzoa\AppData\Local\Programs\MiKTeX\tex/latex/csquotes\csquotes.sty
Package: csquotes 2026-05-19 v5.2p context-sensitive quotations (JAW)
\csq@reset=\count474
\csq@gtype=\count475
\csq@glevel=\count476
\csq@qlevel=\count477
\csq@maxlvl=\count478
\csq@tshold=\count479
\csq@ltx@everypar=\toks44

(C:\Users\enzoa\AppData\Local\Programs\MiKTeX\tex/latex/csquotes\csquotes.def
File: csquotes.def 2026-05-19 v5.2p csquotes generic definitions (JAW)
)
Package csquotes Info: Trying to load configuration file 'csquotes.cfg'...
Package csquotes Info: ... configuration file loaded successfully.

(C:\Users\enzoa\AppData\Local\Programs\MiKTeX\tex/latex/csquotes\csquotes.cfg
File: csquotes.cfg 
)) (C:\Users\enzoa\AppData\Local\Programs\MiKTeX\tex/latex/tools\multicol.sty
Package: multicol 2025/10/21 v2.0b multicolumn formatting (FMi)
\c@tracingmulticols=\count480
\mult@box=\box75
\multicol@leftmargin=\dimen297
\c@unbalance=\count481
\c@collectmore=\count482
\doublecol@number=\count483
\multicoltolerance=\count484
\multicolpretolerance=\count485
\full@width=\dimen298
\page@free=\dimen299
\premulticols=\dimen300
\postmulticols=\dimen301
\multicolsep=\skip92
\multicolbaselineskip=\skip93
\partial@page=\box76
\last@line=\box77
\mc@boxedresult=\box78
\maxbalancingoverflow=\dimen302
\mult@rightbox=\box79
\mult@grightbox=\box80
\mult@firstbox=\box81
\mult@gfirstbox=\box82
\@tempa=\box83
\@tempa=\box84
\@tempa=\box85
\@tempa=\box86
\@tempa=\box87
\@tempa=\box88
\@tempa=\box89
\@tempa=\box90
\@tempa=\box91
\@tempa=\box92
\@tempa=\box93
\@tempa=\box94
\@tempa=\box95
\@tempa=\box96
\@tempa=\box97
\@tempa=\box98
\@tempa=\box99
\@tempa=\box100
\@tempa=\box101
\@tempa=\box102
\@tempa=\box103
\@tempa=\box104
\@tempa=\box105
\@tempa=\box106
\@tempa=\box107
\@tempa=\box108
\@tempa=\box109
\@tempa=\box110
\@tempa=\box111
\@tempa=\box112
\@tempa=\box113
\@tempa=\box114
\@tempa=\box115
\@tempa=\box116
\@tempa=\box117
\@tempa=\box118
\c@minrows=\count486
\c@columnbadness=\count487
\c@finalcolumnbadness=\count488
\last@try=\dimen303
\multicolovershoot=\dimen304
\multicolundershoot=\dimen305
\mult@nat@firstbox=\box119
\colbreak@box=\box120
\mc@col@check@num=\count489
\g__mc_curr_col_int=\count490
)
(C:\Users\enzoa\AppData\Local\Programs\MiKTeX\tex/latex/multirow\multirow.sty
Package: multirow 2024/11/12 v2.9 Span multiple rows of a table
\multirow@colwidth=\skip94
\multirow@cntb=\count491
\multirow@dima=\skip95
\bigstrutjot=\dimen306
)
(C:\Users\enzoa\AppData\Local\Programs\MiKTeX\tex/latex/tools\array.sty
Package: array 2025/09/25 v2.6n Tabular extension package (FMi)
\col@sep=\dimen307
\ar@mcellbox=\box121
\extrarowheight=\dimen308
\NC@list=\toks45
\extratabsurround=\skip96
\backup@length=\skip97
\ar@cellbox=\box122
)
(C:\Users\enzoa\AppData\Local\Programs\MiKTeX\tex/latex/tools\longtable.sty
Package: longtable 2025-10-13 v4.24 Multi-page Table package (DPC)
\LTleft=\skip98
\LTright=\skip99
\LTpre=\skip100
\LTpost=\skip101
\LTchunksize=\count492
\LTcapwidth=\dimen309
\LT@head=\box123
\LT@firsthead=\box124
\LT@foot=\box125
\LT@lastfoot=\box126
\LT@gbox=\box127
\LT@cols=\count493
\LT@rows=\count494
\c@LT@tables=\count495
\c@LT@chunks=\count496
\LT@p@ftn=\toks46
)
(C:\Users\enzoa\AppData\Local\Programs\MiKTeX\tex/latex/tools\tabularx.sty
Package: tabularx 2023/12/11 v2.12a `tabularx' package (DPC)
\TX@col@width=\dimen310
\TX@old@table=\dimen311
\TX@old@col=\dimen312
\TX@target=\dimen313
\TX@delta=\dimen314
\TX@cols=\count497
\TX@ftn=\toks47
)
(C:\Users\enzoa\AppData\Local\Programs\MiKTeX\tex/latex/psnfss\mathptmx.sty
Package: mathptmx 2020/03/25 PSNFSS-v9.3 Times w/ Math, improved (SPQR, WaS) 
LaTeX Font Info:    Redeclaring symbol font `operators' on input line 28.
LaTeX Font Info:    Overwriting symbol font `operators' in version `normal'
(Font)                  OT1/lmr/m/n --> OT1/ztmcm/m/n on input line 28.
LaTeX Font Info:    Overwriting symbol font `operators' in version `bold'
(Font)                  OT1/lmr/bx/n --> OT1/ztmcm/m/n on input line 28.
LaTeX Font Info:    Redeclaring symbol font `letters' on input line 29.
LaTeX Font Info:    Overwriting symbol font `letters' in version `normal'
(Font)                  OML/lmm/m/it --> OML/ztmcm/m/it on input line 29.
LaTeX Font Info:    Overwriting symbol font `letters' in version `bold'
(Font)                  OML/lmm/b/it --> OML/ztmcm/m/it on input line 29.
LaTeX Font Info:    Redeclaring symbol font `symbols' on input line 30.
LaTeX Font Info:    Overwriting symbol font `symbols' in version `normal'
(Font)                  OMS/lmsy/m/n --> OMS/ztmcm/m/n on input line 30.
LaTeX Font Info:    Overwriting symbol font `symbols' in version `bold'
(Font)                  OMS/lmsy/b/n --> OMS/ztmcm/m/n on input line 30.
LaTeX Font Info:    Redeclaring symbol font `largesymbols' on input line 31.
LaTeX Font Info:    Overwriting symbol font `largesymbols' in version `normal'
(Font)                  OMX/lmex/m/n --> OMX/ztmcm/m/n on input line 31.
LaTeX Font Info:    Overwriting symbol font `largesymbols' in version `bold'
(Font)                  OMX/lmex/m/n --> OMX/ztmcm/m/n on input line 31.
\symbold=\mathgroup4
\symitalic=\mathgroup5
LaTeX Font Info:    Redeclaring math alphabet \mathbf on input line 34.
LaTeX Font Info:    Overwriting math alphabet `\mathbf' in version `normal'
(Font)                  OT1/lmr/bx/n --> OT1/ptm/bx/n on input line 34.
LaTeX Font Info:    Overwriting math alphabet `\mathbf' in version `bold'
(Font)                  OT1/lmr/bx/n --> OT1/ptm/bx/n on input line 34.
LaTeX Font Info:    Redeclaring math alphabet \mathit on input line 35.
LaTeX Font Info:    Overwriting math alphabet `\mathit' in version `normal'
(Font)                  OT1/lmr/m/it --> OT1/ptm/m/it on input line 35.
LaTeX Font Info:    Overwriting math alphabet `\mathit' in version `bold'
(Font)                  OT1/lmr/bx/it --> OT1/ptm/m/it on input line 35.
LaTeX Info: Redefining \hbar on input line 50.
)
(C:\Users\enzoa\AppData\Local\Programs\MiKTeX\tex/latex/amsmath\amsmath.sty
Package: amsmath 2025/07/09 v2.17z AMS math features
\@mathmargin=\skip102

For additional information on amsmath, use the `?' option.
(C:\Users\enzoa\AppData\Local\Programs\MiKTeX\tex/latex/amsmath\amstext.sty
Package: amstext 2024/11/17 v2.01 AMS text

(C:\Users\enzoa\AppData\Local\Programs\MiKTeX\tex/latex/amsmath\amsgen.sty
File: amsgen.sty 1999/11/30 v2.0 generic functions
\@emptytoks=\toks48
\ex@=\dimen315
))
(C:\Users\enzoa\AppData\Local\Programs\MiKTeX\tex/latex/amsmath\amsbsy.sty
Package: amsbsy 1999/11/29 v1.2d Bold Symbols
\pmbraise@=\dimen316
)
(C:\Users\enzoa\AppData\Local\Programs\MiKTeX\tex/latex/amsmath\amsopn.sty
Package: amsopn 2022/04/08 v2.04 operator names
)
\inf@bad=\count498
LaTeX Info: Redefining \frac on input line 233.
\uproot@=\count499
\leftroot@=\count500
LaTeX Info: Redefining \overline on input line 398.
LaTeX Info: Redefining \colon on input line 409.
\classnum@=\count501
\DOTSCASE@=\count502
LaTeX Info: Redefining \ldots on input line 495.
LaTeX Info: Redefining \dots on input line 498.
LaTeX Info: Redefining \cdots on input line 619.
\Mathstrutbox@=\box128
\strutbox@=\box129
LaTeX Info: Redefining \big on input line 721.
LaTeX Info: Redefining \Big on input line 722.
LaTeX Info: Redefining \bigg on input line 723.
LaTeX Info: Redefining \Bigg on input line 724.
\big@size=\dimen317
LaTeX Font Info:    Redeclaring font encoding OML on input line 742.
LaTeX Font Info:    Redeclaring font encoding OMS on input line 743.
\macc@depth=\count503
LaTeX Info: Redefining \bmod on input line 904.
LaTeX Info: Redefining \pmod on input line 909.
LaTeX Info: Redefining \smash on input line 939.
LaTeX Info: Redefining \relbar on input line 969.
LaTeX Info: Redefining \Relbar on input line 970.
\c@MaxMatrixCols=\count504
\dotsspace@=\muskip22
\c@parentequation=\count505
\dspbrk@lvl=\count506
\tag@help=\toks49
\row@=\count507
\column@=\count508
\maxfields@=\count509
\andhelp@=\toks50
\eqnshift@=\dimen318
\alignsep@=\dimen319
\tagshift@=\dimen320
\tagwidth@=\dimen321
\totwidth@=\dimen322
\lineht@=\dimen323
\@envbody=\toks51
\multlinegap=\skip103
\multlinetaggap=\skip104
\mathdisplay@stack=\toks52
LaTeX Info: Redefining \[ on input line 2950.
LaTeX Info: Redefining \] on input line 2951.
)
(C:\Users\enzoa\AppData\Local\Programs\MiKTeX\tex/latex/amsfonts\amsfonts.sty
Package: amsfonts 2013/01/14 v3.01 Basic AMSFonts support
\symAMSa=\mathgroup6
\symAMSb=\mathgroup7
LaTeX Font Info:    Overwriting math alphabet `\mathfrak' in version `bold'
(Font)                  U/euf/m/n --> U/euf/b/n on input line 106.
)
(C:\Users\enzoa\AppData\Local\Programs\MiKTeX\tex/latex/amsfonts\amssymb.sty
Package: amssymb 2013/01/14 v3.01 AMS font symbols
)
(C:\Users\enzoa\AppData\Local\Programs\MiKTeX\tex/latex/amscls\amsthm.sty
Package: amsthm 2020/05/29 v2.20.6
\thm@style=\toks53
\thm@bodyfont=\toks54
\thm@headfont=\toks55
\thm@notefont=\toks56
\thm@headpunct=\toks57
\thm@preskip=\skip105
\thm@postskip=\skip106
\thm@headsep=\skip107
\dth@everypar=\toks58
)
(C:\Users\enzoa\AppData\Local\Programs\MiKTeX\tex/latex/cancel\cancel.sty
Package: cancel 2013/04/12 v2.2 Cancel math terms
)
(C:\Users\enzoa\AppData\Local\Programs\MiKTeX\tex/generic/pgf/libraries\pgflibr
aryarrows.meta.code.tex
File: pgflibraryarrows.meta.code.tex 2025-08-29 v3.1.11a (3.1.11a)
\pgfarrowinset=\dimen324
\pgfarrowlength=\dimen325
\pgfarrowwidth=\dimen326
\pgfarrowlinewidth=\dimen327
)
(C:\Users\enzoa\AppData\Local\Programs\MiKTeX\tex/generic/pgf/frontendlayer/tik
z/libraries\tikzlibrarycalc.code.tex
File: tikzlibrarycalc.code.tex 2025-08-29 v3.1.11a (3.1.11a)
)
(C:\Users\enzoa\AppData\Local\Programs\MiKTeX\tex/generic/pgf/frontendlayer/tik
z/libraries\tikzlibrarybabel.code.tex
File: tikzlibrarybabel.code.tex 2025-08-29 v3.1.11a (3.1.11a)
) (config/symbols.tex
(C:\Users\enzoa\AppData\Local\Programs\MiKTeX\tex/latex/wrapfig\wrapfig.sty
\wrapoverhang=\dimen328
\WF@size=\dimen329
\c@WF@wrappedlines=\count510
\WF@box=\box130
\WF@everypar=\toks59
Package: wrapfig 2003/01/31  v 3.6
)
(C:\Users\enzoa\AppData\Local\Programs\MiKTeX\tex/latex/blochsphere\blochsphere
.sty
Package: blochsphere 2015/09/15 v1.1 blochsphere drawing package
Package: blochsphere 2015/08/17

(C:\Users\enzoa\AppData\Local\Programs\MiKTeX\tex/latex/environ\environ.sty
Package: environ 2014/05/04 v0.3 A new way to define environments

(C:\Users\enzoa\AppData\Local\Programs\MiKTeX\tex/latex/trimspaces\trimspaces.s
ty
Package: trimspaces 2009/09/17 v1.1 Trim spaces around a token list
))
(C:\Users\enzoa\AppData\Local\Programs\MiKTeX\tex/generic/pgf/frontendlayer/tik
z/libraries\tikzlibrarydecorations.pathreplacing.code.tex
(C:\Users\enzoa\AppData\Local\Programs\MiKTeX\tex/generic/pgf/frontendlayer/tik
z/libraries\tikzlibrarydecorations.code.tex
(C:\Users\enzoa\AppData\Local\Programs\MiKTeX\tex/generic/pgf/modules\pgfmodule
decorations.code.tex
\pgfdecoratedcompleteddistance=\dimen330
\pgfdecoratedremainingdistance=\dimen331
\pgfdecoratedinputsegmentcompleteddistance=\dimen332
\pgfdecoratedinputsegmentremainingdistance=\dimen333
\pgf@decorate@distancetomove=\dimen334
\pgf@decorate@repeatstate=\count511
\pgfdecorationsegmentamplitude=\dimen335
\pgfdecorationsegmentlength=\dimen336
)
\tikz@lib@dec@box=\box131
)
(C:\Users\enzoa\AppData\Local\Programs\MiKTeX\tex/generic/pgf/libraries/decorat
ions\pgflibrarydecorations.pathreplacing.code.tex))
(C:\Users\enzoa\AppData\Local\Programs\MiKTeX\tex/generic/pgf/frontendlayer/tik
z/libraries\tikzlibrarydecorations.markings.code.tex
(C:\Users\enzoa\AppData\Local\Programs\MiKTeX\tex/generic/pgf/libraries/decorat
ions\pgflibrarydecorations.markings.code.tex))
(C:\Users\enzoa\AppData\Local\Programs\MiKTeX\tex/generic/pgf/frontendlayer/tik
z/libraries\tikzlibraryfadings.code.tex
File: tikzlibraryfadings.code.tex 2025-08-29 v3.1.11a (3.1.11a)

(C:\Users\enzoa\AppData\Local\Programs\MiKTeX\tex/generic/pgf/libraries\pgflibr
aryfadings.code.tex
File: pgflibraryfadings.code.tex 2025-08-29 v3.1.11a (3.1.11a)
)))
(C:\Users\enzoa\AppData\Local\Programs\MiKTeX\tex/latex/tikz-cd\tikz-cd.sty
Package: tikz-cd 2021/05/04 v1.0 Commutative diagrams with TikZ

(C:\Users\enzoa\AppData\Local\Programs\MiKTeX\tex/latex/tikz-cd\tikzlibrarycd.c
ode.tex
(C:\Users\enzoa\AppData\Local\Programs\MiKTeX\tex/generic/pgf/frontendlayer/tik
z/libraries\tikzlibrarymatrix.code.tex
File: tikzlibrarymatrix.code.tex 2025-08-29 v3.1.11a (3.1.11a)
)
(C:\Users\enzoa\AppData\Local\Programs\MiKTeX\tex/generic/pgf/frontendlayer/tik
z/libraries\tikzlibraryquotes.code.tex
File: tikzlibraryquotes.code.tex 2025-08-29 v3.1.11a (3.1.11a)
)))
(C:\Users\enzoa\AppData\Local\Programs\MiKTeX\tex/latex/quiver\quiver.sty
Package: quiver 2025/09/20 quiver

(C:\Users\enzoa\AppData\Local\Programs\MiKTeX\tex/generic/pgf/frontendlayer/tik
z/libraries\tikzlibrarydecorations.pathmorphing.code.tex
(C:\Users\enzoa\AppData\Local\Programs\MiKTeX\tex/generic/pgf/libraries/decorat
ions\pgflibrarydecorations.pathmorphing.code.tex))
(C:\Users\enzoa\AppData\Local\Programs\MiKTeX\tex/latex/spath3\tikzlibraryspath
3.code.tex
(C:\Users\enzoa\AppData\Local\Programs\MiKTeX\tex/latex/spath3\spath3.sty
Package: spath3 2024/05/31 v2.8 Functions for manipulating PGF soft paths
\g__spath_output_int=\count512
\l__spath_tmpa_dim=\dimen337
\l__spath_tmpb_dim=\dimen338
\l__spath_tmpa_int=\count513
\l__spath_tmpb_int=\count514
\l__spath_move_x_dim=\dimen339
\l__spath_move_y_dim=\dimen340
\l__spath_rectx_dim=\dimen341
\l__spath_recty_dim=\dimen342
\g__spath_anon_int=\count515
)
\l__tikzspath_tmpa_int=\count516
)))
(C:\Users\enzoa\AppData\Local\Programs\MiKTeX\tex/latex/ulem\ulem.sty
\UL@box=\box132
\UL@hyphenbox=\box133
\UL@skip=\skip108
\UL@hook=\toks60
\UL@height=\dimen343
\UL@pe=\count517
\UL@pixel=\dimen344
\ULC@box=\box134
Package: ulem 2019/11/18
\ULdepth=\dimen345
)
(C:\Users\enzoa\AppData\Local\Programs\MiKTeX\tex/latex/setspace\setspace.sty
Package: setspace 2022/12/04 v6.7b set line spacing
)
(C:\Users\enzoa\AppData\Local\Programs\MiKTeX\tex/latex/tocloft\tocloft.sty
Package: tocloft 2017/08/31 v2.3i parameterised ToC, etc., typesetting
Package tocloft Info: The document has chapter divisions on input line 51.
\cftparskip=\skip109
\cftbeforetoctitleskip=\skip110
\cftaftertoctitleskip=\skip111
\cftbeforepartskip=\skip112
\cftpartnumwidth=\skip113
\cftpartindent=\skip114
\cftbeforechapskip=\skip115
\cftchapindent=\skip116
\cftchapnumwidth=\skip117
\cftbeforesecskip=\skip118
\cftsecindent=\skip119
\cftsecnumwidth=\skip120
\cftbeforesubsecskip=\skip121
\cftsubsecindent=\skip122
\cftsubsecnumwidth=\skip123
\cftbeforesubsubsecskip=\skip124
\cftsubsubsecindent=\skip125
\cftsubsubsecnumwidth=\skip126
\cftbeforeparaskip=\skip127
\cftparaindent=\skip128
\cftparanumwidth=\skip129
\cftbeforesubparaskip=\skip130
\cftsubparaindent=\skip131
\cftsubparanumwidth=\skip132
\cftbeforeloftitleskip=\skip133
\cftafterloftitleskip=\skip134
\cftbeforefigskip=\skip135
\cftfigindent=\skip136
\cftfignumwidth=\skip137
\c@lofdepth=\count518
\c@lotdepth=\count519
\cftbeforelottitleskip=\skip138
\cftafterlottitleskip=\skip139
\cftbeforetabskip=\skip140
\cfttabindent=\skip141
\cfttabnumwidth=\skip142
)
Package hyperref Info: Option `colorlinks' set `false' on input line 217.
Package csquotes Info: Checking for multilingual support...
Package csquotes Info: ... found 'babel' package.
Package csquotes Info: Adjusting default style.
Package csquotes Info: Redefining alias 'default' -> 'spanish'.
LaTeX Font Info:    Trying to load font information for T1+ptm on input line 22
5.

(C:\Users\enzoa\AppData\Local\Programs\MiKTeX\tex/latex/psnfss\t1ptm.fd
File: t1ptm.fd 2001/06/04 font definitions for T1/ptm.
)
(main.aux
LaTeX Info: Redefining \. on input line 14.
LaTeX Info: Redefining \% on input line 14.
Package babel Info: 'spanish' activates 'spanish' shorthands.
(babel)             Reported on input line 14.
LaTeX Info: Redefining \. on input line 52.
LaTeX Info: Redefining \% on input line 52.
LaTeX Info: Redefining \. on input line 53.
LaTeX Info: Redefining \% on input line 53.
LaTeX Info: Redefining \. on input line 59.
LaTeX Info: Redefining \% on input line 59.
LaTeX Info: Redefining \. on input line 60.
LaTeX Info: Redefining \% on input line 60.
LaTeX Info: Redefining \. on input line 63.
LaTeX Info: Redefining \% on input line 63.
LaTeX Info: Redefining \. on input line 64.
LaTeX Info: Redefining \% on input line 64.
LaTeX Info: Redefining \. on input line 76.
LaTeX Info: Redefining \% on input line 76.
LaTeX Info: Redefining \. on input line 77.
LaTeX Info: Redefining \% on input line 77.
LaTeX Info: Redefining \. on input line 79.
LaTeX Info: Redefining \% on input line 79.
LaTeX Info: Redefining \. on input line 80.
LaTeX Info: Redefining \% on input line 80.
LaTeX Info: Redefining \. on input line 88.
LaTeX Info: Redefining \% on input line 88.
LaTeX Info: Redefining \. on input line 89.
LaTeX Info: Redefining \% on input line 89.
LaTeX Info: Redefining \. on input line 90.
LaTeX Info: Redefining \% on input line 90.
LaTeX Info: Redefining \. on input line 91.
LaTeX Info: Redefining \% on input line 91.
LaTeX Info: Redefining \. on input line 93.
LaTeX Info: Redefining \% on input line 93.
LaTeX Info: Redefining \. on input line 94.
LaTeX Info: Redefining \% on input line 94.
LaTeX Info: Redefining \. on input line 95.
LaTeX Info: Redefining \% on input line 95.
LaTeX Info: Redefining \. on input line 96.
LaTeX Info: Redefining \% on input line 96.
LaTeX Info: Redefining \. on input line 101.
LaTeX Info: Redefining \% on input line 101.
LaTeX Info: Redefining \. on input line 102.
LaTeX Info: Redefining \% on input line 102.
LaTeX Info: Redefining \. on input line 104.
LaTeX Info: Redefining \% on input line 104.
LaTeX Info: Redefining \. on input line 105.
LaTeX Info: Redefining \% on input line 105.
LaTeX Info: Redefining \. on input line 114.
LaTeX Info: Redefining \% on input line 114.
LaTeX Info: Redefining \. on input line 115.
LaTeX Info: Redefining \% on input line 115.
LaTeX Info: Redefining \. on input line 117.
LaTeX Info: Redefining \% on input line 117.
LaTeX Info: Redefining \. on input line 118.
LaTeX Info: Redefining \% on input line 118.
LaTeX Info: Redefining \. on input line 120.
LaTeX Info: Redefining \% on input line 120.
LaTeX Info: Redefining \. on input line 121.
LaTeX Info: Redefining \% on input line 121.
LaTeX Info: Redefining \. on input line 179.
LaTeX Info: Redefining \% on input line 179.
LaTeX Info: Redefining \. on input line 180.
LaTeX Info: Redefining \% on input line 180.
LaTeX Info: Redefining \. on input line 181.
LaTeX Info: Redefining \% on input line 181.
LaTeX Info: Redefining \. on input line 182.
LaTeX Info: Redefining \% on input line 182.
LaTeX Info: Redefining \. on input line 187.
LaTeX Info: Redefining \% on input line 187.
LaTeX Info: Redefining \. on input line 188.
LaTeX Info: Redefining \% on input line 188.
LaTeX Info: Redefining \. on input line 189.
LaTeX Info: Redefining \% on input line 189.
LaTeX Info: Redefining \. on input line 190.
LaTeX Info: Redefining \% on input line 190.
LaTeX Info: Redefining \. on input line 192.
LaTeX Info: Redefining \% on input line 192.
LaTeX Info: Redefining \. on input line 193.
LaTeX Info: Redefining \% on input line 193.
LaTeX Info: Redefining \. on input line 194.
LaTeX Info: Redefining \% on input line 194.
LaTeX Info: Redefining \. on input line 195.
LaTeX Info: Redefining \% on input line 195.
LaTeX Info: Redefining \. on input line 203.
LaTeX Info: Redefining \% on input line 203.
LaTeX Info: Redefining \. on input line 204.
LaTeX Info: Redefining \% on input line 204.
LaTeX Info: Redefining \. on input line 205.
LaTeX Info: Redefining \% on input line 205.
LaTeX Info: Redefining \. on input line 206.
LaTeX Info: Redefining \% on input line 206.
LaTeX Info: Redefining \. on input line 210.
LaTeX Info: Redefining \% on input line 210.
LaTeX Info: Redefining \. on input line 211.
LaTeX Info: Redefining \% on input line 211.
LaTeX Info: Redefining \. on input line 225.
LaTeX Info: Redefining \% on input line 225.
LaTeX Info: Redefining \. on input line 226.
LaTeX Info: Redefining \% on input line 226.
LaTeX Info: Redefining \. on input line 227.
LaTeX Info: Redefining \% on input line 227.
LaTeX Info: Redefining \. on input line 228.
LaTeX Info: Redefining \% on input line 228.
LaTeX Info: Redefining \. on input line 230.
LaTeX Info: Redefining \% on input line 230.
LaTeX Info: Redefining \. on input line 231.
LaTeX Info: Redefining \% on input line 231.
LaTeX Info: Redefining \. on input line 232.
LaTeX Info: Redefining \% on input line 232.
LaTeX Info: Redefining \. on input line 233.
LaTeX Info: Redefining \% on input line 233.
LaTeX Info: Redefining \. on input line 236.
LaTeX Info: Redefining \% on input line 236.
LaTeX Info: Redefining \. on input line 237.
LaTeX Info: Redefining \% on input line 237.
LaTeX Info: Redefining \. on input line 243.
LaTeX Info: Redefining \% on input line 243.
LaTeX Info: Redefining \. on input line 244.
LaTeX Info: Redefining \% on input line 244.
LaTeX Info: Redefining \. on input line 248.
LaTeX Info: Redefining \% on input line 248.
LaTeX Info: Redefining \. on input line 249.
LaTeX Info: Redefining \% on input line 249.
LaTeX Info: Redefining \. on input line 265.
LaTeX Info: Redefining \% on input line 265.
LaTeX Info: Redefining \. on input line 266.
LaTeX Info: Redefining \% on input line 266.
LaTeX Info: Redefining \. on input line 267.
LaTeX Info: Redefining \% on input line 267.
LaTeX Info: Redefining \. on input line 268.
LaTeX Info: Redefining \% on input line 268.
LaTeX Info: Redefining \. on input line 271.
LaTeX Info: Redefining \% on input line 271.
LaTeX Info: Redefining \. on input line 272.
LaTeX Info: Redefining \% on input line 272.
LaTeX Info: Redefining \. on input line 274.
LaTeX Info: Redefining \% on input line 274.
LaTeX Info: Redefining \. on input line 275.
LaTeX Info: Redefining \% on input line 275.
LaTeX Info: Redefining \. on input line 281.
LaTeX Info: Redefining \% on input line 281.
LaTeX Info: Redefining \. on input line 282.
LaTeX Info: Redefining \% on input line 282.
LaTeX Info: Redefining \. on input line 283.
LaTeX Info: Redefining \% on input line 283.
LaTeX Info: Redefining \. on input line 284.
LaTeX Info: Redefining \% on input line 284.
LaTeX Info: Redefining \. on input line 286.
LaTeX Info: Redefining \% on input line 286.
LaTeX Info: Redefining \. on input line 287.
LaTeX Info: Redefining \% on input line 287.
LaTeX Info: Redefining \. on input line 297.
LaTeX Info: Redefining \% on input line 297.
LaTeX Info: Redefining \. on input line 298.
LaTeX Info: Redefining \% on input line 298.
LaTeX Info: Redefining \. on input line 299.
LaTeX Info: Redefining \% on input line 299.
LaTeX Info: Redefining \. on input line 300.
LaTeX Info: Redefining \% on input line 300.
LaTeX Info: Redefining \. on input line 304.
LaTeX Info: Redefining \% on input line 304.
LaTeX Info: Redefining \. on input line 305.
LaTeX Info: Redefining \% on input line 305.
LaTeX Info: Redefining \. on input line 306.
LaTeX Info: Redefining \% on input line 306.
LaTeX Info: Redefining \. on input line 307.
LaTeX Info: Redefining \% on input line 307.
LaTeX Info: Redefining \. on input line 314.
LaTeX Info: Redefining \% on input line 314.
LaTeX Info: Redefining \. on input line 315.
LaTeX Info: Redefining \% on input line 315.
LaTeX Info: Redefining \. on input line 330.
LaTeX Info: Redefining \% on input line 330.
LaTeX Info: Redefining \. on input line 331.
LaTeX Info: Redefining \% on input line 331.
LaTeX Info: Redefining \. on input line 339.
LaTeX Info: Redefining \% on input line 339.
LaTeX Info: Redefining \. on input line 340.
LaTeX Info: Redefining \% on input line 340.
LaTeX Info: Redefining \. on input line 341.
LaTeX Info: Redefining \% on input line 341.
LaTeX Info: Redefining \. on input line 342.
LaTeX Info: Redefining \% on input line 342.
LaTeX Info: Redefining \. on input line 354.
LaTeX Info: Redefining \% on input line 354.
LaTeX Info: Redefining \. on input line 355.
LaTeX Info: Redefining \% on input line 355.
LaTeX Info: Redefining \. on input line 391.
LaTeX Info: Redefining \% on input line 391.
LaTeX Info: Redefining \. on input line 392.
LaTeX Info: Redefining \% on input line 392.
LaTeX Info: Redefining \. on input line 414.
LaTeX Info: Redefining \% on input line 414.
LaTeX Info: Redefining \. on input line 415.
LaTeX Info: Redefining \% on input line 415.
LaTeX Info: Redefining \. on input line 628.
LaTeX Info: Redefining \% on input line 628.
LaTeX Info: Redefining \. on input line 629.
LaTeX Info: Redefining \% on input line 629.
LaTeX Info: Redefining \. on input line 771.
LaTeX Info: Redefining \% on input line 771.
LaTeX Info: Redefining \. on input line 772.
LaTeX Info: Redefining \% on input line 772.
LaTeX Info: Redefining \. on input line 773.
LaTeX Info: Redefining \% on input line 773.
LaTeX Info: Redefining \. on input line 774.
LaTeX Info: Redefining \% on input line 774.
LaTeX Info: Redefining \. on input line 775.
LaTeX Info: Redefining \% on input line 775.
LaTeX Info: Redefining \. on input line 776.
LaTeX Info: Redefining \% on input line 776.
LaTeX Info: Redefining \. on input line 777.
LaTeX Info: Redefining \% on input line 777.
LaTeX Info: Redefining \. on input line 778.
LaTeX Info: Redefining \% on input line 778.
LaTeX Info: Redefining \. on input line 779.
LaTeX Info: Redefining \% on input line 779.
LaTeX Info: Redefining \. on input line 780.
LaTeX Info: Redefining \% on input line 780.
LaTeX Info: Redefining \. on input line 781.
LaTeX Info: Redefining \% on input line 781.
LaTeX Info: Redefining \. on input line 782.
LaTeX Info: Redefining \% on input line 782.
LaTeX Info: Redefining \. on input line 783.
LaTeX Info: Redefining \% on input line 783.
LaTeX Info: Redefining \. on input line 784.
LaTeX Info: Redefining \% on input line 784.
LaTeX Info: Redefining \. on input line 785.
LaTeX Info: Redefining \% on input line 785.
LaTeX Info: Redefining \. on input line 786.
LaTeX Info: Redefining \% on input line 786.
LaTeX Info: Redefining \. on input line 787.
LaTeX Info: Redefining \% on input line 787.
LaTeX Info: Redefining \. on input line 788.
LaTeX Info: Redefining \% on input line 788.
LaTeX Info: Redefining \. on input line 789.
LaTeX Info: Redefining \% on input line 789.
LaTeX Info: Redefining \. on input line 790.
LaTeX Info: Redefining \% on input line 790.
LaTeX Info: Redefining \. on input line 791.
LaTeX Info: Redefining \% on input line 791.
LaTeX Info: Redefining \. on input line 792.
LaTeX Info: Redefining \% on input line 792.
LaTeX Info: Redefining \. on input line 793.
LaTeX Info: Redefining \% on input line 793.
LaTeX Info: Redefining \. on input line 794.
LaTeX Info: Redefining \% on input line 794.
LaTeX Info: Redefining \. on input line 795.
LaTeX Info: Redefining \% on input line 795.
LaTeX Info: Redefining \. on input line 796.
LaTeX Info: Redefining \% on input line 796.
LaTeX Info: Redefining \. on input line 797.
LaTeX Info: Redefining \% on input line 797.
LaTeX Info: Redefining \. on input line 798.
LaTeX Info: Redefining \% on input line 798.
LaTeX Info: Redefining \. on input line 799.
LaTeX Info: Redefining \% on input line 799.
LaTeX Info: Redefining \. on input line 800.
LaTeX Info: Redefining \% on input line 800.
LaTeX Info: Redefining \. on input line 801.
LaTeX Info: Redefining \% on input line 801.
LaTeX Info: Redefining \. on input line 802.
LaTeX Info: Redefining \% on input line 802.
LaTeX Info: Redefining \. on input line 803.
LaTeX Info: Redefining \% on input line 803.
LaTeX Info: Redefining \. on input line 804.
LaTeX Info: Redefining \% on input line 804.
LaTeX Info: Redefining \. on input line 805.
LaTeX Info: Redefining \% on input line 805.
LaTeX Info: Redefining \. on input line 806.
LaTeX Info: Redefining \% on input line 806.
LaTeX Info: Redefining \. on input line 807.
LaTeX Info: Redefining \% on input line 807.
LaTeX Info: Redefining \. on input line 808.
LaTeX Info: Redefining \% on input line 808.
LaTeX Info: Redefining \. on input line 809.
LaTeX Info: Redefining \% on input line 809.
LaTeX Info: Redefining \. on input line 810.
LaTeX Info: Redefining \% on input line 810.
LaTeX Info: Redefining \. on input line 811.
LaTeX Info: Redefining \% on input line 811.
LaTeX Info: Redefining \. on input line 812.
LaTeX Info: Redefining \% on input line 812.
LaTeX Info: Redefining \. on input line 813.
LaTeX Info: Redefining \% on input line 813.
LaTeX Info: Redefining \. on input line 814.
LaTeX Info: Redefining \% on input line 814.
LaTeX Info: Redefining \. on input line 815.
LaTeX Info: Redefining \% on input line 815.
LaTeX Info: Redefining \. on input line 816.
LaTeX Info: Redefining \% on input line 816.
LaTeX Info: Redefining \. on input line 817.
LaTeX Info: Redefining \% on input line 817.
LaTeX Info: Redefining \. on input line 818.
LaTeX Info: Redefining \% on input line 818.
LaTeX Info: Redefining \. on input line 819.
LaTeX Info: Redefining \% on input line 819.
LaTeX Info: Redefining \. on input line 820.
LaTeX Info: Redefining \% on input line 820.
LaTeX Info: Redefining \. on input line 821.
LaTeX Info: Redefining \% on input line 821.
LaTeX Info: Redefining \. on input line 822.
LaTeX Info: Redefining \% on input line 822.
LaTeX Info: Redefining \. on input line 823.
LaTeX Info: Redefining \% on input line 823.
LaTeX Info: Redefining \. on input line 824.
LaTeX Info: Redefining \% on input line 824.
LaTeX Info: Redefining \. on input line 825.
LaTeX Info: Redefining \% on input line 825.
LaTeX Info: Redefining \. on input line 826.
LaTeX Info: Redefining \% on input line 826.
LaTeX Info: Redefining \. on input line 827.
LaTeX Info: Redefining \% on input line 827.
LaTeX Info: Redefining \. on input line 828.
LaTeX Info: Redefining \% on input line 828.
LaTeX Info: Redefining \. on input line 829.
LaTeX Info: Redefining \% on input line 829.
LaTeX Info: Redefining \. on input line 830.
LaTeX Info: Redefining \% on input line 830.
LaTeX Info: Redefining \. on input line 831.
LaTeX Info: Redefining \% on input line 831.
LaTeX Info: Redefining \. on input line 832.
LaTeX Info: Redefining \% on input line 832.
LaTeX Info: Redefining \. on input line 833.
LaTeX Info: Redefining \% on input line 833.
LaTeX Info: Redefining \. on input line 834.
LaTeX Info: Redefining \% on input line 834.
LaTeX Info: Redefining \. on input line 835.
LaTeX Info: Redefining \% on input line 835.
LaTeX Info: Redefining \. on input line 836.
LaTeX Info: Redefining \% on input line 836.
LaTeX Info: Redefining \. on input line 837.
LaTeX Info: Redefining \% on input line 837.
LaTeX Info: Redefining \. on input line 838.
LaTeX Info: Redefining \% on input line 838.
LaTeX Info: Redefining \. on input line 839.
LaTeX Info: Redefining \% on input line 839.
LaTeX Info: Redefining \. on input line 840.
LaTeX Info: Redefining \% on input line 840.
LaTeX Info: Redefining \. on input line 841.
LaTeX Info: Redefining \% on input line 841.
LaTeX Info: Redefining \. on input line 842.
LaTeX Info: Redefining \% on input line 842.
LaTeX Info: Redefining \. on input line 843.
LaTeX Info: Redefining \% on input line 843.
LaTeX Info: Redefining \. on input line 844.
LaTeX Info: Redefining \% on input line 844.
LaTeX Info: Redefining \. on input line 845.
LaTeX Info: Redefining \% on input line 845.
LaTeX Info: Redefining \. on input line 846.
LaTeX Info: Redefining \% on input line 846.
LaTeX Info: Redefining \. on input line 847.
LaTeX Info: Redefining \% on input line 847.
LaTeX Info: Redefining \. on input line 848.
LaTeX Info: Redefining \% on input line 848.
LaTeX Info: Redefining \. on input line 849.
LaTeX Info: Redefining \% on input line 849.
LaTeX Info: Redefining \. on input line 850.
LaTeX Info: Redefining \% on input line 850.
LaTeX Info: Redefining \. on input line 851.
LaTeX Info: Redefining \% on input line 851.
LaTeX Info: Redefining \. on input line 852.
LaTeX Info: Redefining \% on input line 852.
LaTeX Info: Redefining \. on input line 853.
LaTeX Info: Redefining \% on input line 853.
LaTeX Info: Redefining \. on input line 854.
LaTeX Info: Redefining \% on input line 854.
LaTeX Info: Redefining \. on input line 855.
LaTeX Info: Redefining \% on input line 855.
LaTeX Info: Redefining \. on input line 856.
LaTeX Info: Redefining \% on input line 856.
LaTeX Info: Redefining \. on input line 857.
LaTeX Info: Redefining \% on input line 857.
LaTeX Info: Redefining \. on input line 858.
LaTeX Info: Redefining \% on input line 858.
LaTeX Info: Redefining \. on input line 859.
LaTeX Info: Redefining \% on input line 859.
LaTeX Info: Redefining \. on input line 860.
LaTeX Info: Redefining \% on input line 860.
LaTeX Info: Redefining \. on input line 861.
LaTeX Info: Redefining \% on input line 861.
LaTeX Info: Redefining \. on input line 862.
LaTeX Info: Redefining \% on input line 862.
LaTeX Info: Redefining \. on input line 863.
LaTeX Info: Redefining \% on input line 863.
LaTeX Info: Redefining \. on input line 864.
LaTeX Info: Redefining \% on input line 864.
LaTeX Info: Redefining \. on input line 865.
LaTeX Info: Redefining \% on input line 865.
LaTeX Info: Redefining \. on input line 866.
LaTeX Info: Redefining \% on input line 866.
LaTeX Info: Redefining \. on input line 867.
LaTeX Info: Redefining \% on input line 867.
LaTeX Info: Redefining \. on input line 868.
LaTeX Info: Redefining \% on input line 868.
LaTeX Info: Redefining \. on input line 869.
LaTeX Info: Redefining \% on input line 869.
LaTeX Info: Redefining \. on input line 870.
LaTeX Info: Redefining \% on input line 870.
LaTeX Info: Redefining \. on input line 871.
LaTeX Info: Redefining \% on input line 871.
LaTeX Info: Redefining \. on input line 872.
LaTeX Info: Redefining \% on input line 872.
LaTeX Info: Redefining \. on input line 873.
LaTeX Info: Redefining \% on input line 873.
LaTeX Info: Redefining \. on input line 874.
LaTeX Info: Redefining \% on input line 874.
LaTeX Info: Redefining \. on input line 875.
LaTeX Info: Redefining \% on input line 875.
LaTeX Info: Redefining \. on input line 876.
LaTeX Info: Redefining \% on input line 876.
LaTeX Info: Redefining \. on input line 877.
LaTeX Info: Redefining \% on input line 877.
LaTeX Info: Redefining \. on input line 878.
LaTeX Info: Redefining \% on input line 878.
LaTeX Info: Redefining \. on input line 879.
LaTeX Info: Redefining \% on input line 879.
LaTeX Info: Redefining \. on input line 880.
LaTeX Info: Redefining \% on input line 880.
LaTeX Info: Redefining \. on input line 881.
LaTeX Info: Redefining \% on input line 881.
LaTeX Info: Redefining \. on input line 882.
LaTeX Info: Redefining \% on input line 882.
LaTeX Info: Redefining \. on input line 883.
LaTeX Info: Redefining \% on input line 883.
LaTeX Info: Redefining \. on input line 884.
LaTeX Info: Redefining \% on input line 884.
LaTeX Info: Redefining \. on input line 885.
LaTeX Info: Redefining \% on input line 885.
LaTeX Info: Redefining \. on input line 886.
LaTeX Info: Redefining \% on input line 886.
LaTeX Info: Redefining \. on input line 887.
LaTeX Info: Redefining \% on input line 887.
LaTeX Info: Redefining \. on input line 888.
LaTeX Info: Redefining \% on input line 888.
LaTeX Info: Redefining \. on input line 889.
LaTeX Info: Redefining \% on input line 889.
LaTeX Info: Redefining \. on input line 890.
LaTeX Info: Redefining \% on input line 890.
LaTeX Info: Redefining \. on input line 891.
LaTeX Info: Redefining \% on input line 891.
LaTeX Info: Redefining \. on input line 892.
LaTeX Info: Redefining \% on input line 892.
LaTeX Info: Redefining \. on input line 893.
LaTeX Info: Redefining \% on input line 893.
LaTeX Info: Redefining \. on input line 894.
LaTeX Info: Redefining \% on input line 894.
LaTeX Info: Redefining \. on input line 895.
LaTeX Info: Redefining \% on input line 895.
LaTeX Info: Redefining \. on input line 896.
LaTeX Info: Redefining \% on input line 896.
LaTeX Info: Redefining \. on input line 897.
LaTeX Info: Redefining \% on input line 897.
LaTeX Info: Redefining \. on input line 898.
LaTeX Info: Redefining \% on input line 898.
LaTeX Info: Redefining \. on input line 899.
LaTeX Info: Redefining \% on input line 899.
LaTeX Info: Redefining \. on input line 900.
LaTeX Info: Redefining \% on input line 900.
LaTeX Info: Redefining \. on input line 901.
LaTeX Info: Redefining \% on input line 901.
LaTeX Info: Redefining \. on input line 902.
LaTeX Info: Redefining \% on input line 902.
LaTeX Info: Redefining \. on input line 903.
LaTeX Info: Redefining \% on input line 903.
LaTeX Info: Redefining \. on input line 904.
LaTeX Info: Redefining \% on input line 904.
LaTeX Info: Redefining \. on input line 905.
LaTeX Info: Redefining \% on input line 905.
LaTeX Info: Redefining \. on input line 906.
LaTeX Info: Redefining \% on input line 906.
LaTeX Info: Redefining \. on input line 907.
LaTeX Info: Redefining \% on input line 907.
LaTeX Info: Redefining \. on input line 908.
LaTeX Info: Redefining \% on input line 908.
LaTeX Info: Redefining \. on input line 909.
LaTeX Info: Redefining \% on input line 909.
LaTeX Info: Redefining \. on input line 910.
LaTeX Info: Redefining \% on input line 910.
LaTeX Info: Redefining \. on input line 911.
LaTeX Info: Redefining \% on input line 911.
LaTeX Info: Redefining \. on input line 912.
LaTeX Info: Redefining \% on input line 912.
LaTeX Info: Redefining \. on input line 913.
LaTeX Info: Redefining \% on input line 913.
LaTeX Info: Redefining \. on input line 914.
LaTeX Info: Redefining \% on input line 914.
LaTeX Info: Redefining \. on input line 915.
LaTeX Info: Redefining \% on input line 915.
LaTeX Info: Redefining \. on input line 916.
LaTeX Info: Redefining \% on input line 916.
LaTeX Info: Redefining \. on input line 917.
LaTeX Info: Redefining \% on input line 917.
LaTeX Info: Redefining \. on input line 918.
LaTeX Info: Redefining \% on input line 918.
LaTeX Info: Redefining \. on input line 919.
LaTeX Info: Redefining \% on input line 919.
LaTeX Info: Redefining \. on input line 920.
LaTeX Info: Redefining \% on input line 920.
LaTeX Info: Redefining \. on input line 921.
LaTeX Info: Redefining \% on input line 921.
LaTeX Info: Redefining \. on input line 922.
LaTeX Info: Redefining \% on input line 922.
LaTeX Info: Redefining \. on input line 923.
LaTeX Info: Redefining \% on input line 923.
LaTeX Info: Redefining \. on input line 924.
LaTeX Info: Redefining \% on input line 924.
LaTeX Info: Redefining \. on input line 925.
LaTeX Info: Redefining \% on input line 925.
LaTeX Info: Redefining \. on input line 926.
LaTeX Info: Redefining \% on input line 926.
LaTeX Info: Redefining \. on input line 927.
LaTeX Info: Redefining \% on input line 927.
LaTeX Info: Redefining \. on input line 928.
LaTeX Info: Redefining \% on input line 928.
LaTeX Info: Redefining \. on input line 929.
LaTeX Info: Redefining \% on input line 929.
LaTeX Info: Redefining \. on input line 930.
LaTeX Info: Redefining \% on input line 930.
LaTeX Info: Redefining \. on input line 931.
LaTeX Info: Redefining \% on input line 931.
LaTeX Info: Redefining \. on input line 932.
LaTeX Info: Redefining \% on input line 932.
LaTeX Info: Redefining \. on input line 933.
LaTeX Info: Redefining \% on input line 933.
LaTeX Info: Redefining \. on input line 934.
LaTeX Info: Redefining \% on input line 934.
LaTeX Info: Redefining \. on input line 935.
LaTeX Info: Redefining \% on input line 935.
LaTeX Info: Redefining \. on input line 936.
LaTeX Info: Redefining \% on input line 936.
LaTeX Info: Redefining \. on input line 937.
LaTeX Info: Redefining \% on input line 937.
LaTeX Info: Redefining \. on input line 938.
LaTeX Info: Redefining \% on input line 938.
LaTeX Info: Redefining \. on input line 939.
LaTeX Info: Redefining \% on input line 939.
LaTeX Info: Redefining \. on input line 940.
LaTeX Info: Redefining \% on input line 940.
LaTeX Info: Redefining \. on input line 941.
LaTeX Info: Redefining \% on input line 941.
LaTeX Info: Redefining \. on input line 942.
LaTeX Info: Redefining \% on input line 942.
LaTeX Info: Redefining \. on input line 943.
LaTeX Info: Redefining \% on input line 943.
LaTeX Info: Redefining \. on input line 944.
LaTeX Info: Redefining \% on input line 944.
LaTeX Info: Redefining \. on input line 945.
LaTeX Info: Redefining \% on input line 945.
LaTeX Info: Redefining \. on input line 946.
LaTeX Info: Redefining \% on input line 946.
LaTeX Info: Redefining \. on input line 947.
LaTeX Info: Redefining \% on input line 947.
LaTeX Info: Redefining \. on input line 948.
LaTeX Info: Redefining \% on input line 948.
LaTeX Info: Redefining \. on input line 949.
LaTeX Info: Redefining \% on input line 949.
LaTeX Info: Redefining \. on input line 950.
LaTeX Info: Redefining \% on input line 950.
LaTeX Info: Redefining \. on input line 951.
LaTeX Info: Redefining \% on input line 951.
LaTeX Info: Redefining \. on input line 952.
LaTeX Info: Redefining \% on input line 952.
LaTeX Info: Redefining \. on input line 953.
LaTeX Info: Redefining \% on input line 953.
LaTeX Info: Redefining \. on input line 954.
LaTeX Info: Redefining \% on input line 954.
LaTeX Info: Redefining \. on input line 955.
LaTeX Info: Redefining \% on input line 955.
LaTeX Info: Redefining \. on input line 956.
LaTeX Info: Redefining \% on input line 956.
LaTeX Info: Redefining \. on input line 957.
LaTeX Info: Redefining \% on input line 957.
LaTeX Info: Redefining \. on input line 958.
LaTeX Info: Redefining \% on input line 958.
LaTeX Info: Redefining \. on input line 960.
LaTeX Info: Redefining \% on input line 960.
LaTeX Info: Redefining \. on input line 961.
LaTeX Info: Redefining \% on input line 961.
LaTeX Info: Redefining \. on input line 962.
LaTeX Info: Redefining \% on input line 962.
LaTeX Info: Redefining \. on input line 963.
LaTeX Info: Redefining \% on input line 963.
LaTeX Info: Redefining \. on input line 964.
LaTeX Info: Redefining \% on input line 964.
LaTeX Info: Redefining \. on input line 965.
LaTeX Info: Redefining \% on input line 965.
LaTeX Info: Redefining \. on input line 966.
LaTeX Info: Redefining \% on input line 966.
LaTeX Info: Redefining \. on input line 967.
LaTeX Info: Redefining \% on input line 967.
LaTeX Info: Redefining \. on input line 968.
LaTeX Info: Redefining \% on input line 968.
LaTeX Info: Redefining \. on input line 969.
LaTeX Info: Redefining \% on input line 969.
)
\openout1 = `main.aux'.

LaTeX Font Info:    Checking defaults for OML/cmm/m/it on input line 225.
LaTeX Font Info:    ... okay on input line 225.
LaTeX Font Info:    Checking defaults for OMS/cmsy/m/n on input line 225.
LaTeX Font Info:    ... okay on input line 225.
LaTeX Font Info:    Checking defaults for OT1/cmr/m/n on input line 225.
LaTeX Font Info:    ... okay on input line 225.
LaTeX Font Info:    Checking defaults for T1/cmr/m/n on input line 225.
LaTeX Font Info:    ... okay on input line 225.
LaTeX Font Info:    Checking defaults for TS1/cmr/m/n on input line 225.
LaTeX Font Info:    ... okay on input line 225.
LaTeX Font Info:    Checking defaults for OMX/cmex/m/n on input line 225.
LaTeX Font Info:    ... okay on input line 225.
LaTeX Font Info:    Checking defaults for U/cmr/m/n on input line 225.
LaTeX Font Info:    ... okay on input line 225.
LaTeX Font Info:    Checking defaults for PD1/pdf/m/n on input line 225.
LaTeX Font Info:    ... okay on input line 225.
LaTeX Font Info:    Checking defaults for PU/pdf/m/n on input line 225.
LaTeX Font Info:    ... okay on input line 225.
Package biblatex Info: Trying to load language 'spanish' -> 'spanish-iso'...
Package biblatex Info: ... file 'spanish-iso.lbx' found.

(C:\Users\enzoa\AppData\Local\Programs\MiKTeX\tex/latex/biblatex-iso690\spanish
-iso.lbx
File: spanish-iso.lbx 2022/03/20 v0.4.1 ISO 690 extended biblatex localization
Package biblatex Info: Trying to load language 'spanish'...
Package biblatex Info: ... file 'spanish.lbx' found.

(C:\Users\enzoa\AppData\Local\Programs\MiKTeX\tex/latex/biblatex/lbx\spanish.lb
x
File: spanish.lbx 2025/07/10 v3.21 biblatex localization (PK/MW)
)
Package biblatex Info: Trying to load language 'spanish'...
Package biblatex Info: ... file 'spanish.lbx' found.

(C:\Users\enzoa\AppData\Local\Programs\MiKTeX\tex/latex/biblatex/lbx\spanish.lb
x
File: spanish.lbx 2025/07/10 v3.21 biblatex localization (PK/MW)
))
Package biblatex Info: Input encoding 'utf8' detected.
Package biblatex Info: Automatic encoding selection.
(biblatex)             Assuming data encoding 'utf8'.
\openout3 = `main.bcf'.

Package biblatex Info: Trying to load bibliographic data...
Package biblatex Info: ... file 'main.bbl' found.
 (main.bbl)
Package biblatex Info: Reference section=0 on input line 225.
Package biblatex Info: Reference segment=0 on input line 225.

(C:\Users\enzoa\AppData\Local\Programs\MiKTeX\tex/context/base/mkii\supp-pdf.mk
ii
[Loading MPS to PDF converter (version 2006.09.02).]
\scratchcounter=\count520
\scratchdimen=\dimen346
\scratchbox=\box135
\nofMPsegments=\count521
\nofMParguments=\count522
\everyMPshowfont=\toks61
\MPscratchCnt=\count523
\MPscratchDim=\dimen347
\MPnumerator=\count524
\makeMPintoPDFobject=\count525
\everyMPtoPDFconversion=\toks62
)
(C:\Users\enzoa\AppData\Local\Programs\MiKTeX\tex/latex/epstopdf-pkg\epstopdf-b
ase.sty
Package: epstopdf-base 2020-01-24 v2.11 Base part for package epstopdf
Package epstopdf-base Info: Redefining graphics rule for `.eps' on input line 4
85.

(C:\Users\enzoa\AppData\Local\Programs\MiKTeX\tex/latex/00miktex\epstopdf-sys.c
fg
File: epstopdf-sys.cfg 2021/03/18 v2.0 Configuration of epstopdf for MiKTeX
))
Package microtype Info: Patching varwidth to enable character protrusion.
\MT@vwid@leftmargin=\dimen348
\MT@vwid@rightmargin=\dimen349
LaTeX Info: Redefining \microtypecontext on input line 225.
Package microtype Info: Applying patch `item' on input line 225.
Package microtype Info: Applying patch `toc' on input line 225.
Package microtype Info: Applying patch `eqnum' on input line 225.


Package microtype Warning: Unable to apply patch `footnote' on input line 225.

Package microtype Info: Applying patch `verbatim' on input line 225.
LaTeX Info: Redefining \microtypesetup on input line 225.
Package microtype Info: Generating PDF output.
Package microtype Info: Character protrusion enabled (level 2).
Package microtype Info: Using default protrusion set `alltext'.
Package microtype Info: Automatic font expansion enabled (level 2),
(microtype)             stretch: 20, shrink: 20, step: 1, non-selected.
Package microtype Info: Using default expansion set `alltext-nott'.
Package microtype Info: Patching command `\showhyphens'.
Package microtype Info: No adjustment of tracking.
Package microtype Info: No adjustment of interword spacing.
Package microtype Info: No adjustment of character kerning.
(C:\Users\enzoa\AppData\Local\Programs\MiKTeX\tex/latex/microtype\mt-ptm.cfg
File: mt-ptm.cfg 2006/04/20 v1.7 microtype config. file: Times (RS)
)
(C:\Users\enzoa\AppData\Local\Programs\MiKTeX\tex/latex/pdflscape\pdflscape.sty
Package: pdflscape 2022-10-27 v0.13 Display of landscape pages in PDF

(C:\Users\enzoa\AppData\Local\Programs\MiKTeX\tex/latex/pdflscape\pdflscape-nom
etadata.sty
Package: pdflscape-nometadata 2022-10-28 v0.13 Display of landscape pages in PD
F (HO)

(C:\Users\enzoa\AppData\Local\Programs\MiKTeX\tex/latex/graphics\lscape.sty
Package: lscape 2020/05/28 v3.02 Landscape Pages (DPC)
)
Package pdflscape Info: Auto-detected driver: pdftex on input line 81.
))
Package soulpos Info: Loading soulutf8 on input line 225.

(C:\Users\enzoa\AppData\Local\Programs\MiKTeX\tex/generic/soul\soulutf8.sty
Package: soulutf8 2026-03-06 v3.2 Permit use of UTF-8 characters in soul (HO)


Package soulutf8 Warning: This package is obsolete,
(soulutf8)                use the soul package directly. 
(soulutf8)                 on input line 29.

) (C:\Users\enzoa\AppData\Local\Programs\MiKTeX\tex/generic/soul\soul.sty
Package: soul 2026-03-06 v3.2 Permit use of UTF-8 characters in soul (HO)

(C:\Users\enzoa\AppData\Local\Programs\MiKTeX\tex/generic/soul\soul-ori.sty
Package: soul-ori 2026-03-06 v3.2 letterspacing/underlining (mf)
\SOUL@word=\toks63
\SOUL@lasttoken=\toks64
\SOUL@syllable=\toks65
\SOUL@cmds=\toks66
\SOUL@buffer=\toks67
\SOUL@token=\toks68
\SOUL@syllgoal=\dimen350
\SOUL@syllwidth=\dimen351
\SOUL@charkern=\dimen352
\SOUL@hyphkern=\dimen353
\SOUL@dimen=\dimen354
\SOUL@dimeni=\dimen355
\SOUL@minus=\count526
\SOUL@comma=\count527
\SOUL@apo=\count528
\SOUL@grave=\count529
\SOUL@spaceskip=\skip143
\SOUL@ttwidth=\dimen356
\SOUL@uldp=\dimen357
\SOUL@ulht=\dimen358
))
Package hyperref Info: Link coloring OFF on input line 225.

(main.out) (main.out)
\@outlinefile=\write6
\openout6 = `main.out'.

LaTeX Info: Redefining \sptext on input line 225.
LaTeX Info: Redefining \. on input line 225.
LaTeX Info: Redefining \% on input line 225.


pdfTeX warning: pdflatex.exe (file ./cover/58d27b9b-fe75-4fee-90c3-2e9e430da9d0
.pdf): PDF inclusion: found PDF version <1.7>, but at most version <1.5> allowe
d
<cover/58d27b9b-fe75-4fee-90c3-2e9e430da9d0.pdf, id=855, 597.19112pt x 845.1976
3pt>
File: cover/58d27b9b-fe75-4fee-90c3-2e9e430da9d0.pdf Graphic file (type pdf)
<use cover/58d27b9b-fe75-4fee-90c3-2e9e430da9d0.pdf>
Package pdftex.def Info: cover/58d27b9b-fe75-4fee-90c3-2e9e430da9d0.pdf  used o
n input line 237.
(pdftex.def)             Requested size: 597.18967pt x 845.19557pt.


pdfTeX warning: pdflatex.exe (file ./cover/58d27b9b-fe75-4fee-90c3-2e9e430da9d0
.pdf): PDF inclusion: found PDF version <1.7>, but at most version <1.5> allowe
d


pdfTeX warning: pdflatex.exe (file ./cover/58d27b9b-fe75-4fee-90c3-2e9e430da9d0
.pdf): PDF inclusion: found PDF version <1.7>, but at most version <1.5> allowe
d
<cover/58d27b9b-fe75-4fee-90c3-2e9e430da9d0.pdf, id=857, page=1, 597.19112pt x 
845.19763pt>
File: cover/58d27b9b-fe75-4fee-90c3-2e9e430da9d0.pdf Graphic file (type pdf)
<use cover/58d27b9b-fe75-4fee-90c3-2e9e430da9d0.pdf, page 1>
Package pdftex.def Info: cover/58d27b9b-fe75-4fee-90c3-2e9e430da9d0.pdf , page1
 used on input line 237.
(pdftex.def)             Requested size: 603.15828pt x 853.64288pt.
File: cover/58d27b9b-fe75-4fee-90c3-2e9e430da9d0.pdf Graphic file (type pdf)
<use cover/58d27b9b-fe75-4fee-90c3-2e9e430da9d0.pdf, page 1>
Package pdftex.def Info: cover/58d27b9b-fe75-4fee-90c3-2e9e430da9d0.pdf , page1
 used on input line 237.
(pdftex.def)             Requested size: 603.15828pt x 853.64288pt.
File: cover/58d27b9b-fe75-4fee-90c3-2e9e430da9d0.pdf Graphic file (type pdf)
<use cover/58d27b9b-fe75-4fee-90c3-2e9e430da9d0.pdf, page 1>
Package pdftex.def Info: cover/58d27b9b-fe75-4fee-90c3-2e9e430da9d0.pdf , page1
 used on input line 237.
(pdftex.def)             Requested size: 603.15828pt x 853.64288pt.

(C:\Users\enzoa\AppData\Local\Programs\MiKTeX\tex/generic/stringenc\se-pdfdoc.d
ef
File: se-pdfdoc.def 2019/11/29 v1.12 stringenc: PDFDocEncoding
)
File: cover/58d27b9b-fe75-4fee-90c3-2e9e430da9d0.pdf Graphic file (type pdf)
<use cover/58d27b9b-fe75-4fee-90c3-2e9e430da9d0.pdf, page 1>
Package pdftex.def Info: cover/58d27b9b-fe75-4fee-90c3-2e9e430da9d0.pdf , page1
 used on input line 237.
(pdftex.def)             Requested size: 603.15828pt x 853.64288pt.
 [1

\openout5 = `main.upa'.



 <./cover/58d27b9b-fe75-4fee-90c3-2e9e430da9d0.pdf>] (chapters/title.tex
<./images/UADE.png, id=884, 821.31844pt x 287.57437pt>
File: ./images/UADE.png Graphic file (type png)
<use ./images/UADE.png>
Package pdftex.def Info: ./images/UADE.png  used on input line 27.
(pdftex.def)             Requested size: 136.76668pt x 47.88652pt.

pdfTeX warning (ext4): destination with the same identifier (name{page.1}) has 
been already used, duplicate ignored
<to be read again> 
                   \relax 
l.30 \end{titlepage}
                     [1


{C:/Users/enzoa/AppData/Local/MiKTeX/fonts/map/pdftex/pdftex.map}{C:/Users/enzo
a/AppData/Local/Programs/MiKTeX/fonts/enc/dvips/base/8r.enc} <./images/UADE.png
>]
Package marginnote Info: Using workaround for absolute page number on input lin
e 30.
) (main.toc
LaTeX Info: Redefining \sptext on input line 1.
LaTeX Info: Redefining \. on input line 1.
LaTeX Info: Redefining \% on input line 1.
LaTeX Font Info:    Trying to load font information for OT1+ztmcm on input line
 2.

(C:\Users\enzoa\AppData\Local\Programs\MiKTeX\tex/latex/psnfss\ot1ztmcm.fd
File: ot1ztmcm.fd 2000/01/03 Fontinst v1.801 font definitions for OT1/ztmcm.
)<<ot1.cmap>>
Package microtype Info: Loading generic protrusion settings for font family
(microtype)             `ztmcm' (encoding: OT1).
(microtype)             For optimal results, create family-specific settings.
(microtype)             See the microtype manual for details.
LaTeX Font Info:    Trying to load font information for OML+ztmcm on input line
 2.

(C:\Users\enzoa\AppData\Local\Programs\MiKTeX\tex/latex/psnfss\omlztmcm.fd
File: omlztmcm.fd 2000/01/03 Fontinst v1.801 font definitions for OML/ztmcm.
)<<oml.cmap>>
LaTeX Font Info:    Trying to load font information for OMS+ztmcm on input line
 2.

(C:\Users\enzoa\AppData\Local\Programs\MiKTeX\tex/latex/psnfss\omsztmcm.fd
File: omsztmcm.fd 2000/01/03 Fontinst v1.801 font definitions for OMS/ztmcm.
)<<oms.cmap>>
LaTeX Font Info:    Trying to load font information for OMX+ztmcm on input line
 2.

(C:\Users\enzoa\AppData\Local\Programs\MiKTeX\tex/latex/psnfss\omxztmcm.fd
File: omxztmcm.fd 2000/01/03 Fontinst v1.801 font definitions for OMX/ztmcm.
)<<omx.cmap>>
LaTeX Font Info:    Trying to load font information for OT1+ptm on input line 2
.

(C:\Users\enzoa\AppData\Local\Programs\MiKTeX\tex/latex/psnfss\ot1ptm.fd
File: ot1ptm.fd 2001/06/04 font definitions for OT1/ptm.
)
LaTeX Font Info:    Font shape `OT1/ptm/bx/n' in size <12> not available
(Font)              Font shape `OT1/ptm/b/n' tried instead on input line 2.
LaTeX Font Info:    Font shape `OT1/ptm/bx/n' in size <9> not available
(Font)              Font shape `OT1/ptm/b/n' tried instead on input line 2.
LaTeX Font Info:    Font shape `OT1/ptm/bx/n' in size <7> not available
(Font)              Font shape `OT1/ptm/b/n' tried instead on input line 2.

(C:\Users\enzoa\AppData\Local\Programs\MiKTeX\tex/latex/microtype\mt-msa.cfg
File: mt-msa.cfg 2006/02/04 v1.1 microtype config. file: AMS symbols (a) (RS)
)
(C:\Users\enzoa\AppData\Local\Programs\MiKTeX\tex/latex/microtype\mt-msb.cfg
File: mt-msb.cfg 2005/06/01 v1.0 microtype config. file: AMS symbols (b) (RS)
)
LaTeX Info: Redefining \sptext on input line 20.
LaTeX Info: Redefining \. on input line 20.
LaTeX Info: Redefining \% on input line 20.
LaTeX Info: Redefining \sptext on input line 21.
LaTeX Info: Redefining \. on input line 21.
LaTeX Info: Redefining \% on input line 21.
LaTeX Info: Redefining \sptext on input line 23.
LaTeX Info: Redefining \. on input line 23.
LaTeX Info: Redefining \% on input line 23.
LaTeX Info: Redefining \sptext on input line 24.
LaTeX Info: Redefining \. on input line 24.
LaTeX Info: Redefining \% on input line 24.
LaTeX Info: Redefining \sptext on input line 26.
LaTeX Info: Redefining \. on input line 26.
LaTeX Info: Redefining \% on input line 26.
LaTeX Info: Redefining \sptext on input line 27.
LaTeX Info: Redefining \. on input line 27.
LaTeX Info: Redefining \% on input line 27.
LaTeX Info: Redefining \sptext on input line 31.
LaTeX Info: Redefining \. on input line 31.
LaTeX Info: Redefining \% on input line 31.
LaTeX Info: Redefining \sptext on input line 32.
LaTeX Info: Redefining \. on input line 32.
LaTeX Info: Redefining \% on input line 32.
LaTeX Info: Redefining \sptext on input line 34.
LaTeX Info: Redefining \. on input line 34.
LaTeX Info: Redefining \% on input line 34.
LaTeX Info: Redefining \sptext on input line 35.
LaTeX Info: Redefining \. on input line 35.
LaTeX Info: Redefining \% on input line 35.
LaTeX Info: Redefining \sptext on input line 37.
LaTeX Info: Redefining \. on input line 37.
LaTeX Info: Redefining \% on input line 37.
LaTeX Info: Redefining \sptext on input line 38.
LaTeX Info: Redefining \. on input line 38.
LaTeX Info: Redefining \% on input line 38.
LaTeX Info: Redefining \sptext on input line 39.
LaTeX Info: Redefining \. on input line 39.
LaTeX Info: Redefining \% on input line 39.
LaTeX Info: Redefining \sptext on input line 40.
LaTeX Info: Redefining \. on input line 40.
LaTeX Info: Redefining \% on input line 40.
LaTeX Info: Redefining \sptext on input line 42.
LaTeX Info: Redefining \. on input line 42.
LaTeX Info: Redefining \% on input line 42.
LaTeX Info: Redefining \sptext on input line 43.
LaTeX Info: Redefining \. on input line 43.
LaTeX Info: Redefining \% on input line 43.
LaTeX Info: Redefining \sptext on input line 44.
LaTeX Info: Redefining \. on input line 44.
LaTeX Info: Redefining \% on input line 44.
LaTeX Info: Redefining \sptext on input line 45.
LaTeX Info: Redefining \. on input line 45.
LaTeX Info: Redefining \% on input line 45.
LaTeX Info: Redefining \sptext on input line 48.
LaTeX Info: Redefining \. on input line 48.
LaTeX Info: Redefining \% on input line 48.
LaTeX Info: Redefining \sptext on input line 49.
LaTeX Info: Redefining \. on input line 49.
LaTeX Info: Redefining \% on input line 49.
LaTeX Info: Redefining \sptext on input line 51.
LaTeX Info: Redefining \. on input line 51.
LaTeX Info: Redefining \% on input line 51.
LaTeX Info: Redefining \sptext on input line 52.
LaTeX Info: Redefining \. on input line 52.
LaTeX Info: Redefining \% on input line 52.
LaTeX Info: Redefining \sptext on input line 55.
LaTeX Info: Redefining \. on input line 55.
LaTeX Info: Redefining \% on input line 55.
LaTeX Info: Redefining \sptext on input line 56.
LaTeX Info: Redefining \. on input line 56.
LaTeX Info: Redefining \% on input line 56.
<./images/UADE_LARGE.png, id=958, 821.31844pt x 287.57437pt>
File: ./images/UADE_LARGE.png Graphic file (type png)
<use ./images/UADE_LARGE.png>
Package pdftex.def Info: ./images/UADE_LARGE.png  used on input line 57.
(pdftex.def)             Requested size: 105.2751pt x 36.8594pt.
LaTeX Font Info:    Font shape `OT1/ptm/bx/n' in size <5> not available
(Font)              Font shape `OT1/ptm/b/n' tried instead on input line 57.

Overfull \vbox (36.8594pt too high) has occurred while \output is active []


pdfTeX warning (ext4): destination with the same identifier (name{page.1}) has 
been already used, duplicate ignored
<to be read again> 
                   \relax 
l.57 ...erline {6.7.2}MSKai}{25}{subsection.6.7.2}
                                                  % [1 <./images/UADE_LARGE.png
>]
Package marginnote Info: Using workaround for absolute page number on input lin
e 57.
LaTeX Info: Redefining \sptext on input line 58.
LaTeX Info: Redefining \. on input line 58.
LaTeX Info: Redefining \% on input line 58.
LaTeX Info: Redefining \sptext on input line 59.
LaTeX Info: Redefining \. on input line 59.
LaTeX Info: Redefining \% on input line 59.
LaTeX Info: Redefining \sptext on input line 61.
LaTeX Info: Redefining \. on input line 61.
LaTeX Info: Redefining \% on input line 61.
LaTeX Info: Redefining \sptext on input line 62.
LaTeX Info: Redefining \. on input line 62.
LaTeX Info: Redefining \% on input line 62.
LaTeX Info: Redefining \sptext on input line 77.
LaTeX Info: Redefining \. on input line 77.
LaTeX Info: Redefining \% on input line 77.
LaTeX Info: Redefining \sptext on input line 78.
LaTeX Info: Redefining \. on input line 78.
LaTeX Info: Redefining \% on input line 78.
LaTeX Info: Redefining \sptext on input line 79.
LaTeX Info: Redefining \. on input line 79.
LaTeX Info: Redefining \% on input line 79.
LaTeX Info: Redefining \sptext on input line 80.
LaTeX Info: Redefining \. on input line 80.
LaTeX Info: Redefining \% on input line 80.
LaTeX Info: Redefining \sptext on input line 81.
LaTeX Info: Redefining \. on input line 81.
LaTeX Info: Redefining \% on input line 81.
LaTeX Info: Redefining \sptext on input line 82.
LaTeX Info: Redefining \. on input line 82.
LaTeX Info: Redefining \% on input line 82.
LaTeX Info: Redefining \sptext on input line 83.
LaTeX Info: Redefining \. on input line 83.
LaTeX Info: Redefining \% on input line 83.
LaTeX Info: Redefining \sptext on input line 84.
LaTeX Info: Redefining \. on input line 84.
LaTeX Info: Redefining \% on input line 84.
LaTeX Info: Redefining \sptext on input line 86.
LaTeX Info: Redefining \. on input line 86.
LaTeX Info: Redefining \% on input line 86.
LaTeX Info: Redefining \sptext on input line 87.
LaTeX Info: Redefining \. on input line 87.
LaTeX Info: Redefining \% on input line 87.
LaTeX Info: Redefining \sptext on input line 88.
LaTeX Info: Redefining \. on input line 88.
LaTeX Info: Redefining \% on input line 88.
LaTeX Info: Redefining \sptext on input line 89.
LaTeX Info: Redefining \. on input line 89.
LaTeX Info: Redefining \% on input line 89.
LaTeX Info: Redefining \sptext on input line 93.
LaTeX Info: Redefining \. on input line 93.
LaTeX Info: Redefining \% on input line 93.
LaTeX Info: Redefining \sptext on input line 94.
LaTeX Info: Redefining \. on input line 94.
LaTeX Info: Redefining \% on input line 94.
LaTeX Info: Redefining \sptext on input line 95.
LaTeX Info: Redefining \. on input line 95.
LaTeX Info: Redefining \% on input line 95.
LaTeX Info: Redefining \sptext on input line 96.
LaTeX Info: Redefining \. on input line 96.
LaTeX Info: Redefining \% on input line 96.
LaTeX Info: Redefining \sptext on input line 98.
LaTeX Info: Redefining \. on input line 98.
LaTeX Info: Redefining \% on input line 98.
LaTeX Info: Redefining \sptext on input line 99.
LaTeX Info: Redefining \. on input line 99.
LaTeX Info: Redefining \% on input line 99.
LaTeX Info: Redefining \sptext on input line 103.
LaTeX Info: Redefining \. on input line 103.
LaTeX Info: Redefining \% on input line 103.
LaTeX Info: Redefining \sptext on input line 104.
LaTeX Info: Redefining \. on input line 104.
LaTeX Info: Redefining \% on input line 104.
LaTeX Info: Redefining \sptext on input line 105.
LaTeX Info: Redefining \. on input line 105.
LaTeX Info: Redefining \% on input line 105.
LaTeX Info: Redefining \sptext on input line 106.
LaTeX Info: Redefining \. on input line 106.
LaTeX Info: Redefining \% on input line 106.
LaTeX Info: Redefining \sptext on input line 108.
LaTeX Info: Redefining \. on input line 108.
LaTeX Info: Redefining \% on input line 108.
LaTeX Info: Redefining \sptext on input line 109.
LaTeX Info: Redefining \. on input line 109.
LaTeX Info: Redefining \% on input line 109.
LaTeX Info: Redefining \sptext on input line 110.
LaTeX Info: Redefining \. on input line 110.
LaTeX Info: Redefining \% on input line 110.
LaTeX Info: Redefining \sptext on input line 111.
LaTeX Info: Redefining \. on input line 111.
LaTeX Info: Redefining \% on input line 111.
LaTeX Info: Redefining \sptext on input line 114.
LaTeX Info: Redefining \. on input line 114.
LaTeX Info: Redefining \% on input line 114.
LaTeX Info: Redefining \sptext on input line 115.
LaTeX Info: Redefining \. on input line 115.
LaTeX Info: Redefining \% on input line 115.
LaTeX Info: Redefining \sptext on input line 117.
LaTeX Info: Redefining \. on input line 117.
LaTeX Info: Redefining \% on input line 117.
LaTeX Info: Redefining \sptext on input line 118.
LaTeX Info: Redefining \. on input line 118.
LaTeX Info: Redefining \% on input line 118.
LaTeX Info: Redefining \sptext on input line 122.
LaTeX Info: Redefining \. on input line 122.
LaTeX Info: Redefining \% on input line 122.
LaTeX Info: Redefining \sptext on input line 123.
LaTeX Info: Redefining \. on input line 123.
LaTeX Info: Redefining \% on input line 123.
LaTeX Info: Redefining \sptext on input line 127.
LaTeX Info: Redefining \. on input line 127.
LaTeX Info: Redefining \% on input line 127.
LaTeX Info: Redefining \sptext on input line 128.
LaTeX Info: Redefining \. on input line 128.
LaTeX Info: Redefining \% on input line 128.
LaTeX Info: Redefining \sptext on input line 129.
LaTeX Info: Redefining \. on input line 129.
LaTeX Info: Redefining \% on input line 129.
LaTeX Info: Redefining \sptext on input line 130.
LaTeX Info: Redefining \. on input line 130.
LaTeX Info: Redefining \% on input line 130.
LaTeX Info: Redefining \sptext on input line 133.
LaTeX Info: Redefining \. on input line 133.
LaTeX Info: Redefining \% on input line 133.
LaTeX Info: Redefining \sptext on input line 134.
LaTeX Info: Redefining \. on input line 134.
LaTeX Info: Redefining \% on input line 134.
File: ./images/UADE_LARGE.png Graphic file (type png)
<use ./images/UADE_LARGE.png>
Package pdftex.def Info: ./images/UADE_LARGE.png  used on input line 135.
(pdftex.def)             Requested size: 105.2751pt x 36.8594pt.

Overfull \vbox (36.8594pt too high) has occurred while \output is active []


[2]
LaTeX Info: Redefining \sptext on input line 136.
LaTeX Info: Redefining \. on input line 136.
LaTeX Info: Redefining \% on input line 136.
LaTeX Info: Redefining \sptext on input line 137.
LaTeX Info: Redefining \. on input line 137.
LaTeX Info: Redefining \% on input line 137.
LaTeX Info: Redefining \sptext on input line 139.
LaTeX Info: Redefining \. on input line 139.
LaTeX Info: Redefining \% on input line 139.
LaTeX Info: Redefining \sptext on input line 140.
LaTeX Info: Redefining \. on input line 140.
LaTeX Info: Redefining \% on input line 140.
LaTeX Info: Redefining \sptext on input line 141.
LaTeX Info: Redefining \. on input line 141.
LaTeX Info: Redefining \% on input line 141.
LaTeX Info: Redefining \sptext on input line 142.
LaTeX Info: Redefining \. on input line 142.
LaTeX Info: Redefining \% on input line 142.
LaTeX Info: Redefining \sptext on input line 144.
LaTeX Info: Redefining \. on input line 144.
LaTeX Info: Redefining \% on input line 144.
LaTeX Info: Redefining \sptext on input line 145.
LaTeX Info: Redefining \. on input line 145.
LaTeX Info: Redefining \% on input line 145.
LaTeX Info: Redefining \sptext on input line 149.
LaTeX Info: Redefining \. on input line 149.
LaTeX Info: Redefining \% on input line 149.
LaTeX Info: Redefining \sptext on input line 150.
LaTeX Info: Redefining \. on input line 150.
LaTeX Info: Redefining \% on input line 150.
LaTeX Info: Redefining \sptext on input line 151.
LaTeX Info: Redefining \. on input line 151.
LaTeX Info: Redefining \% on input line 151.
LaTeX Info: Redefining \sptext on input line 152.
LaTeX Info: Redefining \. on input line 152.
LaTeX Info: Redefining \% on input line 152.
LaTeX Info: Redefining \sptext on input line 156.
LaTeX Info: Redefining \. on input line 156.
LaTeX Info: Redefining \% on input line 156.
LaTeX Info: Redefining \sptext on input line 157.
LaTeX Info: Redefining \. on input line 157.
LaTeX Info: Redefining \% on input line 157.
LaTeX Info: Redefining \sptext on input line 158.
LaTeX Info: Redefining \. on input line 158.
LaTeX Info: Redefining \% on input line 158.
LaTeX Info: Redefining \sptext on input line 159.
LaTeX Info: Redefining \. on input line 159.
LaTeX Info: Redefining \% on input line 159.
LaTeX Info: Redefining \sptext on input line 164.
LaTeX Info: Redefining \. on input line 164.
LaTeX Info: Redefining \% on input line 164.
LaTeX Info: Redefining \sptext on input line 165.
LaTeX Info: Redefining \. on input line 165.
LaTeX Info: Redefining \% on input line 165.
LaTeX Info: Redefining \sptext on input line 174.
LaTeX Info: Redefining \. on input line 174.
LaTeX Info: Redefining \% on input line 174.
LaTeX Info: Redefining \sptext on input line 175.
LaTeX Info: Redefining \. on input line 175.
LaTeX Info: Redefining \% on input line 175.
LaTeX Info: Redefining \sptext on input line 179.
LaTeX Info: Redefining \. on input line 179.
LaTeX Info: Redefining \% on input line 179.
LaTeX Info: Redefining \sptext on input line 180.
LaTeX Info: Redefining \. on input line 180.
LaTeX Info: Redefining \% on input line 180.
LaTeX Info: Redefining \sptext on input line 181.
LaTeX Info: Redefining \. on input line 181.
LaTeX Info: Redefining \% on input line 181.
LaTeX Info: Redefining \sptext on input line 182.
LaTeX Info: Redefining \. on input line 182.
LaTeX Info: Redefining \% on input line 182.
LaTeX Info: Redefining \sptext on input line 188.
LaTeX Info: Redefining \. on input line 188.
LaTeX Info: Redefining \% on input line 188.
LaTeX Info: Redefining \sptext on input line 189.
LaTeX Info: Redefining \. on input line 189.
LaTeX Info: Redefining \% on input line 189.
File: ./images/UADE_LARGE.png Graphic file (type png)
<use ./images/UADE_LARGE.png>
Package pdftex.def Info: ./images/UADE_LARGE.png  used on input line 197.
(pdftex.def)             Requested size: 105.2751pt x 36.8594pt.

Overfull \vbox (36.8594pt too high) has occurred while \output is active []


[3]
LaTeX Info: Redefining \sptext on input line 200.
LaTeX Info: Redefining \. on input line 200.
LaTeX Info: Redefining \% on input line 200.
LaTeX Info: Redefining \sptext on input line 201.
LaTeX Info: Redefining \. on input line 201.
LaTeX Info: Redefining \% on input line 201.
LaTeX Info: Redefining \sptext on input line 208.
LaTeX Info: Redefining \. on input line 208.
LaTeX Info: Redefining \% on input line 208.
LaTeX Info: Redefining \sptext on input line 209.
LaTeX Info: Redefining \. on input line 209.
LaTeX Info: Redefining \% on input line 209.
File: ./images/UADE_LARGE.png Graphic file (type png)
<use ./images/UADE_LARGE.png>
Package pdftex.def Info: ./images/UADE_LARGE.png  used on input line 236.
(pdftex.def)             Requested size: 105.2751pt x 36.8594pt.

Overfull \vbox (36.8594pt too high) has occurred while \output is active []


[4]
LaTeX Info: Redefining \sptext on input line 260.
LaTeX Info: Redefining \. on input line 260.
LaTeX Info: Redefining \% on input line 260.
LaTeX Info: Redefining \sptext on input line 261.
LaTeX Info: Redefining \. on input line 261.
LaTeX Info: Redefining \% on input line 261.
File: ./images/UADE_LARGE.png Graphic file (type png)
<use ./images/UADE_LARGE.png>
Package pdftex.def Info: ./images/UADE_LARGE.png  used on input line 273.
(pdftex.def)             Requested size: 105.2751pt x 36.8594pt.

Overfull \vbox (36.8594pt too high) has occurred while \output is active []


[5]
File: ./images/UADE_LARGE.png Graphic file (type png)
<use ./images/UADE_LARGE.png>
Package pdftex.def Info: ./images/UADE_LARGE.png  used on input line 304.
(pdftex.def)             Requested size: 105.2751pt x 36.8594pt.

Overfull \vbox (36.8594pt too high) has occurred while \output is active []


[6]
LaTeX Info: Redefining \sptext on input line 305.
LaTeX Info: Redefining \. on input line 305.
LaTeX Info: Redefining \% on input line 305.
LaTeX Info: Redefining \sptext on input line 306.
LaTeX Info: Redefining \. on input line 306.
LaTeX Info: Redefining \% on input line 306.
LaTeX Info: Redefining \sptext on input line 307.
LaTeX Info: Redefining \. on input line 307.
LaTeX Info: Redefining \% on input line 307.
LaTeX Info: Redefining \sptext on input line 308.
LaTeX Info: Redefining \. on input line 308.
LaTeX Info: Redefining \% on input line 308.
LaTeX Info: Redefining \sptext on input line 309.
LaTeX Info: Redefining \. on input line 309.
LaTeX Info: Redefining \% on input line 309.
LaTeX Info: Redefining \sptext on input line 310.
LaTeX Info: Redefining \. on input line 310.
LaTeX Info: Redefining \% on input line 310.
LaTeX Info: Redefining \sptext on input line 311.
LaTeX Info: Redefining \. on input line 311.
LaTeX Info: Redefining \% on input line 311.
LaTeX Info: Redefining \sptext on input line 312.
LaTeX Info: Redefining \. on input line 312.
LaTeX Info: Redefining \% on input line 312.
LaTeX Info: Redefining \sptext on input line 313.
LaTeX Info: Redefining \. on input line 313.
LaTeX Info: Redefining \% on input line 313.
LaTeX Info: Redefining \sptext on input line 314.
LaTeX Info: Redefining \. on input line 314.
LaTeX Info: Redefining \% on input line 314.
LaTeX Info: Redefining \sptext on input line 315.
LaTeX Info: Redefining \. on input line 315.
LaTeX Info: Redefining \% on input line 315.
LaTeX Info: Redefining \sptext on input line 316.
LaTeX Info: Redefining \. on input line 316.
LaTeX Info: Redefining \% on input line 316.
LaTeX Info: Redefining \sptext on input line 317.
LaTeX Info: Redefining \. on input line 317.
LaTeX Info: Redefining \% on input line 317.
LaTeX Info: Redefining \sptext on input line 318.
LaTeX Info: Redefining \. on input line 318.
LaTeX Info: Redefining \% on input line 318.
LaTeX Info: Redefining \sptext on input line 319.
LaTeX Info: Redefining \. on input line 319.
LaTeX Info: Redefining \% on input line 319.
LaTeX Info: Redefining \sptext on input line 320.
LaTeX Info: Redefining \. on input line 320.
LaTeX Info: Redefining \% on input line 320.
LaTeX Info: Redefining \sptext on input line 321.
LaTeX Info: Redefining \. on input line 321.
LaTeX Info: Redefining \% on input line 321.
LaTeX Info: Redefining \sptext on input line 322.
LaTeX Info: Redefining \. on input line 322.
LaTeX Info: Redefining \% on input line 322.
LaTeX Info: Redefining \sptext on input line 323.
LaTeX Info: Redefining \. on input line 323.
LaTeX Info: Redefining \% on input line 323.
LaTeX Info: Redefining \sptext on input line 324.
LaTeX Info: Redefining \. on input line 324.
LaTeX Info: Redefining \% on input line 324.
LaTeX Info: Redefining \sptext on input line 325.
LaTeX Info: Redefining \. on input line 325.
LaTeX Info: Redefining \% on input line 325.
LaTeX Info: Redefining \sptext on input line 326.
LaTeX Info: Redefining \. on input line 326.
LaTeX Info: Redefining \% on input line 326.
LaTeX Info: Redefining \sptext on input line 327.
LaTeX Info: Redefining \. on input line 327.
LaTeX Info: Redefining \% on input line 327.
LaTeX Info: Redefining \sptext on input line 328.
LaTeX Info: Redefining \. on input line 328.
LaTeX Info: Redefining \% on input line 328.
LaTeX Info: Redefining \sptext on input line 329.
LaTeX Info: Redefining \. on input line 329.
LaTeX Info: Redefining \% on input line 329.
LaTeX Info: Redefining \sptext on input line 330.
LaTeX Info: Redefining \. on input line 330.
LaTeX Info: Redefining \% on input line 330.
LaTeX Info: Redefining \sptext on input line 331.
LaTeX Info: Redefining \. on input line 331.
LaTeX Info: Redefining \% on input line 331.
LaTeX Info: Redefining \sptext on input line 332.
LaTeX Info: Redefining \. on input line 332.
LaTeX Info: Redefining \% on input line 332.
LaTeX Info: Redefining \sptext on input line 333.
LaTeX Info: Redefining \. on input line 333.
LaTeX Info: Redefining \% on input line 333.
LaTeX Info: Redefining \sptext on input line 334.
LaTeX Info: Redefining \. on input line 334.
LaTeX Info: Redefining \% on input line 334.
LaTeX Info: Redefining \sptext on input line 335.
LaTeX Info: Redefining \. on input line 335.
LaTeX Info: Redefining \% on input line 335.
LaTeX Info: Redefining \sptext on input line 336.
LaTeX Info: Redefining \. on input line 336.
LaTeX Info: Redefining \% on input line 336.
LaTeX Info: Redefining \sptext on input line 337.
LaTeX Info: Redefining \. on input line 337.
LaTeX Info: Redefining \% on input line 337.
LaTeX Info: Redefining \sptext on input line 338.
LaTeX Info: Redefining \. on input line 338.
LaTeX Info: Redefining \% on input line 338.
LaTeX Info: Redefining \sptext on input line 339.
LaTeX Info: Redefining \. on input line 339.
LaTeX Info: Redefining \% on input line 339.
LaTeX Info: Redefining \sptext on input line 340.
LaTeX Info: Redefining \. on input line 340.
LaTeX Info: Redefining \% on input line 340.
LaTeX Info: Redefining \sptext on input line 341.
LaTeX Info: Redefining \. on input line 341.
LaTeX Info: Redefining \% on input line 341.
LaTeX Info: Redefining \sptext on input line 342.
LaTeX Info: Redefining \. on input line 342.
LaTeX Info: Redefining \% on input line 342.
LaTeX Info: Redefining \sptext on input line 343.
LaTeX Info: Redefining \. on input line 343.
LaTeX Info: Redefining \% on input line 343.
LaTeX Info: Redefining \sptext on input line 344.
LaTeX Info: Redefining \. on input line 344.
LaTeX Info: Redefining \% on input line 344.
LaTeX Info: Redefining \sptext on input line 345.
LaTeX Info: Redefining \. on input line 345.
LaTeX Info: Redefining \% on input line 345.
LaTeX Info: Redefining \sptext on input line 346.
LaTeX Info: Redefining \. on input line 346.
LaTeX Info: Redefining \% on input line 346.
LaTeX Info: Redefining \sptext on input line 347.
LaTeX Info: Redefining \. on input line 347.
LaTeX Info: Redefining \% on input line 347.
LaTeX Info: Redefining \sptext on input line 348.
LaTeX Info: Redefining \. on input line 348.
LaTeX Info: Redefining \% on input line 348.
LaTeX Info: Redefining \sptext on input line 349.
LaTeX Info: Redefining \. on input line 349.
LaTeX Info: Redefining \% on input line 349.
LaTeX Info: Redefining \sptext on input line 350.
LaTeX Info: Redefining \. on input line 350.
LaTeX Info: Redefining \% on input line 350.
LaTeX Info: Redefining \sptext on input line 351.
LaTeX Info: Redefining \. on input line 351.
LaTeX Info: Redefining \% on input line 351.
LaTeX Info: Redefining \sptext on input line 352.
LaTeX Info: Redefining \. on input line 352.
LaTeX Info: Redefining \% on input line 352.
LaTeX Info: Redefining \sptext on input line 353.
LaTeX Info: Redefining \. on input line 353.
LaTeX Info: Redefining \% on input line 353.
LaTeX Info: Redefining \sptext on input line 354.
LaTeX Info: Redefining \. on input line 354.
LaTeX Info: Redefining \% on input line 354.
LaTeX Info: Redefining \sptext on input line 355.
LaTeX Info: Redefining \. on input line 355.
LaTeX Info: Redefining \% on input line 355.
LaTeX Info: Redefining \sptext on input line 356.
LaTeX Info: Redefining \. on input line 356.
LaTeX Info: Redefining \% on input line 356.
LaTeX Info: Redefining \sptext on input line 357.
LaTeX Info: Redefining \. on input line 357.
LaTeX Info: Redefining \% on input line 357.
LaTeX Info: Redefining \sptext on input line 358.
LaTeX Info: Redefining \. on input line 358.
LaTeX Info: Redefining \% on input line 358.
LaTeX Info: Redefining \sptext on input line 359.
LaTeX Info: Redefining \. on input line 359.
LaTeX Info: Redefining \% on input line 359.
LaTeX Info: Redefining \sptext on input line 360.
LaTeX Info: Redefining \. on input line 360.
LaTeX Info: Redefining \% on input line 360.
LaTeX Info: Redefining \sptext on input line 361.
LaTeX Info: Redefining \. on input line 361.
LaTeX Info: Redefining \% on input line 361.
LaTeX Info: Redefining \sptext on input line 362.
LaTeX Info: Redefining \. on input line 362.
LaTeX Info: Redefining \% on input line 362.
LaTeX Info: Redefining \sptext on input line 363.
LaTeX Info: Redefining \. on input line 363.
LaTeX Info: Redefining \% on input line 363.
LaTeX Info: Redefining \sptext on input line 364.
LaTeX Info: Redefining \. on input line 364.
LaTeX Info: Redefining \% on input line 364.
LaTeX Info: Redefining \sptext on input line 365.
LaTeX Info: Redefining \. on input line 365.
LaTeX Info: Redefining \% on input line 365.
LaTeX Info: Redefining \sptext on input line 366.
LaTeX Info: Redefining \. on input line 366.
LaTeX Info: Redefining \% on input line 366.
LaTeX Info: Redefining \sptext on input line 367.
LaTeX Info: Redefining \. on input line 367.
LaTeX Info: Redefining \% on input line 367.
LaTeX Info: Redefining \sptext on input line 368.
LaTeX Info: Redefining \. on input line 368.
LaTeX Info: Redefining \% on input line 368.
LaTeX Info: Redefining \sptext on input line 369.
LaTeX Info: Redefining \. on input line 369.
LaTeX Info: Redefining \% on input line 369.
LaTeX Info: Redefining \sptext on input line 370.
LaTeX Info: Redefining \. on input line 370.
LaTeX Info: Redefining \% on input line 370.
LaTeX Info: Redefining \sptext on input line 371.
LaTeX Info: Redefining \. on input line 371.
LaTeX Info: Redefining \% on input line 371.
LaTeX Info: Redefining \sptext on input line 372.
LaTeX Info: Redefining \. on input line 372.
LaTeX Info: Redefining \% on input line 372.
LaTeX Info: Redefining \sptext on input line 373.
LaTeX Info: Redefining \. on input line 373.
LaTeX Info: Redefining \% on input line 373.
LaTeX Info: Redefining \sptext on input line 374.
LaTeX Info: Redefining \. on input line 374.
LaTeX Info: Redefining \% on input line 374.
LaTeX Info: Redefining \sptext on input line 375.
LaTeX Info: Redefining \. on input line 375.
LaTeX Info: Redefining \% on input line 375.
LaTeX Info: Redefining \sptext on input line 376.
LaTeX Info: Redefining \. on input line 376.
LaTeX Info: Redefining \% on input line 376.
LaTeX Info: Redefining \sptext on input line 377.
LaTeX Info: Redefining \. on input line 377.
LaTeX Info: Redefining \% on input line 377.
LaTeX Info: Redefining \sptext on input line 378.
LaTeX Info: Redefining \. on input line 378.
LaTeX Info: Redefining \% on input line 378.
LaTeX Info: Redefining \sptext on input line 379.
LaTeX Info: Redefining \. on input line 379.
LaTeX Info: Redefining \% on input line 379.
LaTeX Info: Redefining \sptext on input line 380.
LaTeX Info: Redefining \. on input line 380.
LaTeX Info: Redefining \% on input line 380.
LaTeX Info: Redefining \sptext on input line 381.
LaTeX Info: Redefining \. on input line 381.
LaTeX Info: Redefining \% on input line 381.
LaTeX Info: Redefining \sptext on input line 382.
LaTeX Info: Redefining \. on input line 382.
LaTeX Info: Redefining \% on input line 382.
LaTeX Info: Redefining \sptext on input line 383.
LaTeX Info: Redefining \. on input line 383.
LaTeX Info: Redefining \% on input line 383.
LaTeX Info: Redefining \sptext on input line 384.
LaTeX Info: Redefining \. on input line 384.
LaTeX Info: Redefining \% on input line 384.
LaTeX Info: Redefining \sptext on input line 385.
LaTeX Info: Redefining \. on input line 385.
LaTeX Info: Redefining \% on input line 385.
LaTeX Info: Redefining \sptext on input line 386.
LaTeX Info: Redefining \. on input line 386.
LaTeX Info: Redefining \% on input line 386.
LaTeX Info: Redefining \sptext on input line 387.
LaTeX Info: Redefining \. on input line 387.
LaTeX Info: Redefining \% on input line 387.
LaTeX Info: Redefining \sptext on input line 388.
LaTeX Info: Redefining \. on input line 388.
LaTeX Info: Redefining \% on input line 388.
LaTeX Info: Redefining \sptext on input line 389.
LaTeX Info: Redefining \. on input line 389.
LaTeX Info: Redefining \% on input line 389.
LaTeX Info: Redefining \sptext on input line 390.
LaTeX Info: Redefining \. on input line 390.
LaTeX Info: Redefining \% on input line 390.
LaTeX Info: Redefining \sptext on input line 391.
LaTeX Info: Redefining \. on input line 391.
LaTeX Info: Redefining \% on input line 391.
LaTeX Info: Redefining \sptext on input line 392.
LaTeX Info: Redefining \. on input line 392.
LaTeX Info: Redefining \% on input line 392.
LaTeX Info: Redefining \sptext on input line 393.
LaTeX Info: Redefining \. on input line 393.
LaTeX Info: Redefining \% on input line 393.
LaTeX Info: Redefining \sptext on input line 394.
LaTeX Info: Redefining \. on input line 394.
LaTeX Info: Redefining \% on input line 394.
LaTeX Info: Redefining \sptext on input line 395.
LaTeX Info: Redefining \. on input line 395.
LaTeX Info: Redefining \% on input line 395.
LaTeX Info: Redefining \sptext on input line 396.
LaTeX Info: Redefining \. on input line 396.
LaTeX Info: Redefining \% on input line 396.
LaTeX Info: Redefining \sptext on input line 397.
LaTeX Info: Redefining \. on input line 397.
LaTeX Info: Redefining \% on input line 397.
LaTeX Info: Redefining \sptext on input line 398.
LaTeX Info: Redefining \. on input line 398.
LaTeX Info: Redefining \% on input line 398.
LaTeX Info: Redefining \sptext on input line 399.
LaTeX Info: Redefining \. on input line 399.
LaTeX Info: Redefining \% on input line 399.
LaTeX Info: Redefining \sptext on input line 400.
LaTeX Info: Redefining \. on input line 400.
LaTeX Info: Redefining \% on input line 400.
LaTeX Info: Redefining \sptext on input line 401.
LaTeX Info: Redefining \. on input line 401.
LaTeX Info: Redefining \% on input line 401.
LaTeX Info: Redefining \sptext on input line 402.
LaTeX Info: Redefining \. on input line 402.
LaTeX Info: Redefining \% on input line 402.
LaTeX Info: Redefining \sptext on input line 403.
LaTeX Info: Redefining \. on input line 403.
LaTeX Info: Redefining \% on input line 403.
LaTeX Info: Redefining \sptext on input line 404.
LaTeX Info: Redefining \. on input line 404.
LaTeX Info: Redefining \% on input line 404.
LaTeX Info: Redefining \sptext on input line 405.
LaTeX Info: Redefining \. on input line 405.
LaTeX Info: Redefining \% on input line 405.
LaTeX Info: Redefining \sptext on input line 406.
LaTeX Info: Redefining \. on input line 406.
LaTeX Info: Redefining \% on input line 406.
LaTeX Info: Redefining \sptext on input line 407.
LaTeX Info: Redefining \. on input line 407.
LaTeX Info: Redefining \% on input line 407.
LaTeX Info: Redefining \sptext on input line 408.
LaTeX Info: Redefining \. on input line 408.
LaTeX Info: Redefining \% on input line 408.
LaTeX Info: Redefining \sptext on input line 409.
LaTeX Info: Redefining \. on input line 409.
LaTeX Info: Redefining \% on input line 409.
LaTeX Info: Redefining \sptext on input line 410.
LaTeX Info: Redefining \. on input line 410.
LaTeX Info: Redefining \% on input line 410.
LaTeX Info: Redefining \sptext on input line 411.
LaTeX Info: Redefining \. on input line 411.
LaTeX Info: Redefining \% on input line 411.
LaTeX Info: Redefining \sptext on input line 412.
LaTeX Info: Redefining \. on input line 412.
LaTeX Info: Redefining \% on input line 412.
LaTeX Info: Redefining \sptext on input line 413.
LaTeX Info: Redefining \. on input line 413.
LaTeX Info: Redefining \% on input line 413.
LaTeX Info: Redefining \sptext on input line 414.
LaTeX Info: Redefining \. on input line 414.
LaTeX Info: Redefining \% on input line 414.
LaTeX Info: Redefining \sptext on input line 415.
LaTeX Info: Redefining \. on input line 415.
LaTeX Info: Redefining \% on input line 415.
LaTeX Info: Redefining \sptext on input line 416.
LaTeX Info: Redefining \. on input line 416.
LaTeX Info: Redefining \% on input line 416.
LaTeX Info: Redefining \sptext on input line 417.
LaTeX Info: Redefining \. on input line 417.
LaTeX Info: Redefining \% on input line 417.
LaTeX Info: Redefining \sptext on input line 418.
LaTeX Info: Redefining \. on input line 418.
LaTeX Info: Redefining \% on input line 418.
LaTeX Info: Redefining \sptext on input line 419.
LaTeX Info: Redefining \. on input line 419.
LaTeX Info: Redefining \% on input line 419.
LaTeX Info: Redefining \sptext on input line 420.
LaTeX Info: Redefining \. on input line 420.
LaTeX Info: Redefining \% on input line 420.
LaTeX Info: Redefining \sptext on input line 421.
LaTeX Info: Redefining \. on input line 421.
LaTeX Info: Redefining \% on input line 421.
LaTeX Info: Redefining \sptext on input line 422.
LaTeX Info: Redefining \. on input line 422.
LaTeX Info: Redefining \% on input line 422.
LaTeX Info: Redefining \sptext on input line 423.
LaTeX Info: Redefining \. on input line 423.
LaTeX Info: Redefining \% on input line 423.
LaTeX Info: Redefining \sptext on input line 424.
LaTeX Info: Redefining \. on input line 424.
LaTeX Info: Redefining \% on input line 424.
LaTeX Info: Redefining \sptext on input line 425.
LaTeX Info: Redefining \. on input line 425.
LaTeX Info: Redefining \% on input line 425.
LaTeX Info: Redefining \sptext on input line 426.
LaTeX Info: Redefining \. on input line 426.
LaTeX Info: Redefining \% on input line 426.
LaTeX Info: Redefining \sptext on input line 427.
LaTeX Info: Redefining \. on input line 427.
LaTeX Info: Redefining \% on input line 427.
LaTeX Info: Redefining \sptext on input line 428.
LaTeX Info: Redefining \. on input line 428.
LaTeX Info: Redefining \% on input line 428.
LaTeX Info: Redefining \sptext on input line 429.
LaTeX Info: Redefining \. on input line 429.
LaTeX Info: Redefining \% on input line 429.
LaTeX Info: Redefining \sptext on input line 430.
LaTeX Info: Redefining \. on input line 430.
LaTeX Info: Redefining \% on input line 430.
LaTeX Info: Redefining \sptext on input line 431.
LaTeX Info: Redefining \. on input line 431.
LaTeX Info: Redefining \% on input line 431.
LaTeX Info: Redefining \sptext on input line 432.
LaTeX Info: Redefining \. on input line 432.
LaTeX Info: Redefining \% on input line 432.
LaTeX Info: Redefining \sptext on input line 433.
LaTeX Info: Redefining \. on input line 433.
LaTeX Info: Redefining \% on input line 433.
LaTeX Info: Redefining \sptext on input line 434.
LaTeX Info: Redefining \. on input line 434.
LaTeX Info: Redefining \% on input line 434.
LaTeX Info: Redefining \sptext on input line 435.
LaTeX Info: Redefining \. on input line 435.
LaTeX Info: Redefining \% on input line 435.
LaTeX Info: Redefining \sptext on input line 436.
LaTeX Info: Redefining \. on input line 436.
LaTeX Info: Redefining \% on input line 436.
LaTeX Info: Redefining \sptext on input line 437.
LaTeX Info: Redefining \. on input line 437.
LaTeX Info: Redefining \% on input line 437.
LaTeX Info: Redefining \sptext on input line 438.
LaTeX Info: Redefining \. on input line 438.
LaTeX Info: Redefining \% on input line 438.
LaTeX Info: Redefining \sptext on input line 439.
LaTeX Info: Redefining \. on input line 439.
LaTeX Info: Redefining \% on input line 439.
LaTeX Info: Redefining \sptext on input line 440.
LaTeX Info: Redefining \. on input line 440.
LaTeX Info: Redefining \% on input line 440.
LaTeX Info: Redefining \sptext on input line 441.
LaTeX Info: Redefining \. on input line 441.
LaTeX Info: Redefining \% on input line 441.
LaTeX Info: Redefining \sptext on input line 442.
LaTeX Info: Redefining \. on input line 442.
LaTeX Info: Redefining \% on input line 442.
LaTeX Info: Redefining \sptext on input line 443.
LaTeX Info: Redefining \. on input line 443.
LaTeX Info: Redefining \% on input line 443.
LaTeX Info: Redefining \sptext on input line 444.
LaTeX Info: Redefining \. on input line 444.
LaTeX Info: Redefining \% on input line 444.
LaTeX Info: Redefining \sptext on input line 445.
LaTeX Info: Redefining \. on input line 445.
LaTeX Info: Redefining \% on input line 445.
LaTeX Info: Redefining \sptext on input line 446.
LaTeX Info: Redefining \. on input line 446.
LaTeX Info: Redefining \% on input line 446.
LaTeX Info: Redefining \sptext on input line 447.
LaTeX Info: Redefining \. on input line 447.
LaTeX Info: Redefining \% on input line 447.
LaTeX Info: Redefining \sptext on input line 448.
LaTeX Info: Redefining \. on input line 448.
LaTeX Info: Redefining \% on input line 448.
LaTeX Info: Redefining \sptext on input line 449.
LaTeX Info: Redefining \. on input line 449.
LaTeX Info: Redefining \% on input line 449.
LaTeX Info: Redefining \sptext on input line 450.
LaTeX Info: Redefining \. on input line 450.
LaTeX Info: Redefining \% on input line 450.
LaTeX Info: Redefining \sptext on input line 451.
LaTeX Info: Redefining \. on input line 451.
LaTeX Info: Redefining \% on input line 451.
LaTeX Info: Redefining \sptext on input line 452.
LaTeX Info: Redefining \. on input line 452.
LaTeX Info: Redefining \% on input line 452.
LaTeX Info: Redefining \sptext on input line 453.
LaTeX Info: Redefining \. on input line 453.
LaTeX Info: Redefining \% on input line 453.
LaTeX Info: Redefining \sptext on input line 454.
LaTeX Info: Redefining \. on input line 454.
LaTeX Info: Redefining \% on input line 454.
LaTeX Info: Redefining \sptext on input line 455.
LaTeX Info: Redefining \. on input line 455.
LaTeX Info: Redefining \% on input line 455.
LaTeX Info: Redefining \sptext on input line 456.
LaTeX Info: Redefining \. on input line 456.
LaTeX Info: Redefining \% on input line 456.
LaTeX Info: Redefining \sptext on input line 457.
LaTeX Info: Redefining \. on input line 457.
LaTeX Info: Redefining \% on input line 457.
LaTeX Info: Redefining \sptext on input line 458.
LaTeX Info: Redefining \. on input line 458.
LaTeX Info: Redefining \% on input line 458.
LaTeX Info: Redefining \sptext on input line 459.
LaTeX Info: Redefining \. on input line 459.
LaTeX Info: Redefining \% on input line 459.
LaTeX Info: Redefining \sptext on input line 460.
LaTeX Info: Redefining \. on input line 460.
LaTeX Info: Redefining \% on input line 460.
LaTeX Info: Redefining \sptext on input line 461.
LaTeX Info: Redefining \. on input line 461.
LaTeX Info: Redefining \% on input line 461.
LaTeX Info: Redefining \sptext on input line 462.
LaTeX Info: Redefining \. on input line 462.
LaTeX Info: Redefining \% on input line 462.
LaTeX Info: Redefining \sptext on input line 463.
LaTeX Info: Redefining \. on input line 463.
LaTeX Info: Redefining \% on input line 463.
LaTeX Info: Redefining \sptext on input line 464.
LaTeX Info: Redefining \. on input line 464.
LaTeX Info: Redefining \% on input line 464.
LaTeX Info: Redefining \sptext on input line 465.
LaTeX Info: Redefining \. on input line 465.
LaTeX Info: Redefining \% on input line 465.
LaTeX Info: Redefining \sptext on input line 466.
LaTeX Info: Redefining \. on input line 466.
LaTeX Info: Redefining \% on input line 466.
LaTeX Info: Redefining \sptext on input line 467.
LaTeX Info: Redefining \. on input line 467.
LaTeX Info: Redefining \% on input line 467.
LaTeX Info: Redefining \sptext on input line 468.
LaTeX Info: Redefining \. on input line 468.
LaTeX Info: Redefining \% on input line 468.
LaTeX Info: Redefining \sptext on input line 469.
LaTeX Info: Redefining \. on input line 469.
LaTeX Info: Redefining \% on input line 469.
LaTeX Info: Redefining \sptext on input line 470.
LaTeX Info: Redefining \. on input line 470.
LaTeX Info: Redefining \% on input line 470.
LaTeX Info: Redefining \sptext on input line 471.
LaTeX Info: Redefining \. on input line 471.
LaTeX Info: Redefining \% on input line 471.
LaTeX Info: Redefining \sptext on input line 472.
LaTeX Info: Redefining \. on input line 472.
LaTeX Info: Redefining \% on input line 472.
LaTeX Info: Redefining \sptext on input line 473.
LaTeX Info: Redefining \. on input line 473.
LaTeX Info: Redefining \% on input line 473.
LaTeX Info: Redefining \sptext on input line 474.
LaTeX Info: Redefining \. on input line 474.
LaTeX Info: Redefining \% on input line 474.
LaTeX Info: Redefining \sptext on input line 475.
LaTeX Info: Redefining \. on input line 475.
LaTeX Info: Redefining \% on input line 475.
LaTeX Info: Redefining \sptext on input line 476.
LaTeX Info: Redefining \. on input line 476.
LaTeX Info: Redefining \% on input line 476.
LaTeX Info: Redefining \sptext on input line 477.
LaTeX Info: Redefining \. on input line 477.
LaTeX Info: Redefining \% on input line 477.
LaTeX Info: Redefining \sptext on input line 478.
LaTeX Info: Redefining \. on input line 478.
LaTeX Info: Redefining \% on input line 478.
LaTeX Info: Redefining \sptext on input line 479.
LaTeX Info: Redefining \. on input line 479.
LaTeX Info: Redefining \% on input line 479.
LaTeX Info: Redefining \sptext on input line 480.
LaTeX Info: Redefining \. on input line 480.
LaTeX Info: Redefining \% on input line 480.
LaTeX Info: Redefining \sptext on input line 481.
LaTeX Info: Redefining \. on input line 481.
LaTeX Info: Redefining \% on input line 481.
LaTeX Info: Redefining \sptext on input line 482.
LaTeX Info: Redefining \. on input line 482.
LaTeX Info: Redefining \% on input line 482.
LaTeX Info: Redefining \sptext on input line 483.
LaTeX Info: Redefining \. on input line 483.
LaTeX Info: Redefining \% on input line 483.
LaTeX Info: Redefining \sptext on input line 484.
LaTeX Info: Redefining \. on input line 484.
LaTeX Info: Redefining \% on input line 484.
LaTeX Info: Redefining \sptext on input line 485.
LaTeX Info: Redefining \. on input line 485.
LaTeX Info: Redefining \% on input line 485.
LaTeX Info: Redefining \sptext on input line 486.
LaTeX Info: Redefining \. on input line 486.
LaTeX Info: Redefining \% on input line 486.
LaTeX Info: Redefining \sptext on input line 487.
LaTeX Info: Redefining \. on input line 487.
LaTeX Info: Redefining \% on input line 487.
LaTeX Info: Redefining \sptext on input line 488.
LaTeX Info: Redefining \. on input line 488.
LaTeX Info: Redefining \% on input line 488.
LaTeX Info: Redefining \sptext on input line 489.
LaTeX Info: Redefining \. on input line 489.
LaTeX Info: Redefining \% on input line 489.
LaTeX Info: Redefining \sptext on input line 490.
LaTeX Info: Redefining \. on input line 490.
LaTeX Info: Redefining \% on input line 490.
LaTeX Info: Redefining \sptext on input line 491.
LaTeX Info: Redefining \. on input line 491.
LaTeX Info: Redefining \% on input line 491.
LaTeX Info: Redefining \sptext on input line 492.
LaTeX Info: Redefining \. on input line 492.
LaTeX Info: Redefining \% on input line 492.
LaTeX Info: Redefining \sptext on input line 494.
LaTeX Info: Redefining \. on input line 494.
LaTeX Info: Redefining \% on input line 494.
LaTeX Info: Redefining \sptext on input line 495.
LaTeX Info: Redefining \. on input line 495.
LaTeX Info: Redefining \% on input line 495.
LaTeX Info: Redefining \sptext on input line 496.
LaTeX Info: Redefining \. on input line 496.
LaTeX Info: Redefining \% on input line 496.
LaTeX Info: Redefining \sptext on input line 497.
LaTeX Info: Redefining \. on input line 497.
LaTeX Info: Redefining \% on input line 497.
LaTeX Info: Redefining \sptext on input line 498.
LaTeX Info: Redefining \. on input line 498.
LaTeX Info: Redefining \% on input line 498.
LaTeX Info: Redefining \sptext on input line 499.
LaTeX Info: Redefining \. on input line 499.
LaTeX Info: Redefining \% on input line 499.
LaTeX Info: Redefining \sptext on input line 500.
LaTeX Info: Redefining \. on input line 500.
LaTeX Info: Redefining \% on input line 500.
LaTeX Info: Redefining \sptext on input line 501.
LaTeX Info: Redefining \. on input line 501.
LaTeX Info: Redefining \% on input line 501.
LaTeX Info: Redefining \sptext on input line 502.
LaTeX Info: Redefining \. on input line 502.
LaTeX Info: Redefining \% on input line 502.
LaTeX Info: Redefining \sptext on input line 503.
LaTeX Info: Redefining \. on input line 503.
LaTeX Info: Redefining \% on input line 503.
)
\tf@toc=\write7
\openout7 = `main.toc'.

File: ./images/UADE_LARGE.png Graphic file (type png)
<use ./images/UADE_LARGE.png>
Package pdftex.def Info: ./images/UADE_LARGE.png  used on input line 249.
(pdftex.def)             Requested size: 105.2751pt x 36.8594pt.

Overfull \vbox (36.8594pt too high) has occurred while \output is active []


[7] (main.lof
LaTeX Info: Redefining \sptext on input line 1.
LaTeX Info: Redefining \. on input line 1.
LaTeX Info: Redefining \% on input line 1.
LaTeX Info: Redefining \sptext on input line 8.
LaTeX Info: Redefining \. on input line 8.
LaTeX Info: Redefining \% on input line 8.
LaTeX Info: Redefining \sptext on input line 9.
LaTeX Info: Redefining \. on input line 9.
LaTeX Info: Redefining \% on input line 9.
LaTeX Info: Redefining \sptext on input line 10.
LaTeX Info: Redefining \. on input line 10.
LaTeX Info: Redefining \% on input line 10.
LaTeX Info: Redefining \sptext on input line 11.
LaTeX Info: Redefining \. on input line 11.
LaTeX Info: Redefining \% on input line 11.
LaTeX Info: Redefining \sptext on input line 12.
LaTeX Info: Redefining \. on input line 12.
LaTeX Info: Redefining \% on input line 12.
LaTeX Info: Redefining \sptext on input line 13.
LaTeX Info: Redefining \. on input line 13.
LaTeX Info: Redefining \% on input line 13.
LaTeX Info: Redefining \sptext on input line 14.
LaTeX Info: Redefining \. on input line 14.
LaTeX Info: Redefining \% on input line 14.
LaTeX Info: Redefining \sptext on input line 15.
LaTeX Info: Redefining \. on input line 15.
LaTeX Info: Redefining \% on input line 15.
LaTeX Info: Redefining \sptext on input line 16.
LaTeX Info: Redefining \. on input line 16.
LaTeX Info: Redefining \% on input line 16.
LaTeX Info: Redefining \sptext on input line 17.
LaTeX Info: Redefining \. on input line 17.
LaTeX Info: Redefining \% on input line 17.
LaTeX Info: Redefining \sptext on input line 18.
LaTeX Info: Redefining \. on input line 18.
LaTeX Info: Redefining \% on input line 18.
LaTeX Info: Redefining \sptext on input line 19.
LaTeX Info: Redefining \. on input line 19.
LaTeX Info: Redefining \% on input line 19.
LaTeX Info: Redefining \sptext on input line 20.
LaTeX Info: Redefining \. on input line 20.
LaTeX Info: Redefining \% on input line 20.
LaTeX Info: Redefining \sptext on input line 21.
LaTeX Info: Redefining \. on input line 21.
LaTeX Info: Redefining \% on input line 21.
LaTeX Info: Redefining \sptext on input line 22.
LaTeX Info: Redefining \. on input line 22.
LaTeX Info: Redefining \% on input line 22.
LaTeX Info: Redefining \sptext on input line 23.
LaTeX Info: Redefining \. on input line 23.
LaTeX Info: Redefining \% on input line 23.
LaTeX Info: Redefining \sptext on input line 24.
LaTeX Info: Redefining \. on input line 24.
LaTeX Info: Redefining \% on input line 24.
LaTeX Info: Redefining \sptext on input line 25.
LaTeX Info: Redefining \. on input line 25.
LaTeX Info: Redefining \% on input line 25.
LaTeX Info: Redefining \sptext on input line 26.
LaTeX Info: Redefining \. on input line 26.
LaTeX Info: Redefining \% on input line 26.
LaTeX Info: Redefining \sptext on input line 27.
LaTeX Info: Redefining \. on input line 27.
LaTeX Info: Redefining \% on input line 27.
LaTeX Info: Redefining \sptext on input line 28.
LaTeX Info: Redefining \. on input line 28.
LaTeX Info: Redefining \% on input line 28.
LaTeX Info: Redefining \sptext on input line 29.
LaTeX Info: Redefining \. on input line 29.
LaTeX Info: Redefining \% on input line 29.
LaTeX Info: Redefining \sptext on input line 30.
LaTeX Info: Redefining \. on input line 30.
LaTeX Info: Redefining \% on input line 30.
LaTeX Info: Redefining \sptext on input line 31.
LaTeX Info: Redefining \. on input line 31.
LaTeX Info: Redefining \% on input line 31.
LaTeX Info: Redefining \sptext on input line 32.
LaTeX Info: Redefining \. on input line 32.
LaTeX Info: Redefining \% on input line 32.
LaTeX Info: Redefining \sptext on input line 33.
LaTeX Info: Redefining \. on input line 33.
LaTeX Info: Redefining \% on input line 33.
LaTeX Info: Redefining \sptext on input line 34.
LaTeX Info: Redefining \. on input line 34.
LaTeX Info: Redefining \% on input line 34.
LaTeX Info: Redefining \sptext on input line 35.
LaTeX Info: Redefining \. on input line 35.
LaTeX Info: Redefining \% on input line 35.
LaTeX Info: Redefining \sptext on input line 37.
LaTeX Info: Redefining \. on input line 37.
LaTeX Info: Redefining \% on input line 37.
LaTeX Info: Redefining \sptext on input line 38.
LaTeX Info: Redefining \. on input line 38.
LaTeX Info: Redefining \% on input line 38.
LaTeX Info: Redefining \sptext on input line 39.
LaTeX Info: Redefining \. on input line 39.
LaTeX Info: Redefining \% on input line 39.
LaTeX Info: Redefining \sptext on input line 40.
LaTeX Info: Redefining \. on input line 40.
LaTeX Info: Redefining \% on input line 40.
LaTeX Info: Redefining \sptext on input line 41.
LaTeX Info: Redefining \. on input line 41.
LaTeX Info: Redefining \% on input line 41.
LaTeX Info: Redefining \sptext on input line 42.
LaTeX Info: Redefining \. on input line 42.
LaTeX Info: Redefining \% on input line 42.
LaTeX Info: Redefining \sptext on input line 43.
LaTeX Info: Redefining \. on input line 43.
LaTeX Info: Redefining \% on input line 43.
LaTeX Info: Redefining \sptext on input line 44.
LaTeX Info: Redefining \. on input line 44.
LaTeX Info: Redefining \% on input line 44.
LaTeX Info: Redefining \sptext on input line 45.
LaTeX Info: Redefining \. on input line 45.
LaTeX Info: Redefining \% on input line 45.
LaTeX Info: Redefining \sptext on input line 46.
LaTeX Info: Redefining \. on input line 46.
LaTeX Info: Redefining \% on input line 46.
LaTeX Info: Redefining \sptext on input line 47.
LaTeX Info: Redefining \. on input line 47.
LaTeX Info: Redefining \% on input line 47.
LaTeX Info: Redefining \sptext on input line 48.
LaTeX Info: Redefining \. on input line 48.
LaTeX Info: Redefining \% on input line 48.
LaTeX Info: Redefining \sptext on input line 49.
LaTeX Info: Redefining \. on input line 49.
LaTeX Info: Redefining \% on input line 49.
LaTeX Info: Redefining \sptext on input line 50.
LaTeX Info: Redefining \. on input line 50.
LaTeX Info: Redefining \% on input line 50.
LaTeX Info: Redefining \sptext on input line 51.
LaTeX Info: Redefining \. on input line 51.
LaTeX Info: Redefining \% on input line 51.
LaTeX Info: Redefining \sptext on input line 52.
LaTeX Info: Redefining \. on input line 52.
LaTeX Info: Redefining \% on input line 52.
LaTeX Info: Redefining \sptext on input line 53.
LaTeX Info: Redefining \. on input line 53.
LaTeX Info: Redefining \% on input line 53.
LaTeX Info: Redefining \sptext on input line 54.
LaTeX Info: Redefining \. on input line 54.
LaTeX Info: Redefining \% on input line 54.
LaTeX Info: Redefining \sptext on input line 55.
LaTeX Info: Redefining \. on input line 55.
LaTeX Info: Redefining \% on input line 55.
LaTeX Info: Redefining \sptext on input line 56.
LaTeX Info: Redefining \. on input line 56.
LaTeX Info: Redefining \% on input line 56.
LaTeX Info: Redefining \sptext on input line 57.
LaTeX Info: Redefining \. on input line 57.
LaTeX Info: Redefining \% on input line 57.
LaTeX Info: Redefining \sptext on input line 58.
LaTeX Info: Redefining \. on input line 58.
LaTeX Info: Redefining \% on input line 58.
LaTeX Info: Redefining \sptext on input line 59.
LaTeX Info: Redefining \. on input line 59.
LaTeX Info: Redefining \% on input line 59.
LaTeX Info: Redefining \sptext on input line 60.
LaTeX Info: Redefining \. on input line 60.
LaTeX Info: Redefining \% on input line 60.
LaTeX Info: Redefining \sptext on input line 61.
LaTeX Info: Redefining \. on input line 61.
LaTeX Info: Redefining \% on input line 61.
LaTeX Info: Redefining \sptext on input line 62.
LaTeX Info: Redefining \. on input line 62.
LaTeX Info: Redefining \% on input line 62.
LaTeX Info: Redefining \sptext on input line 63.
LaTeX Info: Redefining \. on input line 63.
LaTeX Info: Redefining \% on input line 63.
LaTeX Info: Redefining \sptext on input line 64.
LaTeX Info: Redefining \. on input line 64.
LaTeX Info: Redefining \% on input line 64.
LaTeX Info: Redefining \sptext on input line 65.
LaTeX Info: Redefining \. on input line 65.
LaTeX Info: Redefining \% on input line 65.
LaTeX Info: Redefining \sptext on input line 66.
LaTeX Info: Redefining \. on input line 66.
LaTeX Info: Redefining \% on input line 66.
LaTeX Info: Redefining \sptext on input line 67.
LaTeX Info: Redefining \. on input line 67.
LaTeX Info: Redefining \% on input line 67.
LaTeX Info: Redefining \sptext on input line 68.
LaTeX Info: Redefining \. on input line 68.
LaTeX Info: Redefining \% on input line 68.
LaTeX Info: Redefining \sptext on input line 69.
LaTeX Info: Redefining \. on input line 69.
LaTeX Info: Redefining \% on input line 69.
LaTeX Info: Redefining \sptext on input line 70.
LaTeX Info: Redefining \. on input line 70.
LaTeX Info: Redefining \% on input line 70.
LaTeX Info: Redefining \sptext on input line 71.
LaTeX Info: Redefining \. on input line 71.
LaTeX Info: Redefining \% on input line 71.
LaTeX Info: Redefining \sptext on input line 72.
LaTeX Info: Redefining \. on input line 72.
LaTeX Info: Redefining \% on input line 72.
LaTeX Info: Redefining \sptext on input line 73.
LaTeX Info: Redefining \. on input line 73.
LaTeX Info: Redefining \% on input line 73.
LaTeX Info: Redefining \sptext on input line 74.
LaTeX Info: Redefining \. on input line 74.
LaTeX Info: Redefining \% on input line 74.
LaTeX Info: Redefining \sptext on input line 75.
LaTeX Info: Redefining \. on input line 75.
LaTeX Info: Redefining \% on input line 75.
LaTeX Info: Redefining \sptext on input line 76.
LaTeX Info: Redefining \. on input line 76.
LaTeX Info: Redefining \% on input line 76.
LaTeX Info: Redefining \sptext on input line 77.
LaTeX Info: Redefining \. on input line 77.
LaTeX Info: Redefining \% on input line 77.
LaTeX Info: Redefining \sptext on input line 78.
LaTeX Info: Redefining \. on input line 78.
LaTeX Info: Redefining \% on input line 78.
LaTeX Info: Redefining \sptext on input line 79.
LaTeX Info: Redefining \. on input line 79.
LaTeX Info: Redefining \% on input line 79.
LaTeX Info: Redefining \sptext on input line 80.
LaTeX Info: Redefining \. on input line 80.
LaTeX Info: Redefining \% on input line 80.
LaTeX Info: Redefining \sptext on input line 81.
LaTeX Info: Redefining \. on input line 81.
LaTeX Info: Redefining \% on input line 81.
LaTeX Info: Redefining \sptext on input line 82.
LaTeX Info: Redefining \. on input line 82.
LaTeX Info: Redefining \% on input line 82.
LaTeX Info: Redefining \sptext on input line 83.
LaTeX Info: Redefining \. on input line 83.
LaTeX Info: Redefining \% on input line 83.
LaTeX Info: Redefining \sptext on input line 84.
LaTeX Info: Redefining \. on input line 84.
LaTeX Info: Redefining \% on input line 84.
LaTeX Info: Redefining \sptext on input line 85.
LaTeX Info: Redefining \. on input line 85.
LaTeX Info: Redefining \% on input line 85.
LaTeX Info: Redefining \sptext on input line 86.
LaTeX Info: Redefining \. on input line 86.
LaTeX Info: Redefining \% on input line 86.
LaTeX Info: Redefining \sptext on input line 87.
LaTeX Info: Redefining \. on input line 87.
LaTeX Info: Redefining \% on input line 87.
LaTeX Info: Redefining \sptext on input line 88.
LaTeX Info: Redefining \. on input line 88.
LaTeX Info: Redefining \% on input line 88.
LaTeX Info: Redefining \sptext on input line 89.
LaTeX Info: Redefining \. on input line 89.
LaTeX Info: Redefining \% on input line 89.
LaTeX Info: Redefining \sptext on input line 90.
LaTeX Info: Redefining \. on input line 90.
LaTeX Info: Redefining \% on input line 90.
LaTeX Info: Redefining \sptext on input line 91.
LaTeX Info: Redefining \. on input line 91.
LaTeX Info: Redefining \% on input line 91.
LaTeX Info: Redefining \sptext on input line 92.
LaTeX Info: Redefining \. on input line 92.
LaTeX Info: Redefining \% on input line 92.
LaTeX Info: Redefining \sptext on input line 93.
LaTeX Info: Redefining \. on input line 93.
LaTeX Info: Redefining \% on input line 93.
LaTeX Info: Redefining \sptext on input line 94.
LaTeX Info: Redefining \. on input line 94.
LaTeX Info: Redefining \% on input line 94.
LaTeX Info: Redefining \sptext on input line 95.
LaTeX Info: Redefining \. on input line 95.
LaTeX Info: Redefining \% on input line 95.
LaTeX Info: Redefining \sptext on input line 96.
LaTeX Info: Redefining \. on input line 96.
LaTeX Info: Redefining \% on input line 96.
LaTeX Info: Redefining \sptext on input line 97.
LaTeX Info: Redefining \. on input line 97.
LaTeX Info: Redefining \% on input line 97.
LaTeX Info: Redefining \sptext on input line 98.
LaTeX Info: Redefining \. on input line 98.
LaTeX Info: Redefining \% on input line 98.
LaTeX Info: Redefining \sptext on input line 100.
LaTeX Info: Redefining \. on input line 100.
LaTeX Info: Redefining \% on input line 100.
LaTeX Info: Redefining \sptext on input line 101.
LaTeX Info: Redefining \. on input line 101.
LaTeX Info: Redefining \% on input line 101.
LaTeX Info: Redefining \sptext on input line 102.
LaTeX Info: Redefining \. on input line 102.
LaTeX Info: Redefining \% on input line 102.
LaTeX Info: Redefining \sptext on input line 103.
LaTeX Info: Redefining \. on input line 103.
LaTeX Info: Redefining \% on input line 103.
LaTeX Info: Redefining \sptext on input line 108.
LaTeX Info: Redefining \. on input line 108.
LaTeX Info: Redefining \% on input line 108.
LaTeX Info: Redefining \sptext on input line 109.
LaTeX Info: Redefining \. on input line 109.
LaTeX Info: Redefining \% on input line 109.
LaTeX Info: Redefining \sptext on input line 120.
LaTeX Info: Redefining \. on input line 120.
LaTeX Info: Redefining \% on input line 120.
LaTeX Info: Redefining \sptext on input line 121.
LaTeX Info: Redefining \. on input line 121.
LaTeX Info: Redefining \% on input line 121.
LaTeX Info: Redefining \sptext on input line 134.
LaTeX Info: Redefining \. on input line 134.
LaTeX Info: Redefining \% on input line 134.
LaTeX Info: Redefining \sptext on input line 135.
LaTeX Info: Redefining \. on input line 135.
LaTeX Info: Redefining \% on input line 135.
LaTeX Info: Redefining \sptext on input line 136.
LaTeX Info: Redefining \. on input line 136.
LaTeX Info: Redefining \% on input line 136.
LaTeX Info: Redefining \sptext on input line 137.
LaTeX Info: Redefining \. on input line 137.
LaTeX Info: Redefining \% on input line 137.
LaTeX Info: Redefining \sptext on input line 138.
LaTeX Info: Redefining \. on input line 138.
LaTeX Info: Redefining \% on input line 138.
LaTeX Info: Redefining \sptext on input line 139.
LaTeX Info: Redefining \. on input line 139.
LaTeX Info: Redefining \% on input line 139.
LaTeX Info: Redefining \sptext on input line 140.
LaTeX Info: Redefining \. on input line 140.
LaTeX Info: Redefining \% on input line 140.
LaTeX Info: Redefining \sptext on input line 141.
LaTeX Info: Redefining \. on input line 141.
LaTeX Info: Redefining \% on input line 141.
LaTeX Info: Redefining \sptext on input line 142.
LaTeX Info: Redefining \. on input line 142.
LaTeX Info: Redefining \% on input line 142.
LaTeX Info: Redefining \sptext on input line 143.
LaTeX Info: Redefining \. on input line 143.
LaTeX Info: Redefining \% on input line 143.
LaTeX Info: Redefining \sptext on input line 144.
LaTeX Info: Redefining \. on input line 144.
LaTeX Info: Redefining \% on input line 144.
LaTeX Info: Redefining \sptext on input line 145.
LaTeX Info: Redefining \. on input line 145.
LaTeX Info: Redefining \% on input line 145.
LaTeX Info: Redefining \sptext on input line 146.
LaTeX Info: Redefining \. on input line 146.
LaTeX Info: Redefining \% on input line 146.
LaTeX Info: Redefining \sptext on input line 147.
LaTeX Info: Redefining \. on input line 147.
LaTeX Info: Redefining \% on input line 147.
LaTeX Info: Redefining \sptext on input line 148.
LaTeX Info: Redefining \. on input line 148.
LaTeX Info: Redefining \% on input line 148.
LaTeX Info: Redefining \sptext on input line 149.
LaTeX Info: Redefining \. on input line 149.
LaTeX Info: Redefining \% on input line 149.
LaTeX Info: Redefining \sptext on input line 150.
LaTeX Info: Redefining \. on input line 150.
LaTeX Info: Redefining \% on input line 150.
LaTeX Info: Redefining \sptext on input line 151.
LaTeX Info: Redefining \. on input line 151.
LaTeX Info: Redefining \% on input line 151.
LaTeX Info: Redefining \sptext on input line 152.
LaTeX Info: Redefining \. on input line 152.
LaTeX Info: Redefining \% on input line 152.
LaTeX Info: Redefining \sptext on input line 153.
LaTeX Info: Redefining \. on input line 153.
LaTeX Info: Redefining \% on input line 153.
LaTeX Info: Redefining \sptext on input line 154.
LaTeX Info: Redefining \. on input line 154.
LaTeX Info: Redefining \% on input line 154.
LaTeX Info: Redefining \sptext on input line 155.
LaTeX Info: Redefining \. on input line 155.
LaTeX Info: Redefining \% on input line 155.
LaTeX Info: Redefining \sptext on input line 156.
LaTeX Info: Redefining \. on input line 156.
LaTeX Info: Redefining \% on input line 156.
LaTeX Info: Redefining \sptext on input line 157.
LaTeX Info: Redefining \. on input line 157.
LaTeX Info: Redefining \% on input line 157.
LaTeX Info: Redefining \sptext on input line 158.
LaTeX Info: Redefining \. on input line 158.
LaTeX Info: Redefining \% on input line 158.
LaTeX Info: Redefining \sptext on input line 159.
LaTeX Info: Redefining \. on input line 159.
LaTeX Info: Redefining \% on input line 159.
LaTeX Info: Redefining \sptext on input line 160.
LaTeX Info: Redefining \. on input line 160.
LaTeX Info: Redefining \% on input line 160.
LaTeX Info: Redefining \sptext on input line 161.
LaTeX Info: Redefining \. on input line 161.
LaTeX Info: Redefining \% on input line 161.
LaTeX Info: Redefining \sptext on input line 162.
LaTeX Info: Redefining \. on input line 162.
LaTeX Info: Redefining \% on input line 162.
LaTeX Info: Redefining \sptext on input line 163.
LaTeX Info: Redefining \. on input line 163.
LaTeX Info: Redefining \% on input line 163.
LaTeX Info: Redefining \sptext on input line 164.
LaTeX Info: Redefining \. on input line 164.
LaTeX Info: Redefining \% on input line 164.
LaTeX Info: Redefining \sptext on input line 165.
LaTeX Info: Redefining \. on input line 165.
LaTeX Info: Redefining \% on input line 165.
LaTeX Info: Redefining \sptext on input line 166.
LaTeX Info: Redefining \. on input line 166.
LaTeX Info: Redefining \% on input line 166.
LaTeX Info: Redefining \sptext on input line 167.
LaTeX Info: Redefining \. on input line 167.
LaTeX Info: Redefining \% on input line 167.
LaTeX Info: Redefining \sptext on input line 168.
LaTeX Info: Redefining \. on input line 168.
LaTeX Info: Redefining \% on input line 168.
LaTeX Info: Redefining \sptext on input line 169.
LaTeX Info: Redefining \. on input line 169.
LaTeX Info: Redefining \% on input line 169.
LaTeX Info: Redefining \sptext on input line 170.
LaTeX Info: Redefining \. on input line 170.
LaTeX Info: Redefining \% on input line 170.
LaTeX Info: Redefining \sptext on input line 171.
LaTeX Info: Redefining \. on input line 171.
LaTeX Info: Redefining \% on input line 171.
LaTeX Info: Redefining \sptext on input line 172.
LaTeX Info: Redefining \. on input line 172.
LaTeX Info: Redefining \% on input line 172.
LaTeX Info: Redefining \sptext on input line 173.
LaTeX Info: Redefining \. on input line 173.
LaTeX Info: Redefining \% on input line 173.
LaTeX Info: Redefining \sptext on input line 174.
LaTeX Info: Redefining \. on input line 174.
LaTeX Info: Redefining \% on input line 174.
LaTeX Info: Redefining \sptext on input line 175.
LaTeX Info: Redefining \. on input line 175.
LaTeX Info: Redefining \% on input line 175.
LaTeX Info: Redefining \sptext on input line 176.
LaTeX Info: Redefining \. on input line 176.
LaTeX Info: Redefining \% on input line 176.
LaTeX Info: Redefining \sptext on input line 177.
LaTeX Info: Redefining \. on input line 177.
LaTeX Info: Redefining \% on input line 177.
LaTeX Info: Redefining \sptext on input line 178.
LaTeX Info: Redefining \. on input line 178.
LaTeX Info: Redefining \% on input line 178.
LaTeX Info: Redefining \sptext on input line 179.
LaTeX Info: Redefining \. on input line 179.
LaTeX Info: Redefining \% on input line 179.
LaTeX Info: Redefining \sptext on input line 180.
LaTeX Info: Redefining \. on input line 180.
LaTeX Info: Redefining \% on input line 180.
LaTeX Info: Redefining \sptext on input line 181.
LaTeX Info: Redefining \. on input line 181.
LaTeX Info: Redefining \% on input line 181.
LaTeX Info: Redefining \sptext on input line 182.
LaTeX Info: Redefining \. on input line 182.
LaTeX Info: Redefining \% on input line 182.
LaTeX Info: Redefining \sptext on input line 183.
LaTeX Info: Redefining \. on input line 183.
LaTeX Info: Redefining \% on input line 183.
LaTeX Info: Redefining \sptext on input line 184.
LaTeX Info: Redefining \. on input line 184.
LaTeX Info: Redefining \% on input line 184.
LaTeX Info: Redefining \sptext on input line 185.
LaTeX Info: Redefining \. on input line 185.
LaTeX Info: Redefining \% on input line 185.
LaTeX Info: Redefining \sptext on input line 186.
LaTeX Info: Redefining \. on input line 186.
LaTeX Info: Redefining \% on input line 186.
LaTeX Info: Redefining \sptext on input line 187.
LaTeX Info: Redefining \. on input line 187.
LaTeX Info: Redefining \% on input line 187.
LaTeX Info: Redefining \sptext on input line 188.
LaTeX Info: Redefining \. on input line 188.
LaTeX Info: Redefining \% on input line 188.
LaTeX Info: Redefining \sptext on input line 189.
LaTeX Info: Redefining \. on input line 189.
LaTeX Info: Redefining \% on input line 189.
LaTeX Info: Redefining \sptext on input line 190.
LaTeX Info: Redefining \. on input line 190.
LaTeX Info: Redefining \% on input line 190.
LaTeX Info: Redefining \sptext on input line 191.
LaTeX Info: Redefining \. on input line 191.
LaTeX Info: Redefining \% on input line 191.
LaTeX Info: Redefining \sptext on input line 192.
LaTeX Info: Redefining \. on input line 192.
LaTeX Info: Redefining \% on input line 192.
LaTeX Info: Redefining \sptext on input line 193.
LaTeX Info: Redefining \. on input line 193.
LaTeX Info: Redefining \% on input line 193.
LaTeX Info: Redefining \sptext on input line 194.
LaTeX Info: Redefining \. on input line 194.
LaTeX Info: Redefining \% on input line 194.
LaTeX Info: Redefining \sptext on input line 195.
LaTeX Info: Redefining \. on input line 195.
LaTeX Info: Redefining \% on input line 195.
LaTeX Info: Redefining \sptext on input line 196.
LaTeX Info: Redefining \. on input line 196.
LaTeX Info: Redefining \% on input line 196.
LaTeX Info: Redefining \sptext on input line 197.
LaTeX Info: Redefining \. on input line 197.
LaTeX Info: Redefining \% on input line 197.
LaTeX Info: Redefining \sptext on input line 198.
LaTeX Info: Redefining \. on input line 198.
LaTeX Info: Redefining \% on input line 198.
LaTeX Info: Redefining \sptext on input line 199.
LaTeX Info: Redefining \. on input line 199.
LaTeX Info: Redefining \% on input line 199.
LaTeX Info: Redefining \sptext on input line 200.
LaTeX Info: Redefining \. on input line 200.
LaTeX Info: Redefining \% on input line 200.
LaTeX Info: Redefining \sptext on input line 201.
LaTeX Info: Redefining \. on input line 201.
LaTeX Info: Redefining \% on input line 201.
LaTeX Info: Redefining \sptext on input line 202.
LaTeX Info: Redefining \. on input line 202.
LaTeX Info: Redefining \% on input line 202.
LaTeX Info: Redefining \sptext on input line 203.
LaTeX Info: Redefining \. on input line 203.
LaTeX Info: Redefining \% on input line 203.
LaTeX Info: Redefining \sptext on input line 204.
LaTeX Info: Redefining \. on input line 204.
LaTeX Info: Redefining \% on input line 204.
LaTeX Info: Redefining \sptext on input line 205.
LaTeX Info: Redefining \. on input line 205.
LaTeX Info: Redefining \% on input line 205.
LaTeX Info: Redefining \sptext on input line 206.
LaTeX Info: Redefining \. on input line 206.
LaTeX Info: Redefining \% on input line 206.
LaTeX Info: Redefining \sptext on input line 207.
LaTeX Info: Redefining \. on input line 207.
LaTeX Info: Redefining \% on input line 207.
LaTeX Info: Redefining \sptext on input line 208.
LaTeX Info: Redefining \. on input line 208.
LaTeX Info: Redefining \% on input line 208.
LaTeX Info: Redefining \sptext on input line 209.
LaTeX Info: Redefining \. on input line 209.
LaTeX Info: Redefining \% on input line 209.
LaTeX Info: Redefining \sptext on input line 210.
LaTeX Info: Redefining \. on input line 210.
LaTeX Info: Redefining \% on input line 210.
LaTeX Info: Redefining \sptext on input line 211.
LaTeX Info: Redefining \. on input line 211.
LaTeX Info: Redefining \% on input line 211.
LaTeX Info: Redefining \sptext on input line 212.
LaTeX Info: Redefining \. on input line 212.
LaTeX Info: Redefining \% on input line 212.
LaTeX Info: Redefining \sptext on input line 213.
LaTeX Info: Redefining \. on input line 213.
LaTeX Info: Redefining \% on input line 213.
LaTeX Info: Redefining \sptext on input line 214.
LaTeX Info: Redefining \. on input line 214.
LaTeX Info: Redefining \% on input line 214.
LaTeX Info: Redefining \sptext on input line 215.
LaTeX Info: Redefining \. on input line 215.
LaTeX Info: Redefining \% on input line 215.
LaTeX Info: Redefining \sptext on input line 216.
LaTeX Info: Redefining \. on input line 216.
LaTeX Info: Redefining \% on input line 216.
LaTeX Info: Redefining \sptext on input line 217.
LaTeX Info: Redefining \. on input line 217.
LaTeX Info: Redefining \% on input line 217.
LaTeX Info: Redefining \sptext on input line 218.
LaTeX Info: Redefining \. on input line 218.
LaTeX Info: Redefining \% on input line 218.
LaTeX Info: Redefining \sptext on input line 219.
LaTeX Info: Redefining \. on input line 219.
LaTeX Info: Redefining \% on input line 219.
LaTeX Info: Redefining \sptext on input line 220.
LaTeX Info: Redefining \. on input line 220.
LaTeX Info: Redefining \% on input line 220.
LaTeX Info: Redefining \sptext on input line 221.
LaTeX Info: Redefining \. on input line 221.
LaTeX Info: Redefining \% on input line 221.
LaTeX Info: Redefining \sptext on input line 222.
LaTeX Info: Redefining \. on input line 222.
LaTeX Info: Redefining \% on input line 222.
LaTeX Info: Redefining \sptext on input line 223.
LaTeX Info: Redefining \. on input line 223.
LaTeX Info: Redefining \% on input line 223.
LaTeX Info: Redefining \sptext on input line 224.
LaTeX Info: Redefining \. on input line 224.
LaTeX Info: Redefining \% on input line 224.
LaTeX Info: Redefining \sptext on input line 225.
LaTeX Info: Redefining \. on input line 225.
LaTeX Info: Redefining \% on input line 225.
LaTeX Info: Redefining \sptext on input line 226.
LaTeX Info: Redefining \. on input line 226.
LaTeX Info: Redefining \% on input line 226.
LaTeX Info: Redefining \sptext on input line 227.
LaTeX Info: Redefining \. on input line 227.
LaTeX Info: Redefining \% on input line 227.
LaTeX Info: Redefining \sptext on input line 228.
LaTeX Info: Redefining \. on input line 228.
LaTeX Info: Redefining \% on input line 228.
LaTeX Info: Redefining \sptext on input line 229.
LaTeX Info: Redefining \. on input line 229.
LaTeX Info: Redefining \% on input line 229.
LaTeX Info: Redefining \sptext on input line 230.
LaTeX Info: Redefining \. on input line 230.
LaTeX Info: Redefining \% on input line 230.
LaTeX Info: Redefining \sptext on input line 231.
LaTeX Info: Redefining \. on input line 231.
LaTeX Info: Redefining \% on input line 231.
LaTeX Info: Redefining \sptext on input line 232.
LaTeX Info: Redefining \. on input line 232.
LaTeX Info: Redefining \% on input line 232.
LaTeX Info: Redefining \sptext on input line 233.
LaTeX Info: Redefining \. on input line 233.
LaTeX Info: Redefining \% on input line 233.
LaTeX Info: Redefining \sptext on input line 234.
LaTeX Info: Redefining \. on input line 234.
LaTeX Info: Redefining \% on input line 234.
LaTeX Info: Redefining \sptext on input line 235.
LaTeX Info: Redefining \. on input line 235.
LaTeX Info: Redefining \% on input line 235.
LaTeX Info: Redefining \sptext on input line 236.
LaTeX Info: Redefining \. on input line 236.
LaTeX Info: Redefining \% on input line 236.
LaTeX Info: Redefining \sptext on input line 237.
LaTeX Info: Redefining \. on input line 237.
LaTeX Info: Redefining \% on input line 237.
LaTeX Info: Redefining \sptext on input line 238.
LaTeX Info: Redefining \. on input line 238.
LaTeX Info: Redefining \% on input line 238.
LaTeX Info: Redefining \sptext on input line 239.
LaTeX Info: Redefining \. on input line 239.
LaTeX Info: Redefining \% on input line 239.
LaTeX Info: Redefining \sptext on input line 240.
LaTeX Info: Redefining \. on input line 240.
LaTeX Info: Redefining \% on input line 240.
LaTeX Info: Redefining \sptext on input line 241.
LaTeX Info: Redefining \. on input line 241.
LaTeX Info: Redefining \% on input line 241.
LaTeX Info: Redefining \sptext on input line 242.
LaTeX Info: Redefining \. on input line 242.
LaTeX Info: Redefining \% on input line 242.
LaTeX Info: Redefining \sptext on input line 243.
LaTeX Info: Redefining \. on input line 243.
LaTeX Info: Redefining \% on input line 243.
LaTeX Info: Redefining \sptext on input line 244.
LaTeX Info: Redefining \. on input line 244.
LaTeX Info: Redefining \% on input line 244.
LaTeX Info: Redefining \sptext on input line 245.
LaTeX Info: Redefining \. on input line 245.
LaTeX Info: Redefining \% on input line 245.
LaTeX Info: Redefining \sptext on input line 246.
LaTeX Info: Redefining \. on input line 246.
LaTeX Info: Redefining \% on input line 246.
LaTeX Info: Redefining \sptext on input line 247.
LaTeX Info: Redefining \. on input line 247.
LaTeX Info: Redefining \% on input line 247.
LaTeX Info: Redefining \sptext on input line 248.
LaTeX Info: Redefining \. on input line 248.
LaTeX Info: Redefining \% on input line 248.
LaTeX Info: Redefining \sptext on input line 249.
LaTeX Info: Redefining \. on input line 249.
LaTeX Info: Redefining \% on input line 249.
LaTeX Info: Redefining \sptext on input line 250.
LaTeX Info: Redefining \. on input line 250.
LaTeX Info: Redefining \% on input line 250.
LaTeX Info: Redefining \sptext on input line 251.
LaTeX Info: Redefining \. on input line 251.
LaTeX Info: Redefining \% on input line 251.
LaTeX Info: Redefining \sptext on input line 252.
LaTeX Info: Redefining \. on input line 252.
LaTeX Info: Redefining \% on input line 252.
LaTeX Info: Redefining \sptext on input line 253.
LaTeX Info: Redefining \. on input line 253.
LaTeX Info: Redefining \% on input line 253.
LaTeX Info: Redefining \sptext on input line 254.
LaTeX Info: Redefining \. on input line 254.
LaTeX Info: Redefining \% on input line 254.
LaTeX Info: Redefining \sptext on input line 255.
LaTeX Info: Redefining \. on input line 255.
LaTeX Info: Redefining \% on input line 255.
LaTeX Info: Redefining \sptext on input line 256.
LaTeX Info: Redefining \. on input line 256.
LaTeX Info: Redefining \% on input line 256.
LaTeX Info: Redefining \sptext on input line 257.
LaTeX Info: Redefining \. on input line 257.
LaTeX Info: Redefining \% on input line 257.
LaTeX Info: Redefining \sptext on input line 258.
LaTeX Info: Redefining \. on input line 258.
LaTeX Info: Redefining \% on input line 258.
LaTeX Info: Redefining \sptext on input line 259.
LaTeX Info: Redefining \. on input line 259.
LaTeX Info: Redefining \% on input line 259.
LaTeX Info: Redefining \sptext on input line 260.
LaTeX Info: Redefining \. on input line 260.
LaTeX Info: Redefining \% on input line 260.
LaTeX Info: Redefining \sptext on input line 261.
LaTeX Info: Redefining \. on input line 261.
LaTeX Info: Redefining \% on input line 261.
LaTeX Info: Redefining \sptext on input line 262.
LaTeX Info: Redefining \. on input line 262.
LaTeX Info: Redefining \% on input line 262.
LaTeX Info: Redefining \sptext on input line 263.
LaTeX Info: Redefining \. on input line 263.
LaTeX Info: Redefining \% on input line 263.
LaTeX Info: Redefining \sptext on input line 264.
LaTeX Info: Redefining \. on input line 264.
LaTeX Info: Redefining \% on input line 264.
LaTeX Info: Redefining \sptext on input line 265.
LaTeX Info: Redefining \. on input line 265.
LaTeX Info: Redefining \% on input line 265.
LaTeX Info: Redefining \sptext on input line 266.
LaTeX Info: Redefining \. on input line 266.
LaTeX Info: Redefining \% on input line 266.
LaTeX Info: Redefining \sptext on input line 267.
LaTeX Info: Redefining \. on input line 267.
LaTeX Info: Redefining \% on input line 267.
LaTeX Info: Redefining \sptext on input line 268.
LaTeX Info: Redefining \. on input line 268.
LaTeX Info: Redefining \% on input line 268.
LaTeX Info: Redefining \sptext on input line 269.
LaTeX Info: Redefining \. on input line 269.
LaTeX Info: Redefining \% on input line 269.
LaTeX Info: Redefining \sptext on input line 270.
LaTeX Info: Redefining \. on input line 270.
LaTeX Info: Redefining \% on input line 270.
LaTeX Info: Redefining \sptext on input line 271.
LaTeX Info: Redefining \. on input line 271.
LaTeX Info: Redefining \% on input line 271.
LaTeX Info: Redefining \sptext on input line 272.
LaTeX Info: Redefining \. on input line 272.
LaTeX Info: Redefining \% on input line 272.
LaTeX Info: Redefining \sptext on input line 273.
LaTeX Info: Redefining \. on input line 273.
LaTeX Info: Redefining \% on input line 273.
LaTeX Info: Redefining \sptext on input line 274.
LaTeX Info: Redefining \. on input line 274.
LaTeX Info: Redefining \% on input line 274.
LaTeX Info: Redefining \sptext on input line 275.
LaTeX Info: Redefining \. on input line 275.
LaTeX Info: Redefining \% on input line 275.
LaTeX Info: Redefining \sptext on input line 276.
LaTeX Info: Redefining \. on input line 276.
LaTeX Info: Redefining \% on input line 276.
LaTeX Info: Redefining \sptext on input line 277.
LaTeX Info: Redefining \. on input line 277.
LaTeX Info: Redefining \% on input line 277.
LaTeX Info: Redefining \sptext on input line 278.
LaTeX Info: Redefining \. on input line 278.
LaTeX Info: Redefining \% on input line 278.
LaTeX Info: Redefining \sptext on input line 279.
LaTeX Info: Redefining \. on input line 279.
LaTeX Info: Redefining \% on input line 279.
LaTeX Info: Redefining \sptext on input line 280.
LaTeX Info: Redefining \. on input line 280.
LaTeX Info: Redefining \% on input line 280.
LaTeX Info: Redefining \sptext on input line 281.
LaTeX Info: Redefining \. on input line 281.
LaTeX Info: Redefining \% on input line 281.
LaTeX Info: Redefining \sptext on input line 282.
LaTeX Info: Redefining \. on input line 282.
LaTeX Info: Redefining \% on input line 282.
LaTeX Info: Redefining \sptext on input line 283.
LaTeX Info: Redefining \. on input line 283.
LaTeX Info: Redefining \% on input line 283.
LaTeX Info: Redefining \sptext on input line 284.
LaTeX Info: Redefining \. on input line 284.
LaTeX Info: Redefining \% on input line 284.
LaTeX Info: Redefining \sptext on input line 285.
LaTeX Info: Redefining \. on input line 285.
LaTeX Info: Redefining \% on input line 285.
LaTeX Info: Redefining \sptext on input line 286.
LaTeX Info: Redefining \. on input line 286.
LaTeX Info: Redefining \% on input line 286.
LaTeX Info: Redefining \sptext on input line 287.
LaTeX Info: Redefining \. on input line 287.
LaTeX Info: Redefining \% on input line 287.
LaTeX Info: Redefining \sptext on input line 288.
LaTeX Info: Redefining \. on input line 288.
LaTeX Info: Redefining \% on input line 288.
LaTeX Info: Redefining \sptext on input line 289.
LaTeX Info: Redefining \. on input line 289.
LaTeX Info: Redefining \% on input line 289.
LaTeX Info: Redefining \sptext on input line 290.
LaTeX Info: Redefining \. on input line 290.
LaTeX Info: Redefining \% on input line 290.
LaTeX Info: Redefining \sptext on input line 291.
LaTeX Info: Redefining \. on input line 291.
LaTeX Info: Redefining \% on input line 291.
LaTeX Info: Redefining \sptext on input line 292.
LaTeX Info: Redefining \. on input line 292.
LaTeX Info: Redefining \% on input line 292.
LaTeX Info: Redefining \sptext on input line 293.
LaTeX Info: Redefining \. on input line 293.
LaTeX Info: Redefining \% on input line 293.
LaTeX Info: Redefining \sptext on input line 294.
LaTeX Info: Redefining \. on input line 294.
LaTeX Info: Redefining \% on input line 294.
LaTeX Info: Redefining \sptext on input line 295.
LaTeX Info: Redefining \. on input line 295.
LaTeX Info: Redefining \% on input line 295.
LaTeX Info: Redefining \sptext on input line 296.
LaTeX Info: Redefining \. on input line 296.
LaTeX Info: Redefining \% on input line 296.
LaTeX Info: Redefining \sptext on input line 297.
LaTeX Info: Redefining \. on input line 297.
LaTeX Info: Redefining \% on input line 297.
LaTeX Info: Redefining \sptext on input line 298.
LaTeX Info: Redefining \. on input line 298.
LaTeX Info: Redefining \% on input line 298.
LaTeX Info: Redefining \sptext on input line 299.
LaTeX Info: Redefining \. on input line 299.
LaTeX Info: Redefining \% on input line 299.
LaTeX Info: Redefining \sptext on input line 300.
LaTeX Info: Redefining \. on input line 300.
LaTeX Info: Redefining \% on input line 300.
LaTeX Info: Redefining \sptext on input line 301.
LaTeX Info: Redefining \. on input line 301.
LaTeX Info: Redefining \% on input line 301.
LaTeX Info: Redefining \sptext on input line 302.
LaTeX Info: Redefining \. on input line 302.
LaTeX Info: Redefining \% on input line 302.
LaTeX Info: Redefining \sptext on input line 303.
LaTeX Info: Redefining \. on input line 303.
LaTeX Info: Redefining \% on input line 303.
LaTeX Info: Redefining \sptext on input line 304.
LaTeX Info: Redefining \. on input line 304.
LaTeX Info: Redefining \% on input line 304.
LaTeX Info: Redefining \sptext on input line 305.
LaTeX Info: Redefining \. on input line 305.
LaTeX Info: Redefining \% on input line 305.
LaTeX Info: Redefining \sptext on input line 306.
LaTeX Info: Redefining \. on input line 306.
LaTeX Info: Redefining \% on input line 306.
LaTeX Info: Redefining \sptext on input line 307.
LaTeX Info: Redefining \. on input line 307.
LaTeX Info: Redefining \% on input line 307.
LaTeX Info: Redefining \sptext on input line 308.
LaTeX Info: Redefining \. on input line 308.
LaTeX Info: Redefining \% on input line 308.
LaTeX Info: Redefining \sptext on input line 309.
LaTeX Info: Redefining \. on input line 309.
LaTeX Info: Redefining \% on input line 309.
LaTeX Info: Redefining \sptext on input line 310.
LaTeX Info: Redefining \. on input line 310.
LaTeX Info: Redefining \% on input line 310.
LaTeX Info: Redefining \sptext on input line 311.
LaTeX Info: Redefining \. on input line 311.
LaTeX Info: Redefining \% on input line 311.
LaTeX Info: Redefining \sptext on input line 312.
LaTeX Info: Redefining \. on input line 312.
LaTeX Info: Redefining \% on input line 312.
LaTeX Info: Redefining \sptext on input line 313.
LaTeX Info: Redefining \. on input line 313.
LaTeX Info: Redefining \% on input line 313.
LaTeX Info: Redefining \sptext on input line 314.
LaTeX Info: Redefining \. on input line 314.
LaTeX Info: Redefining \% on input line 314.
LaTeX Info: Redefining \sptext on input line 315.
LaTeX Info: Redefining \. on input line 315.
LaTeX Info: Redefining \% on input line 315.
LaTeX Info: Redefining \sptext on input line 316.
LaTeX Info: Redefining \. on input line 316.
LaTeX Info: Redefining \% on input line 316.
LaTeX Info: Redefining \sptext on input line 317.
LaTeX Info: Redefining \. on input line 317.
LaTeX Info: Redefining \% on input line 317.
LaTeX Info: Redefining \sptext on input line 318.
LaTeX Info: Redefining \. on input line 318.
LaTeX Info: Redefining \% on input line 318.
LaTeX Info: Redefining \sptext on input line 319.
LaTeX Info: Redefining \. on input line 319.
LaTeX Info: Redefining \% on input line 319.
LaTeX Info: Redefining \sptext on input line 320.
LaTeX Info: Redefining \. on input line 320.
LaTeX Info: Redefining \% on input line 320.
LaTeX Info: Redefining \sptext on input line 321.
LaTeX Info: Redefining \. on input line 321.
LaTeX Info: Redefining \% on input line 321.
LaTeX Info: Redefining \sptext on input line 322.
LaTeX Info: Redefining \. on input line 322.
LaTeX Info: Redefining \% on input line 322.
LaTeX Info: Redefining \sptext on input line 323.
LaTeX Info: Redefining \. on input line 323.
LaTeX Info: Redefining \% on input line 323.
LaTeX Info: Redefining \sptext on input line 324.
LaTeX Info: Redefining \. on input line 324.
LaTeX Info: Redefining \% on input line 324.
LaTeX Info: Redefining \sptext on input line 325.
LaTeX Info: Redefining \. on input line 325.
LaTeX Info: Redefining \% on input line 325.
LaTeX Info: Redefining \sptext on input line 326.
LaTeX Info: Redefining \. on input line 326.
LaTeX Info: Redefining \% on input line 326.
LaTeX Info: Redefining \sptext on input line 327.
LaTeX Info: Redefining \. on input line 327.
LaTeX Info: Redefining \% on input line 327.
LaTeX Info: Redefining \sptext on input line 328.
LaTeX Info: Redefining \. on input line 328.
LaTeX Info: Redefining \% on input line 328.
LaTeX Info: Redefining \sptext on input line 329.
LaTeX Info: Redefining \. on input line 329.
LaTeX Info: Redefining \% on input line 329.
LaTeX Info: Redefining \sptext on input line 330.
LaTeX Info: Redefining \. on input line 330.
LaTeX Info: Redefining \% on input line 330.
LaTeX Info: Redefining \sptext on input line 331.
LaTeX Info: Redefining \. on input line 331.
LaTeX Info: Redefining \% on input line 331.
)
\tf@lof=\write8
\openout8 = `main.lof'.

File: ./images/UADE_LARGE.png Graphic file (type png)
<use ./images/UADE_LARGE.png>
Package pdftex.def Info: ./images/UADE_LARGE.png  used on input line 251.
(pdftex.def)             Requested size: 105.2751pt x 36.8594pt.

Overfull \vbox (36.8594pt too high) has occurred while \output is active []


[8] (main.lot
LaTeX Info: Redefining \sptext on input line 1.
LaTeX Info: Redefining \. on input line 1.
LaTeX Info: Redefining \% on input line 1.
LaTeX Info: Redefining \sptext on input line 9.
LaTeX Info: Redefining \. on input line 9.
LaTeX Info: Redefining \% on input line 9.
LaTeX Info: Redefining \sptext on input line 10.
LaTeX Info: Redefining \. on input line 10.
LaTeX Info: Redefining \% on input line 10.
LaTeX Info: Redefining \sptext on input line 11.
LaTeX Info: Redefining \. on input line 11.
LaTeX Info: Redefining \% on input line 11.
LaTeX Info: Redefining \sptext on input line 12.
LaTeX Info: Redefining \. on input line 12.
LaTeX Info: Redefining \% on input line 12.
LaTeX Info: Redefining \sptext on input line 13.
LaTeX Info: Redefining \. on input line 13.
LaTeX Info: Redefining \% on input line 13.
LaTeX Info: Redefining \sptext on input line 14.
LaTeX Info: Redefining \. on input line 14.
LaTeX Info: Redefining \% on input line 14.
LaTeX Info: Redefining \sptext on input line 15.
LaTeX Info: Redefining \. on input line 15.
LaTeX Info: Redefining \% on input line 15.
LaTeX Info: Redefining \sptext on input line 16.
LaTeX Info: Redefining \. on input line 16.
LaTeX Info: Redefining \% on input line 16.
LaTeX Info: Redefining \sptext on input line 17.
LaTeX Info: Redefining \. on input line 17.
LaTeX Info: Redefining \% on input line 17.
LaTeX Info: Redefining \sptext on input line 18.
LaTeX Info: Redefining \. on input line 18.
LaTeX Info: Redefining \% on input line 18.
LaTeX Info: Redefining \sptext on input line 19.
LaTeX Info: Redefining \. on input line 19.
LaTeX Info: Redefining \% on input line 19.
LaTeX Info: Redefining \sptext on input line 20.
LaTeX Info: Redefining \. on input line 20.
LaTeX Info: Redefining \% on input line 20.
LaTeX Info: Redefining \sptext on input line 21.
LaTeX Info: Redefining \. on input line 21.
LaTeX Info: Redefining \% on input line 21.
LaTeX Info: Redefining \sptext on input line 22.
LaTeX Info: Redefining \. on input line 22.
LaTeX Info: Redefining \% on input line 22.
LaTeX Info: Redefining \sptext on input line 23.
LaTeX Info: Redefining \. on input line 23.
LaTeX Info: Redefining \% on input line 23.
LaTeX Info: Redefining \sptext on input line 24.
LaTeX Info: Redefining \. on input line 24.
LaTeX Info: Redefining \% on input line 24.
LaTeX Info: Redefining \sptext on input line 25.
LaTeX Info: Redefining \. on input line 25.
LaTeX Info: Redefining \% on input line 25.
LaTeX Info: Redefining \sptext on input line 26.
LaTeX Info: Redefining \. on input line 26.
LaTeX Info: Redefining \% on input line 26.
LaTeX Info: Redefining \sptext on input line 27.
LaTeX Info: Redefining \. on input line 27.
LaTeX Info: Redefining \% on input line 27.
LaTeX Info: Redefining \sptext on input line 28.
LaTeX Info: Redefining \. on input line 28.
LaTeX Info: Redefining \% on input line 28.
LaTeX Info: Redefining \sptext on input line 29.
LaTeX Info: Redefining \. on input line 29.
LaTeX Info: Redefining \% on input line 29.
LaTeX Info: Redefining \sptext on input line 30.
LaTeX Info: Redefining \. on input line 30.
LaTeX Info: Redefining \% on input line 30.
LaTeX Info: Redefining \sptext on input line 31.
LaTeX Info: Redefining \. on input line 31.
LaTeX Info: Redefining \% on input line 31.
LaTeX Info: Redefining \sptext on input line 32.
LaTeX Info: Redefining \. on input line 32.
LaTeX Info: Redefining \% on input line 32.
LaTeX Info: Redefining \sptext on input line 33.
LaTeX Info: Redefining \. on input line 33.
LaTeX Info: Redefining \% on input line 33.
LaTeX Info: Redefining \sptext on input line 34.
LaTeX Info: Redefining \. on input line 34.
LaTeX Info: Redefining \% on input line 34.
LaTeX Info: Redefining \sptext on input line 35.
LaTeX Info: Redefining \. on input line 35.
LaTeX Info: Redefining \% on input line 35.
LaTeX Info: Redefining \sptext on input line 36.
LaTeX Info: Redefining \. on input line 36.
LaTeX Info: Redefining \% on input line 36.
LaTeX Info: Redefining \sptext on input line 43.
LaTeX Info: Redefining \. on input line 43.
LaTeX Info: Redefining \% on input line 43.
LaTeX Info: Redefining \sptext on input line 44.
LaTeX Info: Redefining \. on input line 44.
LaTeX Info: Redefining \% on input line 44.
LaTeX Info: Redefining \sptext on input line 45.
LaTeX Info: Redefining \. on input line 45.
LaTeX Info: Redefining \% on input line 45.
LaTeX Info: Redefining \sptext on input line 46.
LaTeX Info: Redefining \. on input line 46.
LaTeX Info: Redefining \% on input line 46.
LaTeX Info: Redefining \sptext on input line 47.
LaTeX Info: Redefining \. on input line 47.
LaTeX Info: Redefining \% on input line 47.
LaTeX Info: Redefining \sptext on input line 48.
LaTeX Info: Redefining \. on input line 48.
LaTeX Info: Redefining \% on input line 48.
LaTeX Info: Redefining \sptext on input line 49.
LaTeX Info: Redefining \. on input line 49.
LaTeX Info: Redefining \% on input line 49.
LaTeX Info: Redefining \sptext on input line 50.
LaTeX Info: Redefining \. on input line 50.
LaTeX Info: Redefining \% on input line 50.
LaTeX Info: Redefining \sptext on input line 51.
LaTeX Info: Redefining \. on input line 51.
LaTeX Info: Redefining \% on input line 51.
LaTeX Info: Redefining \sptext on input line 52.
LaTeX Info: Redefining \. on input line 52.
LaTeX Info: Redefining \% on input line 52.
LaTeX Info: Redefining \sptext on input line 53.
LaTeX Info: Redefining \. on input line 53.
LaTeX Info: Redefining \% on input line 53.
LaTeX Info: Redefining \sptext on input line 54.
LaTeX Info: Redefining \. on input line 54.
LaTeX Info: Redefining \% on input line 54.
LaTeX Info: Redefining \sptext on input line 55.
LaTeX Info: Redefining \. on input line 55.
LaTeX Info: Redefining \% on input line 55.
LaTeX Info: Redefining \sptext on input line 56.
LaTeX Info: Redefining \. on input line 56.
LaTeX Info: Redefining \% on input line 56.
LaTeX Info: Redefining \sptext on input line 57.
LaTeX Info: Redefining \. on input line 57.
LaTeX Info: Redefining \% on input line 57.
LaTeX Info: Redefining \sptext on input line 58.
LaTeX Info: Redefining \. on input line 58.
LaTeX Info: Redefining \% on input line 58.
LaTeX Info: Redefining \sptext on input line 59.
LaTeX Info: Redefining \. on input line 59.
LaTeX Info: Redefining \% on input line 59.
LaTeX Info: Redefining \sptext on input line 60.
LaTeX Info: Redefining \. on input line 60.
LaTeX Info: Redefining \% on input line 60.
LaTeX Info: Redefining \sptext on input line 61.
LaTeX Info: Redefining \. on input line 61.
LaTeX Info: Redefining \% on input line 61.
LaTeX Info: Redefining \sptext on input line 62.
LaTeX Info: Redefining \. on input line 62.
LaTeX Info: Redefining \% on input line 62.
LaTeX Info: Redefining \sptext on input line 63.
LaTeX Info: Redefining \. on input line 63.
LaTeX Info: Redefining \% on input line 63.
LaTeX Info: Redefining \sptext on input line 64.
LaTeX Info: Redefining \. on input line 64.
LaTeX Info: Redefining \% on input line 64.
LaTeX Info: Redefining \sptext on input line 65.
LaTeX Info: Redefining \. on input line 65.
LaTeX Info: Redefining \% on input line 65.
LaTeX Info: Redefining \sptext on input line 66.
LaTeX Info: Redefining \. on input line 66.
LaTeX Info: Redefining \% on input line 66.
LaTeX Info: Redefining \sptext on input line 67.
LaTeX Info: Redefining \. on input line 67.
LaTeX Info: Redefining \% on input line 67.
LaTeX Info: Redefining \sptext on input line 68.
LaTeX Info: Redefining \. on input line 68.
LaTeX Info: Redefining \% on input line 68.
LaTeX Info: Redefining \sptext on input line 69.
LaTeX Info: Redefining \. on input line 69.
LaTeX Info: Redefining \% on input line 69.
LaTeX Info: Redefining \sptext on input line 70.
LaTeX Info: Redefining \. on input line 70.
LaTeX Info: Redefining \% on input line 70.
LaTeX Info: Redefining \sptext on input line 71.
LaTeX Info: Redefining \. on input line 71.
LaTeX Info: Redefining \% on input line 71.
LaTeX Info: Redefining \sptext on input line 72.
LaTeX Info: Redefining \. on input line 72.
LaTeX Info: Redefining \% on input line 72.
LaTeX Info: Redefining \sptext on input line 73.
LaTeX Info: Redefining \. on input line 73.
LaTeX Info: Redefining \% on input line 73.
LaTeX Info: Redefining \sptext on input line 74.
LaTeX Info: Redefining \. on input line 74.
LaTeX Info: Redefining \% on input line 74.
LaTeX Info: Redefining \sptext on input line 75.
LaTeX Info: Redefining \. on input line 75.
LaTeX Info: Redefining \% on input line 75.
LaTeX Info: Redefining \sptext on input line 76.
LaTeX Info: Redefining \. on input line 76.
LaTeX Info: Redefining \% on input line 76.
LaTeX Info: Redefining \sptext on input line 77.
LaTeX Info: Redefining \. on input line 77.
LaTeX Info: Redefining \% on input line 77.
LaTeX Info: Redefining \sptext on input line 78.
LaTeX Info: Redefining \. on input line 78.
LaTeX Info: Redefining \% on input line 78.
LaTeX Info: Redefining \sptext on input line 79.
LaTeX Info: Redefining \. on input line 79.
LaTeX Info: Redefining \% on input line 79.
LaTeX Info: Redefining \sptext on input line 80.
LaTeX Info: Redefining \. on input line 80.
LaTeX Info: Redefining \% on input line 80.
LaTeX Info: Redefining \sptext on input line 81.
LaTeX Info: Redefining \. on input line 81.
LaTeX Info: Redefining \% on input line 81.
LaTeX Info: Redefining \sptext on input line 82.
LaTeX Info: Redefining \. on input line 82.
LaTeX Info: Redefining \% on input line 82.
LaTeX Info: Redefining \sptext on input line 83.
LaTeX Info: Redefining \. on input line 83.
LaTeX Info: Redefining \% on input line 83.
LaTeX Info: Redefining \sptext on input line 84.
LaTeX Info: Redefining \. on input line 84.
LaTeX Info: Redefining \% on input line 84.
LaTeX Info: Redefining \sptext on input line 85.
LaTeX Info: Redefining \. on input line 85.
LaTeX Info: Redefining \% on input line 85.
LaTeX Info: Redefining \sptext on input line 86.
LaTeX Info: Redefining \. on input line 86.
LaTeX Info: Redefining \% on input line 86.
LaTeX Info: Redefining \sptext on input line 87.
LaTeX Info: Redefining \. on input line 87.
LaTeX Info: Redefining \% on input line 87.
LaTeX Info: Redefining \sptext on input line 88.
LaTeX Info: Redefining \. on input line 88.
LaTeX Info: Redefining \% on input line 88.
LaTeX Info: Redefining \sptext on input line 89.
LaTeX Info: Redefining \. on input line 89.
LaTeX Info: Redefining \% on input line 89.
LaTeX Info: Redefining \sptext on input line 90.
LaTeX Info: Redefining \. on input line 90.
LaTeX Info: Redefining \% on input line 90.
LaTeX Info: Redefining \sptext on input line 91.
LaTeX Info: Redefining \. on input line 91.
LaTeX Info: Redefining \% on input line 91.
LaTeX Info: Redefining \sptext on input line 92.
LaTeX Info: Redefining \. on input line 92.
LaTeX Info: Redefining \% on input line 92.
LaTeX Info: Redefining \sptext on input line 93.
LaTeX Info: Redefining \. on input line 93.
LaTeX Info: Redefining \% on input line 93.
LaTeX Info: Redefining \sptext on input line 94.
LaTeX Info: Redefining \. on input line 94.
LaTeX Info: Redefining \% on input line 94.
LaTeX Info: Redefining \sptext on input line 95.
LaTeX Info: Redefining \. on input line 95.
LaTeX Info: Redefining \% on input line 95.
LaTeX Info: Redefining \sptext on input line 96.
LaTeX Info: Redefining \. on input line 96.
LaTeX Info: Redefining \% on input line 96.
LaTeX Info: Redefining \sptext on input line 97.
LaTeX Info: Redefining \. on input line 97.
LaTeX Info: Redefining \% on input line 97.
LaTeX Info: Redefining \sptext on input line 98.
LaTeX Info: Redefining \. on input line 98.
LaTeX Info: Redefining \% on input line 98.
LaTeX Info: Redefining \sptext on input line 99.
LaTeX Info: Redefining \. on input line 99.
LaTeX Info: Redefining \% on input line 99.
LaTeX Info: Redefining \sptext on input line 100.
LaTeX Info: Redefining \. on input line 100.
LaTeX Info: Redefining \% on input line 100.
LaTeX Info: Redefining \sptext on input line 101.
LaTeX Info: Redefining \. on input line 101.
LaTeX Info: Redefining \% on input line 101.
LaTeX Info: Redefining \sptext on input line 102.
LaTeX Info: Redefining \. on input line 102.
LaTeX Info: Redefining \% on input line 102.
LaTeX Info: Redefining \sptext on input line 103.
LaTeX Info: Redefining \. on input line 103.
LaTeX Info: Redefining \% on input line 103.
LaTeX Info: Redefining \sptext on input line 104.
LaTeX Info: Redefining \. on input line 104.
LaTeX Info: Redefining \% on input line 104.
LaTeX Info: Redefining \sptext on input line 107.
LaTeX Info: Redefining \. on input line 107.
LaTeX Info: Redefining \% on input line 107.
LaTeX Info: Redefining \sptext on input line 108.
LaTeX Info: Redefining \. on input line 108.
LaTeX Info: Redefining \% on input line 108.
LaTeX Info: Redefining \sptext on input line 113.
LaTeX Info: Redefining \. on input line 113.
LaTeX Info: Redefining \% on input line 113.
LaTeX Info: Redefining \sptext on input line 114.
LaTeX Info: Redefining \. on input line 114.
LaTeX Info: Redefining \% on input line 114.
LaTeX Info: Redefining \sptext on input line 116.
LaTeX Info: Redefining \. on input line 116.
LaTeX Info: Redefining \% on input line 116.
LaTeX Info: Redefining \sptext on input line 117.
LaTeX Info: Redefining \. on input line 117.
LaTeX Info: Redefining \% on input line 117.
LaTeX Info: Redefining \sptext on input line 135.
LaTeX Info: Redefining \. on input line 135.
LaTeX Info: Redefining \% on input line 135.
LaTeX Info: Redefining \sptext on input line 136.
LaTeX Info: Redefining \. on input line 136.
LaTeX Info: Redefining \% on input line 136.
File: ./images/UADE_LARGE.png Graphic file (type png)
<use ./images/UADE_LARGE.png>
Package pdftex.def Info: ./images/UADE_LARGE.png  used on input line 145.
(pdftex.def)             Requested size: 105.2751pt x 36.8594pt.

Overfull \vbox (36.8594pt too high) has occurred while \output is active []


[9]
LaTeX Info: Redefining \sptext on input line 156.
LaTeX Info: Redefining \. on input line 156.
LaTeX Info: Redefining \% on input line 156.
LaTeX Info: Redefining \sptext on input line 157.
LaTeX Info: Redefining \. on input line 157.
LaTeX Info: Redefining \% on input line 157.
LaTeX Info: Redefining \sptext on input line 158.
LaTeX Info: Redefining \. on input line 158.
LaTeX Info: Redefining \% on input line 158.
LaTeX Info: Redefining \sptext on input line 159.
LaTeX Info: Redefining \. on input line 159.
LaTeX Info: Redefining \% on input line 159.
LaTeX Info: Redefining \sptext on input line 160.
LaTeX Info: Redefining \. on input line 160.
LaTeX Info: Redefining \% on input line 160.
LaTeX Info: Redefining \sptext on input line 161.
LaTeX Info: Redefining \. on input line 161.
LaTeX Info: Redefining \% on input line 161.
LaTeX Info: Redefining \sptext on input line 162.
LaTeX Info: Redefining \. on input line 162.
LaTeX Info: Redefining \% on input line 162.
LaTeX Info: Redefining \sptext on input line 163.
LaTeX Info: Redefining \. on input line 163.
LaTeX Info: Redefining \% on input line 163.
LaTeX Info: Redefining \sptext on input line 164.
LaTeX Info: Redefining \. on input line 164.
LaTeX Info: Redefining \% on input line 164.
LaTeX Info: Redefining \sptext on input line 165.
LaTeX Info: Redefining \. on input line 165.
LaTeX Info: Redefining \% on input line 165.
LaTeX Info: Redefining \sptext on input line 166.
LaTeX Info: Redefining \. on input line 166.
LaTeX Info: Redefining \% on input line 166.
LaTeX Info: Redefining \sptext on input line 167.
LaTeX Info: Redefining \. on input line 167.
LaTeX Info: Redefining \% on input line 167.
LaTeX Info: Redefining \sptext on input line 168.
LaTeX Info: Redefining \. on input line 168.
LaTeX Info: Redefining \% on input line 168.
LaTeX Info: Redefining \sptext on input line 169.
LaTeX Info: Redefining \. on input line 169.
LaTeX Info: Redefining \% on input line 169.
LaTeX Info: Redefining \sptext on input line 170.
LaTeX Info: Redefining \. on input line 170.
LaTeX Info: Redefining \% on input line 170.
LaTeX Info: Redefining \sptext on input line 171.
LaTeX Info: Redefining \. on input line 171.
LaTeX Info: Redefining \% on input line 171.
LaTeX Info: Redefining \sptext on input line 172.
LaTeX Info: Redefining \. on input line 172.
LaTeX Info: Redefining \% on input line 172.
LaTeX Info: Redefining \sptext on input line 173.
LaTeX Info: Redefining \. on input line 173.
LaTeX Info: Redefining \% on input line 173.
LaTeX Info: Redefining \sptext on input line 174.
LaTeX Info: Redefining \. on input line 174.
LaTeX Info: Redefining \% on input line 174.
LaTeX Info: Redefining \sptext on input line 175.
LaTeX Info: Redefining \. on input line 175.
LaTeX Info: Redefining \% on input line 175.
LaTeX Info: Redefining \sptext on input line 176.
LaTeX Info: Redefining \. on input line 176.
LaTeX Info: Redefining \% on input line 176.
LaTeX Info: Redefining \sptext on input line 177.
LaTeX Info: Redefining \. on input line 177.
LaTeX Info: Redefining \% on input line 177.
LaTeX Info: Redefining \sptext on input line 178.
LaTeX Info: Redefining \. on input line 178.
LaTeX Info: Redefining \% on input line 178.
LaTeX Info: Redefining \sptext on input line 179.
LaTeX Info: Redefining \. on input line 179.
LaTeX Info: Redefining \% on input line 179.
LaTeX Info: Redefining \sptext on input line 180.
LaTeX Info: Redefining \. on input line 180.
LaTeX Info: Redefining \% on input line 180.
LaTeX Info: Redefining \sptext on input line 181.
LaTeX Info: Redefining \. on input line 181.
LaTeX Info: Redefining \% on input line 181.
LaTeX Info: Redefining \sptext on input line 182.
LaTeX Info: Redefining \. on input line 182.
LaTeX Info: Redefining \% on input line 182.
LaTeX Info: Redefining \sptext on input line 183.
LaTeX Info: Redefining \. on input line 183.
LaTeX Info: Redefining \% on input line 183.
LaTeX Info: Redefining \sptext on input line 184.
LaTeX Info: Redefining \. on input line 184.
LaTeX Info: Redefining \% on input line 184.
LaTeX Info: Redefining \sptext on input line 185.
LaTeX Info: Redefining \. on input line 185.
LaTeX Info: Redefining \% on input line 185.
LaTeX Info: Redefining \sptext on input line 186.
LaTeX Info: Redefining \. on input line 186.
LaTeX Info: Redefining \% on input line 186.
LaTeX Info: Redefining \sptext on input line 187.
LaTeX Info: Redefining \. on input line 187.
LaTeX Info: Redefining \% on input line 187.
LaTeX Info: Redefining \sptext on input line 188.
LaTeX Info: Redefining \. on input line 188.
LaTeX Info: Redefining \% on input line 188.
LaTeX Info: Redefining \sptext on input line 189.
LaTeX Info: Redefining \. on input line 189.
LaTeX Info: Redefining \% on input line 189.
LaTeX Info: Redefining \sptext on input line 190.
LaTeX Info: Redefining \. on input line 190.
LaTeX Info: Redefining \% on input line 190.
LaTeX Info: Redefining \sptext on input line 191.
LaTeX Info: Redefining \. on input line 191.
LaTeX Info: Redefining \% on input line 191.
LaTeX Info: Redefining \sptext on input line 192.
LaTeX Info: Redefining \. on input line 192.
LaTeX Info: Redefining \% on input line 192.
LaTeX Info: Redefining \sptext on input line 193.
LaTeX Info: Redefining \. on input line 193.
LaTeX Info: Redefining \% on input line 193.
LaTeX Info: Redefining \sptext on input line 194.
LaTeX Info: Redefining \. on input line 194.
LaTeX Info: Redefining \% on input line 194.
LaTeX Info: Redefining \sptext on input line 195.
LaTeX Info: Redefining \. on input line 195.
LaTeX Info: Redefining \% on input line 195.
LaTeX Info: Redefining \sptext on input line 196.
LaTeX Info: Redefining \. on input line 196.
LaTeX Info: Redefining \% on input line 196.
LaTeX Info: Redefining \sptext on input line 197.
LaTeX Info: Redefining \. on input line 197.
LaTeX Info: Redefining \% on input line 197.
LaTeX Info: Redefining \sptext on input line 198.
LaTeX Info: Redefining \. on input line 198.
LaTeX Info: Redefining \% on input line 198.
LaTeX Info: Redefining \sptext on input line 199.
LaTeX Info: Redefining \. on input line 199.
LaTeX Info: Redefining \% on input line 199.
LaTeX Info: Redefining \sptext on input line 200.
LaTeX Info: Redefining \. on input line 200.
LaTeX Info: Redefining \% on input line 200.
LaTeX Info: Redefining \sptext on input line 201.
LaTeX Info: Redefining \. on input line 201.
LaTeX Info: Redefining \% on input line 201.
LaTeX Info: Redefining \sptext on input line 202.
LaTeX Info: Redefining \. on input line 202.
LaTeX Info: Redefining \% on input line 202.
LaTeX Info: Redefining \sptext on input line 203.
LaTeX Info: Redefining \. on input line 203.
LaTeX Info: Redefining \% on input line 203.
LaTeX Info: Redefining \sptext on input line 204.
LaTeX Info: Redefining \. on input line 204.
LaTeX Info: Redefining \% on input line 204.
LaTeX Info: Redefining \sptext on input line 205.
LaTeX Info: Redefining \. on input line 205.
LaTeX Info: Redefining \% on input line 205.
LaTeX Info: Redefining \sptext on input line 206.
LaTeX Info: Redefining \. on input line 206.
LaTeX Info: Redefining \% on input line 206.
LaTeX Info: Redefining \sptext on input line 207.
LaTeX Info: Redefining \. on input line 207.
LaTeX Info: Redefining \% on input line 207.
LaTeX Info: Redefining \sptext on input line 208.
LaTeX Info: Redefining \. on input line 208.
LaTeX Info: Redefining \% on input line 208.
LaTeX Info: Redefining \sptext on input line 209.
LaTeX Info: Redefining \. on input line 209.
LaTeX Info: Redefining \% on input line 209.
LaTeX Info: Redefining \sptext on input line 210.
LaTeX Info: Redefining \. on input line 210.
LaTeX Info: Redefining \% on input line 210.
LaTeX Info: Redefining \sptext on input line 211.
LaTeX Info: Redefining \. on input line 211.
LaTeX Info: Redefining \% on input line 211.
LaTeX Info: Redefining \sptext on input line 212.
LaTeX Info: Redefining \. on input line 212.
LaTeX Info: Redefining \% on input line 212.
LaTeX Info: Redefining \sptext on input line 213.
LaTeX Info: Redefining \. on input line 213.
LaTeX Info: Redefining \% on input line 213.
LaTeX Info: Redefining \sptext on input line 214.
LaTeX Info: Redefining \. on input line 214.
LaTeX Info: Redefining \% on input line 214.
LaTeX Info: Redefining \sptext on input line 215.
LaTeX Info: Redefining \. on input line 215.
LaTeX Info: Redefining \% on input line 215.
LaTeX Info: Redefining \sptext on input line 216.
LaTeX Info: Redefining \. on input line 216.
LaTeX Info: Redefining \% on input line 216.
LaTeX Info: Redefining \sptext on input line 217.
LaTeX Info: Redefining \. on input line 217.
LaTeX Info: Redefining \% on input line 217.
LaTeX Info: Redefining \sptext on input line 218.
LaTeX Info: Redefining \. on input line 218.
LaTeX Info: Redefining \% on input line 218.
LaTeX Info: Redefining \sptext on input line 219.
LaTeX Info: Redefining \. on input line 219.
LaTeX Info: Redefining \% on input line 219.
LaTeX Info: Redefining \sptext on input line 220.
LaTeX Info: Redefining \. on input line 220.
LaTeX Info: Redefining \% on input line 220.
LaTeX Info: Redefining \sptext on input line 221.
LaTeX Info: Redefining \. on input line 221.
LaTeX Info: Redefining \% on input line 221.
LaTeX Info: Redefining \sptext on input line 222.
LaTeX Info: Redefining \. on input line 222.
LaTeX Info: Redefining \% on input line 222.
LaTeX Info: Redefining \sptext on input line 223.
LaTeX Info: Redefining \. on input line 223.
LaTeX Info: Redefining \% on input line 223.
LaTeX Info: Redefining \sptext on input line 224.
LaTeX Info: Redefining \. on input line 224.
LaTeX Info: Redefining \% on input line 224.
LaTeX Info: Redefining \sptext on input line 225.
LaTeX Info: Redefining \. on input line 225.
LaTeX Info: Redefining \% on input line 225.
LaTeX Info: Redefining \sptext on input line 226.
LaTeX Info: Redefining \. on input line 226.
LaTeX Info: Redefining \% on input line 226.
LaTeX Info: Redefining \sptext on input line 227.
LaTeX Info: Redefining \. on input line 227.
LaTeX Info: Redefining \% on input line 227.
LaTeX Info: Redefining \sptext on input line 228.
LaTeX Info: Redefining \. on input line 228.
LaTeX Info: Redefining \% on input line 228.
LaTeX Info: Redefining \sptext on input line 229.
LaTeX Info: Redefining \. on input line 229.
LaTeX Info: Redefining \% on input line 229.
LaTeX Info: Redefining \sptext on input line 230.
LaTeX Info: Redefining \. on input line 230.
LaTeX Info: Redefining \% on input line 230.
LaTeX Info: Redefining \sptext on input line 231.
LaTeX Info: Redefining \. on input line 231.
LaTeX Info: Redefining \% on input line 231.
LaTeX Info: Redefining \sptext on input line 232.
LaTeX Info: Redefining \. on input line 232.
LaTeX Info: Redefining \% on input line 232.
LaTeX Info: Redefining \sptext on input line 233.
LaTeX Info: Redefining \. on input line 233.
LaTeX Info: Redefining \% on input line 233.
LaTeX Info: Redefining \sptext on input line 234.
LaTeX Info: Redefining \. on input line 234.
LaTeX Info: Redefining \% on input line 234.
LaTeX Info: Redefining \sptext on input line 235.
LaTeX Info: Redefining \. on input line 235.
LaTeX Info: Redefining \% on input line 235.
LaTeX Info: Redefining \sptext on input line 236.
LaTeX Info: Redefining \. on input line 236.
LaTeX Info: Redefining \% on input line 236.
LaTeX Info: Redefining \sptext on input line 237.
LaTeX Info: Redefining \. on input line 237.
LaTeX Info: Redefining \% on input line 237.
LaTeX Info: Redefining \sptext on input line 238.
LaTeX Info: Redefining \. on input line 238.
LaTeX Info: Redefining \% on input line 238.
LaTeX Info: Redefining \sptext on input line 239.
LaTeX Info: Redefining \. on input line 239.
LaTeX Info: Redefining \% on input line 239.
LaTeX Info: Redefining \sptext on input line 240.
LaTeX Info: Redefining \. on input line 240.
LaTeX Info: Redefining \% on input line 240.
LaTeX Info: Redefining \sptext on input line 241.
LaTeX Info: Redefining \. on input line 241.
LaTeX Info: Redefining \% on input line 241.
LaTeX Info: Redefining \sptext on input line 242.
LaTeX Info: Redefining \. on input line 242.
LaTeX Info: Redefining \% on input line 242.
LaTeX Info: Redefining \sptext on input line 243.
LaTeX Info: Redefining \. on input line 243.
LaTeX Info: Redefining \% on input line 243.
LaTeX Info: Redefining \sptext on input line 244.
LaTeX Info: Redefining \. on input line 244.
LaTeX Info: Redefining \% on input line 244.
LaTeX Info: Redefining \sptext on input line 245.
LaTeX Info: Redefining \. on input line 245.
LaTeX Info: Redefining \% on input line 245.
LaTeX Info: Redefining \sptext on input line 246.
LaTeX Info: Redefining \. on input line 246.
LaTeX Info: Redefining \% on input line 246.
LaTeX Info: Redefining \sptext on input line 247.
LaTeX Info: Redefining \. on input line 247.
LaTeX Info: Redefining \% on input line 247.
LaTeX Info: Redefining \sptext on input line 248.
LaTeX Info: Redefining \. on input line 248.
LaTeX Info: Redefining \% on input line 248.
LaTeX Info: Redefining \sptext on input line 249.
LaTeX Info: Redefining \. on input line 249.
LaTeX Info: Redefining \% on input line 249.
LaTeX Info: Redefining \sptext on input line 250.
LaTeX Info: Redefining \. on input line 250.
LaTeX Info: Redefining \% on input line 250.
LaTeX Info: Redefining \sptext on input line 251.
LaTeX Info: Redefining \. on input line 251.
LaTeX Info: Redefining \% on input line 251.
LaTeX Info: Redefining \sptext on input line 252.
LaTeX Info: Redefining \. on input line 252.
LaTeX Info: Redefining \% on input line 252.
LaTeX Info: Redefining \sptext on input line 253.
LaTeX Info: Redefining \. on input line 253.
LaTeX Info: Redefining \% on input line 253.
LaTeX Info: Redefining \sptext on input line 254.
LaTeX Info: Redefining \. on input line 254.
LaTeX Info: Redefining \% on input line 254.
LaTeX Info: Redefining \sptext on input line 255.
LaTeX Info: Redefining \. on input line 255.
LaTeX Info: Redefining \% on input line 255.
LaTeX Info: Redefining \sptext on input line 256.
LaTeX Info: Redefining \. on input line 256.
LaTeX Info: Redefining \% on input line 256.
LaTeX Info: Redefining \sptext on input line 257.
LaTeX Info: Redefining \. on input line 257.
LaTeX Info: Redefining \% on input line 257.
LaTeX Info: Redefining \sptext on input line 258.
LaTeX Info: Redefining \. on input line 258.
LaTeX Info: Redefining \% on input line 258.
LaTeX Info: Redefining \sptext on input line 259.
LaTeX Info: Redefining \. on input line 259.
LaTeX Info: Redefining \% on input line 259.
LaTeX Info: Redefining \sptext on input line 260.
LaTeX Info: Redefining \. on input line 260.
LaTeX Info: Redefining \% on input line 260.
LaTeX Info: Redefining \sptext on input line 261.
LaTeX Info: Redefining \. on input line 261.
LaTeX Info: Redefining \% on input line 261.
LaTeX Info: Redefining \sptext on input line 262.
LaTeX Info: Redefining \. on input line 262.
LaTeX Info: Redefining \% on input line 262.
LaTeX Info: Redefining \sptext on input line 263.
LaTeX Info: Redefining \. on input line 263.
LaTeX Info: Redefining \% on input line 263.
LaTeX Info: Redefining \sptext on input line 264.
LaTeX Info: Redefining \. on input line 264.
LaTeX Info: Redefining \% on input line 264.
LaTeX Info: Redefining \sptext on input line 265.
LaTeX Info: Redefining \. on input line 265.
LaTeX Info: Redefining \% on input line 265.
LaTeX Info: Redefining \sptext on input line 266.
LaTeX Info: Redefining \. on input line 266.
LaTeX Info: Redefining \% on input line 266.
LaTeX Info: Redefining \sptext on input line 267.
LaTeX Info: Redefining \. on input line 267.
LaTeX Info: Redefining \% on input line 267.
LaTeX Info: Redefining \sptext on input line 268.
LaTeX Info: Redefining \. on input line 268.
LaTeX Info: Redefining \% on input line 268.
LaTeX Info: Redefining \sptext on input line 269.
LaTeX Info: Redefining \. on input line 269.
LaTeX Info: Redefining \% on input line 269.
LaTeX Info: Redefining \sptext on input line 270.
LaTeX Info: Redefining \. on input line 270.
LaTeX Info: Redefining \% on input line 270.
LaTeX Info: Redefining \sptext on input line 271.
LaTeX Info: Redefining \. on input line 271.
LaTeX Info: Redefining \% on input line 271.
LaTeX Info: Redefining \sptext on input line 272.
LaTeX Info: Redefining \. on input line 272.
LaTeX Info: Redefining \% on input line 272.
LaTeX Info: Redefining \sptext on input line 273.
LaTeX Info: Redefining \. on input line 273.
LaTeX Info: Redefining \% on input line 273.
LaTeX Info: Redefining \sptext on input line 274.
LaTeX Info: Redefining \. on input line 274.
LaTeX Info: Redefining \% on input line 274.
LaTeX Info: Redefining \sptext on input line 275.
LaTeX Info: Redefining \. on input line 275.
LaTeX Info: Redefining \% on input line 275.
LaTeX Info: Redefining \sptext on input line 276.
LaTeX Info: Redefining \. on input line 276.
LaTeX Info: Redefining \% on input line 276.
LaTeX Info: Redefining \sptext on input line 277.
LaTeX Info: Redefining \. on input line 277.
LaTeX Info: Redefining \% on input line 277.
LaTeX Info: Redefining \sptext on input line 278.
LaTeX Info: Redefining \. on input line 278.
LaTeX Info: Redefining \% on input line 278.
LaTeX Info: Redefining \sptext on input line 279.
LaTeX Info: Redefining \. on input line 279.
LaTeX Info: Redefining \% on input line 279.
LaTeX Info: Redefining \sptext on input line 280.
LaTeX Info: Redefining \. on input line 280.
LaTeX Info: Redefining \% on input line 280.
LaTeX Info: Redefining \sptext on input line 281.
LaTeX Info: Redefining \. on input line 281.
LaTeX Info: Redefining \% on input line 281.
LaTeX Info: Redefining \sptext on input line 282.
LaTeX Info: Redefining \. on input line 282.
LaTeX Info: Redefining \% on input line 282.
LaTeX Info: Redefining \sptext on input line 283.
LaTeX Info: Redefining \. on input line 283.
LaTeX Info: Redefining \% on input line 283.
LaTeX Info: Redefining \sptext on input line 284.
LaTeX Info: Redefining \. on input line 284.
LaTeX Info: Redefining \% on input line 284.
LaTeX Info: Redefining \sptext on input line 285.
LaTeX Info: Redefining \. on input line 285.
LaTeX Info: Redefining \% on input line 285.
LaTeX Info: Redefining \sptext on input line 286.
LaTeX Info: Redefining \. on input line 286.
LaTeX Info: Redefining \% on input line 286.
LaTeX Info: Redefining \sptext on input line 287.
LaTeX Info: Redefining \. on input line 287.
LaTeX Info: Redefining \% on input line 287.
LaTeX Info: Redefining \sptext on input line 288.
LaTeX Info: Redefining \. on input line 288.
LaTeX Info: Redefining \% on input line 288.
LaTeX Info: Redefining \sptext on input line 289.
LaTeX Info: Redefining \. on input line 289.
LaTeX Info: Redefining \% on input line 289.
LaTeX Info: Redefining \sptext on input line 290.
LaTeX Info: Redefining \. on input line 290.
LaTeX Info: Redefining \% on input line 290.
LaTeX Info: Redefining \sptext on input line 291.
LaTeX Info: Redefining \. on input line 291.
LaTeX Info: Redefining \% on input line 291.
LaTeX Info: Redefining \sptext on input line 292.
LaTeX Info: Redefining \. on input line 292.
LaTeX Info: Redefining \% on input line 292.
LaTeX Info: Redefining \sptext on input line 293.
LaTeX Info: Redefining \. on input line 293.
LaTeX Info: Redefining \% on input line 293.
LaTeX Info: Redefining \sptext on input line 294.
LaTeX Info: Redefining \. on input line 294.
LaTeX Info: Redefining \% on input line 294.
LaTeX Info: Redefining \sptext on input line 295.
LaTeX Info: Redefining \. on input line 295.
LaTeX Info: Redefining \% on input line 295.
LaTeX Info: Redefining \sptext on input line 296.
LaTeX Info: Redefining \. on input line 296.
LaTeX Info: Redefining \% on input line 296.
LaTeX Info: Redefining \sptext on input line 297.
LaTeX Info: Redefining \. on input line 297.
LaTeX Info: Redefining \% on input line 297.
LaTeX Info: Redefining \sptext on input line 298.
LaTeX Info: Redefining \. on input line 298.
LaTeX Info: Redefining \% on input line 298.
LaTeX Info: Redefining \sptext on input line 299.
LaTeX Info: Redefining \. on input line 299.
LaTeX Info: Redefining \% on input line 299.
LaTeX Info: Redefining \sptext on input line 300.
LaTeX Info: Redefining \. on input line 300.
LaTeX Info: Redefining \% on input line 300.
LaTeX Info: Redefining \sptext on input line 301.
LaTeX Info: Redefining \. on input line 301.
LaTeX Info: Redefining \% on input line 301.
LaTeX Info: Redefining \sptext on input line 302.
LaTeX Info: Redefining \. on input line 302.
LaTeX Info: Redefining \% on input line 302.
LaTeX Info: Redefining \sptext on input line 303.
LaTeX Info: Redefining \. on input line 303.
LaTeX Info: Redefining \% on input line 303.
LaTeX Info: Redefining \sptext on input line 304.
LaTeX Info: Redefining \. on input line 304.
LaTeX Info: Redefining \% on input line 304.
LaTeX Info: Redefining \sptext on input line 305.
LaTeX Info: Redefining \. on input line 305.
LaTeX Info: Redefining \% on input line 305.
LaTeX Info: Redefining \sptext on input line 306.
LaTeX Info: Redefining \. on input line 306.
LaTeX Info: Redefining \% on input line 306.
LaTeX Info: Redefining \sptext on input line 307.
LaTeX Info: Redefining \. on input line 307.
LaTeX Info: Redefining \% on input line 307.
LaTeX Info: Redefining \sptext on input line 308.
LaTeX Info: Redefining \. on input line 308.
LaTeX Info: Redefining \% on input line 308.
LaTeX Info: Redefining \sptext on input line 309.
LaTeX Info: Redefining \. on input line 309.
LaTeX Info: Redefining \% on input line 309.
LaTeX Info: Redefining \sptext on input line 310.
LaTeX Info: Redefining \. on input line 310.
LaTeX Info: Redefining \% on input line 310.
LaTeX Info: Redefining \sptext on input line 311.
LaTeX Info: Redefining \. on input line 311.
LaTeX Info: Redefining \% on input line 311.
LaTeX Info: Redefining \sptext on input line 312.
LaTeX Info: Redefining \. on input line 312.
LaTeX Info: Redefining \% on input line 312.
LaTeX Info: Redefining \sptext on input line 313.
LaTeX Info: Redefining \. on input line 313.
LaTeX Info: Redefining \% on input line 313.
LaTeX Info: Redefining \sptext on input line 314.
LaTeX Info: Redefining \. on input line 314.
LaTeX Info: Redefining \% on input line 314.
LaTeX Info: Redefining \sptext on input line 315.
LaTeX Info: Redefining \. on input line 315.
LaTeX Info: Redefining \% on input line 315.
LaTeX Info: Redefining \sptext on input line 316.
LaTeX Info: Redefining \. on input line 316.
LaTeX Info: Redefining \% on input line 316.
LaTeX Info: Redefining \sptext on input line 317.
LaTeX Info: Redefining \. on input line 317.
LaTeX Info: Redefining \% on input line 317.
LaTeX Info: Redefining \sptext on input line 318.
LaTeX Info: Redefining \. on input line 318.
LaTeX Info: Redefining \% on input line 318.
LaTeX Info: Redefining \sptext on input line 319.
LaTeX Info: Redefining \. on input line 319.
LaTeX Info: Redefining \% on input line 319.
LaTeX Info: Redefining \sptext on input line 320.
LaTeX Info: Redefining \. on input line 320.
LaTeX Info: Redefining \% on input line 320.
LaTeX Info: Redefining \sptext on input line 321.
LaTeX Info: Redefining \. on input line 321.
LaTeX Info: Redefining \% on input line 321.
LaTeX Info: Redefining \sptext on input line 322.
LaTeX Info: Redefining \. on input line 322.
LaTeX Info: Redefining \% on input line 322.
LaTeX Info: Redefining \sptext on input line 323.
LaTeX Info: Redefining \. on input line 323.
LaTeX Info: Redefining \% on input line 323.
LaTeX Info: Redefining \sptext on input line 324.
LaTeX Info: Redefining \. on input line 324.
LaTeX Info: Redefining \% on input line 324.
LaTeX Info: Redefining \sptext on input line 325.
LaTeX Info: Redefining \. on input line 325.
LaTeX Info: Redefining \% on input line 325.
LaTeX Info: Redefining \sptext on input line 326.
LaTeX Info: Redefining \. on input line 326.
LaTeX Info: Redefining \% on input line 326.
LaTeX Info: Redefining \sptext on input line 327.
LaTeX Info: Redefining \. on input line 327.
LaTeX Info: Redefining \% on input line 327.
LaTeX Info: Redefining \sptext on input line 328.
LaTeX Info: Redefining \. on input line 328.
LaTeX Info: Redefining \% on input line 328.
LaTeX Info: Redefining \sptext on input line 329.
LaTeX Info: Redefining \. on input line 329.
LaTeX Info: Redefining \% on input line 329.
LaTeX Info: Redefining \sptext on input line 330.
LaTeX Info: Redefining \. on input line 330.
LaTeX Info: Redefining \% on input line 330.
LaTeX Info: Redefining \sptext on input line 331.
LaTeX Info: Redefining \. on input line 331.
LaTeX Info: Redefining \% on input line 331.
LaTeX Info: Redefining \sptext on input line 332.
LaTeX Info: Redefining \. on input line 332.
LaTeX Info: Redefining \% on input line 332.
LaTeX Info: Redefining \sptext on input line 333.
LaTeX Info: Redefining \. on input line 333.
LaTeX Info: Redefining \% on input line 333.
LaTeX Info: Redefining \sptext on input line 334.
LaTeX Info: Redefining \. on input line 334.
LaTeX Info: Redefining \% on input line 334.
LaTeX Info: Redefining \sptext on input line 335.
LaTeX Info: Redefining \. on input line 335.
LaTeX Info: Redefining \% on input line 335.
LaTeX Info: Redefining \sptext on input line 336.
LaTeX Info: Redefining \. on input line 336.
LaTeX Info: Redefining \% on input line 336.
LaTeX Info: Redefining \sptext on input line 337.
LaTeX Info: Redefining \. on input line 337.
LaTeX Info: Redefining \% on input line 337.
LaTeX Info: Redefining \sptext on input line 338.
LaTeX Info: Redefining \. on input line 338.
LaTeX Info: Redefining \% on input line 338.
LaTeX Info: Redefining \sptext on input line 339.
LaTeX Info: Redefining \. on input line 339.
LaTeX Info: Redefining \% on input line 339.
LaTeX Info: Redefining \sptext on input line 340.
LaTeX Info: Redefining \. on input line 340.
LaTeX Info: Redefining \% on input line 340.
LaTeX Info: Redefining \sptext on input line 341.
LaTeX Info: Redefining \. on input line 341.
LaTeX Info: Redefining \% on input line 341.
LaTeX Info: Redefining \sptext on input line 342.
LaTeX Info: Redefining \. on input line 342.
LaTeX Info: Redefining \% on input line 342.
LaTeX Info: Redefining \sptext on input line 343.
LaTeX Info: Redefining \. on input line 343.
LaTeX Info: Redefining \% on input line 343.
LaTeX Info: Redefining \sptext on input line 344.
LaTeX Info: Redefining \. on input line 344.
LaTeX Info: Redefining \% on input line 344.
LaTeX Info: Redefining \sptext on input line 345.
LaTeX Info: Redefining \. on input line 345.
LaTeX Info: Redefining \% on input line 345.
LaTeX Info: Redefining \sptext on input line 346.
LaTeX Info: Redefining \. on input line 346.
LaTeX Info: Redefining \% on input line 346.
LaTeX Info: Redefining \sptext on input line 347.
LaTeX Info: Redefining \. on input line 347.
LaTeX Info: Redefining \% on input line 347.
LaTeX Info: Redefining \sptext on input line 348.
LaTeX Info: Redefining \. on input line 348.
LaTeX Info: Redefining \% on input line 348.
LaTeX Info: Redefining \sptext on input line 349.
LaTeX Info: Redefining \. on input line 349.
LaTeX Info: Redefining \% on input line 349.
LaTeX Info: Redefining \sptext on input line 350.
LaTeX Info: Redefining \. on input line 350.
LaTeX Info: Redefining \% on input line 350.
LaTeX Info: Redefining \sptext on input line 351.
LaTeX Info: Redefining \. on input line 351.
LaTeX Info: Redefining \% on input line 351.
LaTeX Info: Redefining \sptext on input line 352.
LaTeX Info: Redefining \. on input line 352.
LaTeX Info: Redefining \% on input line 352.
LaTeX Info: Redefining \sptext on input line 353.
LaTeX Info: Redefining \. on input line 353.
LaTeX Info: Redefining \% on input line 353.
)
\tf@lot=\write9
\openout9 = `main.lot'.

File: ./images/UADE_LARGE.png Graphic file (type png)
<use ./images/UADE_LARGE.png>
Package pdftex.def Info: ./images/UADE_LARGE.png  used on input line 253.
(pdftex.def)             Requested size: 105.2751pt x 36.8594pt.

Overfull \vbox (36.8594pt too high) has occurred while \output is active []


[10] (chapters/capitulo_01_introduccion.tex
Cap\'{\i }tulo 1.
) (chapters/capitulo_02_planteamiento_problema.tex
File: ./images/UADE_LARGE.png Graphic file (type png)
<use ./images/UADE_LARGE.png>
Package pdftex.def Info: ./images/UADE_LARGE.png  used on input line 1.
(pdftex.def)             Requested size: 105.2751pt x 36.8594pt.

Overfull \vbox (36.8594pt too high) has occurred while \output is active []


[11

]
Cap\'{\i }tulo 2.
) (chapters/capitulo_03_justificacion.tex
File: ./images/UADE_LARGE.png Graphic file (type png)
<use ./images/UADE_LARGE.png>
Package pdftex.def Info: ./images/UADE_LARGE.png  used on input line 1.
(pdftex.def)             Requested size: 105.2751pt x 36.8594pt.

Overfull \vbox (36.8594pt too high) has occurred while \output is active []


[12

]
Cap\'{\i }tulo 3.
LaTeX Font Info:    Trying to load font information for TS1+ptm on input line 9
.
(C:\Users\enzoa\AppData\Local\Programs\MiKTeX\tex/latex/psnfss\ts1ptm.fd
File: ts1ptm.fd 2001/06/04 font definitions for TS1/ptm.
))
(chapters/capitulo_04_objetivos.tex
File: ./images/UADE_LARGE.png Graphic file (type png)
<use ./images/UADE_LARGE.png>
Package pdftex.def Info: ./images/UADE_LARGE.png  used on input line 1.
(pdftex.def)             Requested size: 105.2751pt x 36.8594pt.

Overfull \vbox (36.8594pt too high) has occurred while \output is active []


[13

]
Cap\'{\i }tulo 4.
) (chapters/capitulo_05_alcance.tex
File: ./images/UADE_LARGE.png Graphic file (type png)
<use ./images/UADE_LARGE.png>
Package pdftex.def Info: ./images/UADE_LARGE.png  used on input line 1.
(pdftex.def)             Requested size: 105.2751pt x 36.8594pt.

Overfull \vbox (36.8594pt too high) has occurred while \output is active []


[14

]
Cap\'{\i }tulo 5.
File: ./images/UADE_LARGE.png Graphic file (type png)
<use ./images/UADE_LARGE.png>
Package pdftex.def Info: ./images/UADE_LARGE.png  used on input line 35.
(pdftex.def)             Requested size: 105.2751pt x 36.8594pt.

Overfull \vbox (36.8594pt too high) has occurred while \output is active []


[15

]
File: ./images/UADE_LARGE.png Graphic file (type png)
<use ./images/UADE_LARGE.png>
Package pdftex.def Info: ./images/UADE_LARGE.png  used on input line 65.
(pdftex.def)             Requested size: 105.2751pt x 36.8594pt.

Overfull \vbox (36.8594pt too high) has occurred while \output is active []


[16]) (chapters/capitulo_06_estado_del_arte.tex
File: ./images/UADE_LARGE.png Graphic file (type png)
<use ./images/UADE_LARGE.png>
Package pdftex.def Info: ./images/UADE_LARGE.png  used on input line 1.
(pdftex.def)             Requested size: 105.2751pt x 36.8594pt.

Overfull \vbox (36.8594pt too high) has occurred while \output is active []


[17]
Cap\'{\i }tulo 6.

Underfull \hbox (badness 10000) in alignment at lines 33--39
[] []
 []


Underfull \hbox (badness 10000) in alignment at lines 39--43
[] []
 []


Underfull \hbox (badness 10000) in alignment at lines 43--54
[] []
 []

File: ./images/UADE_LARGE.png Graphic file (type png)
<use ./images/UADE_LARGE.png>
Package pdftex.def Info: ./images/UADE_LARGE.png  used on input line 54.
(pdftex.def)             Requested size: 105.2751pt x 36.8594pt.

Overfull \vbox (36.8594pt too high) has occurred while \output is active []


[18

]
LaTeX Info: Redefining \sptext on input line 65.
LaTeX Info: Redefining \. on input line 65.
LaTeX Info: Redefining \% on input line 65.
LaTeX Info: Redefining \sptext on input line 65.
LaTeX Info: Redefining \. on input line 65.
LaTeX Info: Redefining \% on input line 65.
File: ./images/UADE_LARGE.png Graphic file (type png)
<use ./images/UADE_LARGE.png>
Package pdftex.def Info: ./images/UADE_LARGE.png  used on input line 66.
(pdftex.def)             Requested size: 105.2751pt x 36.8594pt.

Overfull \vbox (36.8594pt too high) has occurred while \output is active []


[19]
LaTeX Info: Redefining \sptext on input line 80.
LaTeX Info: Redefining \. on input line 80.
LaTeX Info: Redefining \% on input line 80.
LaTeX Info: Redefining \sptext on input line 80.
LaTeX Info: Redefining \. on input line 80.
LaTeX Info: Redefining \% on input line 80.
LaTeX Info: Redefining \sptext on input line 88.
LaTeX Info: Redefining \. on input line 88.
LaTeX Info: Redefining \% on input line 88.
LaTeX Info: Redefining \sptext on input line 88.
LaTeX Info: Redefining \. on input line 88.
LaTeX Info: Redefining \% on input line 88.
File: ./images/UADE_LARGE.png Graphic file (type png)
<use ./images/UADE_LARGE.png>
Package pdftex.def Info: ./images/UADE_LARGE.png  used on input line 89.
(pdftex.def)             Requested size: 105.2751pt x 36.8594pt.

Overfull \vbox (36.8594pt too high) has occurred while \output is active []


[20]
File: ./images/UADE_LARGE.png Graphic file (type png)
<use ./images/UADE_LARGE.png>
Package pdftex.def Info: ./images/UADE_LARGE.png  used on input line 101.
(pdftex.def)             Requested size: 105.2751pt x 36.8594pt.

Overfull \vbox (36.8594pt too high) has occurred while \output is active []


[21]
LaTeX Info: Redefining \sptext on input line 107.
LaTeX Info: Redefining \. on input line 107.
LaTeX Info: Redefining \% on input line 107.
LaTeX Info: Redefining \sptext on input line 107.
LaTeX Info: Redefining \. on input line 107.
LaTeX Info: Redefining \% on input line 107.
LaTeX Info: Redefining \sptext on input line 113.
LaTeX Info: Redefining \. on input line 113.
LaTeX Info: Redefining \% on input line 113.
LaTeX Info: Redefining \sptext on input line 113.
LaTeX Info: Redefining \. on input line 113.
LaTeX Info: Redefining \% on input line 113.
LaTeX Info: Redefining \sptext on input line 119.
LaTeX Info: Redefining \. on input line 119.
LaTeX Info: Redefining \% on input line 119.
LaTeX Info: Redefining \sptext on input line 119.
LaTeX Info: Redefining \. on input line 119.
LaTeX Info: Redefining \% on input line 119.
LaTeX Info: Redefining \sptext on input line 119.
LaTeX Info: Redefining \. on input line 119.
LaTeX Info: Redefining \% on input line 119.
LaTeX Info: Redefining \sptext on input line 119.
LaTeX Info: Redefining \. on input line 119.
LaTeX Info: Redefining \% on input line 119.
File: ./images/UADE_LARGE.png Graphic file (type png)
<use ./images/UADE_LARGE.png>
Package pdftex.def Info: ./images/UADE_LARGE.png  used on input line 121.
(pdftex.def)             Requested size: 105.2751pt x 36.8594pt.

Overfull \vbox (36.8594pt too high) has occurred while \output is active []


[22]
LaTeX Info: Redefining \sptext on input line 126.
LaTeX Info: Redefining \. on input line 126.
LaTeX Info: Redefining \% on input line 126.
LaTeX Info: Redefining \sptext on input line 126.
LaTeX Info: Redefining \. on input line 126.
LaTeX Info: Redefining \% on input line 126.
LaTeX Info: Redefining \sptext on input line 126.
LaTeX Info: Redefining \. on input line 126.
LaTeX Info: Redefining \% on input line 126.
LaTeX Info: Redefining \sptext on input line 126.
LaTeX Info: Redefining \. on input line 126.
LaTeX Info: Redefining \% on input line 126.
LaTeX Info: Redefining \sptext on input line 136.
LaTeX Info: Redefining \. on input line 136.
LaTeX Info: Redefining \% on input line 136.
LaTeX Info: Redefining \sptext on input line 136.
LaTeX Info: Redefining \. on input line 136.
LaTeX Info: Redefining \% on input line 136.
File: ./images/UADE_LARGE.png Graphic file (type png)
<use ./images/UADE_LARGE.png>
Package pdftex.def Info: ./images/UADE_LARGE.png  used on input line 137.
(pdftex.def)             Requested size: 105.2751pt x 36.8594pt.

Overfull \vbox (36.8594pt too high) has occurred while \output is active []


[23]
LaTeX Info: Redefining \sptext on input line 154.
LaTeX Info: Redefining \. on input line 154.
LaTeX Info: Redefining \% on input line 154.
LaTeX Info: Redefining \sptext on input line 154.
LaTeX Info: Redefining \. on input line 154.
LaTeX Info: Redefining \% on input line 154.
File: ./images/UADE_LARGE.png Graphic file (type png)
<use ./images/UADE_LARGE.png>
Package pdftex.def Info: ./images/UADE_LARGE.png  used on input line 161.
(pdftex.def)             Requested size: 105.2751pt x 36.8594pt.

Overfull \vbox (36.8594pt too high) has occurred while \output is active []


[24]
LaTeX Info: Redefining \sptext on input line 164.
LaTeX Info: Redefining \. on input line 164.
LaTeX Info: Redefining \% on input line 164.
LaTeX Info: Redefining \sptext on input line 164.
LaTeX Info: Redefining \. on input line 164.
LaTeX Info: Redefining \% on input line 164.
LaTeX Info: Redefining \sptext on input line 170.
LaTeX Info: Redefining \. on input line 170.
LaTeX Info: Redefining \% on input line 170.
LaTeX Info: Redefining \sptext on input line 170.
LaTeX Info: Redefining \. on input line 170.
LaTeX Info: Redefining \% on input line 170.
LaTeX Info: Redefining \sptext on input line 176.
LaTeX Info: Redefining \. on input line 176.
LaTeX Info: Redefining \% on input line 176.
LaTeX Info: Redefining \sptext on input line 176.
LaTeX Info: Redefining \. on input line 176.
LaTeX Info: Redefining \% on input line 176.
File: ./images/UADE_LARGE.png Graphic file (type png)
<use ./images/UADE_LARGE.png>
Package pdftex.def Info: ./images/UADE_LARGE.png  used on input line 180.
(pdftex.def)             Requested size: 105.2751pt x 36.8594pt.

Overfull \vbox (36.8594pt too high) has occurred while \output is active []


[25]
Underfull \hbox (badness 10000) in alignment at lines 196--202
[] [] [] []
 []


Underfull \hbox (badness 10000) in alignment at lines 202--206
[] [] [] []
 []


Underfull \hbox (badness 10000) in alignment at lines 206--217
[] [] [] []
 []

ignored error: Infinite glue shrinkage found in box being split
File: ./images/UADE_LARGE.png Graphic file (type png)
<use ./images/UADE_LARGE.png>
Package pdftex.def Info: ./images/UADE_LARGE.png  used on input line 217.
(pdftex.def)             Requested size: 105.2751pt x 36.8594pt.

Overfull \vbox (36.8594pt too high) has occurred while \output is active []


[26]
File: ./images/UADE_LARGE.png Graphic file (type png)
<use ./images/UADE_LARGE.png>
Package pdftex.def Info: ./images/UADE_LARGE.png  used on input line 231.
(pdftex.def)             Requested size: 105.2751pt x 36.8594pt.

Overfull \vbox (36.8594pt too high) has occurred while \output is active []


[27]
File: ./images/UADE_LARGE.png Graphic file (type png)
<use ./images/UADE_LARGE.png>
Package pdftex.def Info: ./images/UADE_LARGE.png  used on input line 255.
(pdftex.def)             Requested size: 105.2751pt x 36.8594pt.

Overfull \vbox (36.8594pt too high) has occurred while \output is active []


[28]
Underfull \hbox (badness 10000) in alignment at lines 264--270
[] [] []
 []


Underfull \hbox (badness 10000) in alignment at lines 270--274
[] [] []
 []


Underfull \hbox (badness 10000) in alignment at lines 274--289
[] [] []
 []


Underfull \hbox (badness 10000) in alignment at lines 304--310
[] [] [] [] [] []
 []


Underfull \hbox (badness 10000) in alignment at lines 310--314
[] [] [] [] [] []
 []


Overfull \hbox (1.5341pt too wide) in paragraph at lines 333--333
[]|\T1/ptm/m/n/10.95 (-20) RemedyLogic 
 []


Underfull \hbox (badness 10000) in alignment at lines 314--335
[] [] [] [] [] []
 []

File: ./images/UADE_LARGE.png Graphic file (type png)
<use ./images/UADE_LARGE.png>
Package pdftex.def Info: ./images/UADE_LARGE.png  used on input line 335.
(pdftex.def)             Requested size: 105.2751pt x 36.8594pt.

Overfull \vbox (36.8594pt too high) has occurred while \output is active []


[29]
ignored error: Infinite glue shrinkage found in box being split
File: ./images/UADE_LARGE.png Graphic file (type png)
<use ./images/UADE_LARGE.png>
Package pdftex.def Info: ./images/UADE_LARGE.png  used on input line 335.
(pdftex.def)             Requested size: 105.2751pt x 36.8594pt.

Overfull \vbox (36.8594pt too high) has occurred while \output is active []


[30]
ignored error: Infinite glue shrinkage found in box being split
File: ./images/UADE_LARGE.png Graphic file (type png)
<use ./images/UADE_LARGE.png>
Package pdftex.def Info: ./images/UADE_LARGE.png  used on input line 335.
(pdftex.def)             Requested size: 105.2751pt x 36.8594pt.

Overfull \vbox (36.8594pt too high) has occurred while \output is active []


[31]
Underfull \hbox (badness 10000) in alignment at lines 352--358
[] []
 []


Underfull \hbox (badness 10000) in alignment at lines 358--362
[] []
 []


Underfull \hbox (badness 10000) in alignment at lines 362--387
[] []
 []

ignored error: Infinite glue shrinkage found in box being split
File: ./images/UADE_LARGE.png Graphic file (type png)
<use ./images/UADE_LARGE.png>
Package pdftex.def Info: ./images/UADE_LARGE.png  used on input line 387.
(pdftex.def)             Requested size: 105.2751pt x 36.8594pt.

Overfull \vbox (36.8594pt too high) has occurred while \output is active []


[32]
Underfull \hbox (badness 10000) in alignment at lines 402--408
[] [] []
 []


Underfull \hbox (badness 10000) in alignment at lines 408--412
[] [] []
 []


Underfull \hbox (badness 10000) in alignment at lines 412--423
[] [] []
 []

File: ./images/UADE_LARGE.png Graphic file (type png)
<use ./images/UADE_LARGE.png>
Package pdftex.def Info: ./images/UADE_LARGE.png  used on input line 423.
(pdftex.def)             Requested size: 105.2751pt x 36.8594pt.

Overfull \vbox (36.8594pt too high) has occurred while \output is active []


[33]
File: ./images/UADE_LARGE.png Graphic file (type png)
<use ./images/UADE_LARGE.png>
Package pdftex.def Info: ./images/UADE_LARGE.png  used on input line 431.
(pdftex.def)             Requested size: 105.2751pt x 36.8594pt.

Overfull \vbox (36.8594pt too high) has occurred while \output is active []


[34]) (chapters/capitulo_07_marco_teorico.tex
File: ./images/UADE_LARGE.png Graphic file (type png)
<use ./images/UADE_LARGE.png>
Package pdftex.def Info: ./images/UADE_LARGE.png  used on input line 1.
(pdftex.def)             Requested size: 105.2751pt x 36.8594pt.

Overfull \vbox (36.8594pt too high) has occurred while \output is active []


[35]
Cap\'{\i }tulo 7.
LaTeX Info: Redefining \sptext on input line 15.
LaTeX Info: Redefining \. on input line 15.
LaTeX Info: Redefining \% on input line 15.
LaTeX Info: Redefining \sptext on input line 15.
LaTeX Info: Redefining \. on input line 15.
LaTeX Info: Redefining \% on input line 15.
LaTeX Info: Redefining \sptext on input line 15.
LaTeX Info: Redefining \. on input line 15.
LaTeX Info: Redefining \% on input line 15.
LaTeX Info: Redefining \sptext on input line 15.
LaTeX Info: Redefining \. on input line 15.
LaTeX Info: Redefining \% on input line 15.
LaTeX Info: Redefining \sptext on input line 17.
LaTeX Info: Redefining \. on input line 17.
LaTeX Info: Redefining \% on input line 17.
LaTeX Info: Redefining \sptext on input line 17.
LaTeX Info: Redefining \. on input line 17.
LaTeX Info: Redefining \% on input line 17.
LaTeX Info: Redefining \sptext on input line 17.
LaTeX Info: Redefining \. on input line 17.
LaTeX Info: Redefining \% on input line 17.
LaTeX Info: Redefining \sptext on input line 17.
LaTeX Info: Redefining \. on input line 17.
LaTeX Info: Redefining \% on input line 17.
File: ./images/UADE_LARGE.png Graphic file (type png)
<use ./images/UADE_LARGE.png>
Package pdftex.def Info: ./images/UADE_LARGE.png  used on input line 18.
(pdftex.def)             Requested size: 105.2751pt x 36.8594pt.

Overfull \vbox (36.8594pt too high) has occurred while \output is active []


[36

]
LaTeX Info: Redefining \sptext on input line 25.
LaTeX Info: Redefining \. on input line 25.
LaTeX Info: Redefining \% on input line 25.
LaTeX Info: Redefining \sptext on input line 25.
LaTeX Info: Redefining \. on input line 25.
LaTeX Info: Redefining \% on input line 25.
LaTeX Info: Redefining \sptext on input line 29.
LaTeX Info: Redefining \. on input line 29.
LaTeX Info: Redefining \% on input line 29.
LaTeX Info: Redefining \sptext on input line 29.
LaTeX Info: Redefining \. on input line 29.
LaTeX Info: Redefining \% on input line 29.
File: ./images/UADE_LARGE.png Graphic file (type png)
<use ./images/UADE_LARGE.png>
Package pdftex.def Info: ./images/UADE_LARGE.png  used on input line 38.
(pdftex.def)             Requested size: 105.2751pt x 36.8594pt.

Overfull \vbox (36.8594pt too high) has occurred while \output is active []


[37]
LaTeX Info: Redefining \sptext on input line 45.
LaTeX Info: Redefining \. on input line 45.
LaTeX Info: Redefining \% on input line 45.
LaTeX Info: Redefining \sptext on input line 45.
LaTeX Info: Redefining \. on input line 45.
LaTeX Info: Redefining \% on input line 45.
LaTeX Info: Redefining \sptext on input line 47.
LaTeX Info: Redefining \. on input line 47.
LaTeX Info: Redefining \% on input line 47.
LaTeX Info: Redefining \sptext on input line 47.
LaTeX Info: Redefining \. on input line 47.
LaTeX Info: Redefining \% on input line 47.
File: ./images/UADE_LARGE.png Graphic file (type png)
<use ./images/UADE_LARGE.png>
Package pdftex.def Info: ./images/UADE_LARGE.png  used on input line 59.
(pdftex.def)             Requested size: 105.2751pt x 36.8594pt.

Overfull \vbox (36.8594pt too high) has occurred while \output is active []


[38]
LaTeX Info: Redefining \sptext on input line 59.
LaTeX Info: Redefining \. on input line 59.
LaTeX Info: Redefining \% on input line 59.
LaTeX Info: Redefining \sptext on input line 59.
LaTeX Info: Redefining \. on input line 59.
LaTeX Info: Redefining \% on input line 59.
File: ./images/UADE_LARGE.png Graphic file (type png)
<use ./images/UADE_LARGE.png>
Package pdftex.def Info: ./images/UADE_LARGE.png  used on input line 76.
(pdftex.def)             Requested size: 105.2751pt x 36.8594pt.

Overfull \vbox (36.8594pt too high) has occurred while \output is active []


[39]
LaTeX Info: Redefining \sptext on input line 79.
LaTeX Info: Redefining \. on input line 79.
LaTeX Info: Redefining \% on input line 79.
LaTeX Info: Redefining \sptext on input line 79.
LaTeX Info: Redefining \. on input line 79.
LaTeX Info: Redefining \% on input line 79.
LaTeX Info: Redefining \sptext on input line 79.
LaTeX Info: Redefining \. on input line 79.
LaTeX Info: Redefining \% on input line 79.
LaTeX Info: Redefining \sptext on input line 79.
LaTeX Info: Redefining \. on input line 79.
LaTeX Info: Redefining \% on input line 79.
LaTeX Info: Redefining \sptext on input line 85.
LaTeX Info: Redefining \. on input line 85.
LaTeX Info: Redefining \% on input line 85.
LaTeX Info: Redefining \sptext on input line 85.
LaTeX Info: Redefining \. on input line 85.
LaTeX Info: Redefining \% on input line 85.
LaTeX Info: Redefining \sptext on input line 85.
LaTeX Info: Redefining \. on input line 85.
LaTeX Info: Redefining \% on input line 85.
LaTeX Info: Redefining \sptext on input line 85.
LaTeX Info: Redefining \. on input line 85.
LaTeX Info: Redefining \% on input line 85.
LaTeX Info: Redefining \sptext on input line 91.
LaTeX Info: Redefining \. on input line 91.
LaTeX Info: Redefining \% on input line 91.
LaTeX Info: Redefining \sptext on input line 91.
LaTeX Info: Redefining \. on input line 91.
LaTeX Info: Redefining \% on input line 91.
File: ./images/UADE_LARGE.png Graphic file (type png)
<use ./images/UADE_LARGE.png>
Package pdftex.def Info: ./images/UADE_LARGE.png  used on input line 100.
(pdftex.def)             Requested size: 105.2751pt x 36.8594pt.

Overfull \vbox (36.8594pt too high) has occurred while \output is active []


[40]
LaTeX Info: Redefining \sptext on input line 103.
LaTeX Info: Redefining \. on input line 103.
LaTeX Info: Redefining \% on input line 103.
LaTeX Info: Redefining \sptext on input line 103.
LaTeX Info: Redefining \. on input line 103.
LaTeX Info: Redefining \% on input line 103.
LaTeX Info: Redefining \sptext on input line 127.
LaTeX Info: Redefining \. on input line 127.
LaTeX Info: Redefining \% on input line 127.
LaTeX Info: Redefining \sptext on input line 127.
LaTeX Info: Redefining \. on input line 127.
LaTeX Info: Redefining \% on input line 127.
File: ./images/UADE_LARGE.png Graphic file (type png)
<use ./images/UADE_LARGE.png>
Package pdftex.def Info: ./images/UADE_LARGE.png  used on input line 129.
(pdftex.def)             Requested size: 105.2751pt x 36.8594pt.

Overfull \vbox (36.8594pt too high) has occurred while \output is active []


[41]
LaTeX Info: Redefining \sptext on input line 137.
LaTeX Info: Redefining \. on input line 137.
LaTeX Info: Redefining \% on input line 137.
LaTeX Info: Redefining \sptext on input line 137.
LaTeX Info: Redefining \. on input line 137.
LaTeX Info: Redefining \% on input line 137.
LaTeX Info: Redefining \sptext on input line 137.
LaTeX Info: Redefining \. on input line 137.
LaTeX Info: Redefining \% on input line 137.
LaTeX Info: Redefining \sptext on input line 137.
LaTeX Info: Redefining \. on input line 137.
LaTeX Info: Redefining \% on input line 137.
LaTeX Info: Redefining \sptext on input line 145.
LaTeX Info: Redefining \. on input line 145.
LaTeX Info: Redefining \% on input line 145.
LaTeX Info: Redefining \sptext on input line 145.
LaTeX Info: Redefining \. on input line 145.
LaTeX Info: Redefining \% on input line 145.
LaTeX Info: Redefining \sptext on input line 149.
LaTeX Info: Redefining \. on input line 149.
LaTeX Info: Redefining \% on input line 149.
LaTeX Info: Redefining \sptext on input line 149.
LaTeX Info: Redefining \. on input line 149.
LaTeX Info: Redefining \% on input line 149.
LaTeX Info: Redefining \sptext on input line 153.
LaTeX Info: Redefining \. on input line 153.
LaTeX Info: Redefining \% on input line 153.
LaTeX Info: Redefining \sptext on input line 153.
LaTeX Info: Redefining \. on input line 153.
LaTeX Info: Redefining \% on input line 153.
LaTeX Info: Redefining \sptext on input line 153.
LaTeX Info: Redefining \. on input line 153.
LaTeX Info: Redefining \% on input line 153.
LaTeX Info: Redefining \sptext on input line 153.
LaTeX Info: Redefining \. on input line 153.
LaTeX Info: Redefining \% on input line 153.
File: ./images/UADE_LARGE.png Graphic file (type png)
<use ./images/UADE_LARGE.png>
Package pdftex.def Info: ./images/UADE_LARGE.png  used on input line 154.
(pdftex.def)             Requested size: 105.2751pt x 36.8594pt.

Overfull \vbox (36.8594pt too high) has occurred while \output is active []


[42]
LaTeX Info: Redefining \sptext on input line 157.
LaTeX Info: Redefining \. on input line 157.
LaTeX Info: Redefining \% on input line 157.
LaTeX Info: Redefining \sptext on input line 157.
LaTeX Info: Redefining \. on input line 157.
LaTeX Info: Redefining \% on input line 157.
LaTeX Info: Redefining \sptext on input line 176.
LaTeX Info: Redefining \. on input line 176.
LaTeX Info: Redefining \% on input line 176.
LaTeX Info: Redefining \sptext on input line 176.
LaTeX Info: Redefining \. on input line 176.
LaTeX Info: Redefining \% on input line 176.
File: ./images/UADE_LARGE.png Graphic file (type png)
<use ./images/UADE_LARGE.png>
Package pdftex.def Info: ./images/UADE_LARGE.png  used on input line 177.
(pdftex.def)             Requested size: 105.2751pt x 36.8594pt.

Overfull \vbox (36.8594pt too high) has occurred while \output is active []


[43]
LaTeX Info: Redefining \sptext on input line 177.
LaTeX Info: Redefining \. on input line 177.
LaTeX Info: Redefining \% on input line 177.
LaTeX Info: Redefining \sptext on input line 177.
LaTeX Info: Redefining \. on input line 177.
LaTeX Info: Redefining \% on input line 177.
LaTeX Info: Redefining \sptext on input line 190.
LaTeX Info: Redefining \. on input line 190.
LaTeX Info: Redefining \% on input line 190.
LaTeX Info: Redefining \sptext on input line 190.
LaTeX Info: Redefining \. on input line 190.
LaTeX Info: Redefining \% on input line 190.
LaTeX Info: Redefining \sptext on input line 190.
LaTeX Info: Redefining \. on input line 190.
LaTeX Info: Redefining \% on input line 190.
LaTeX Info: Redefining \sptext on input line 190.
LaTeX Info: Redefining \. on input line 190.
LaTeX Info: Redefining \% on input line 190.
File: ./images/UADE_LARGE.png Graphic file (type png)
<use ./images/UADE_LARGE.png>
Package pdftex.def Info: ./images/UADE_LARGE.png  used on input line 208.
(pdftex.def)             Requested size: 105.2751pt x 36.8594pt.

Overfull \vbox (36.8594pt too high) has occurred while \output is active []


[44]
LaTeX Info: Redefining \sptext on input line 226.
LaTeX Info: Redefining \. on input line 226.
LaTeX Info: Redefining \% on input line 226.
LaTeX Info: Redefining \sptext on input line 226.
LaTeX Info: Redefining \. on input line 226.
LaTeX Info: Redefining \% on input line 226.
File: ./images/UADE_LARGE.png Graphic file (type png)
<use ./images/UADE_LARGE.png>
Package pdftex.def Info: ./images/UADE_LARGE.png  used on input line 239.
(pdftex.def)             Requested size: 105.2751pt x 36.8594pt.

Overfull \vbox (36.8594pt too high) has occurred while \output is active []


[45]
File: ./images/UADE_LARGE.png Graphic file (type png)
<use ./images/UADE_LARGE.png>
Package pdftex.def Info: ./images/UADE_LARGE.png  used on input line 259.
(pdftex.def)             Requested size: 105.2751pt x 36.8594pt.

Overfull \vbox (36.8594pt too high) has occurred while \output is active []


[46]
LaTeX Info: Redefining \sptext on input line 266.
LaTeX Info: Redefining \. on input line 266.
LaTeX Info: Redefining \% on input line 266.
LaTeX Info: Redefining \sptext on input line 266.
LaTeX Info: Redefining \. on input line 266.
LaTeX Info: Redefining \% on input line 266.
LaTeX Info: Redefining \sptext on input line 278.
LaTeX Info: Redefining \. on input line 278.
LaTeX Info: Redefining \% on input line 278.
LaTeX Info: Redefining \sptext on input line 278.
LaTeX Info: Redefining \. on input line 278.
LaTeX Info: Redefining \% on input line 278.
LaTeX Info: Redefining \sptext on input line 278.
LaTeX Info: Redefining \. on input line 278.
LaTeX Info: Redefining \% on input line 278.
LaTeX Info: Redefining \sptext on input line 278.
LaTeX Info: Redefining \. on input line 278.
LaTeX Info: Redefining \% on input line 278.
File: ./images/UADE_LARGE.png Graphic file (type png)
<use ./images/UADE_LARGE.png>
Package pdftex.def Info: ./images/UADE_LARGE.png  used on input line 279.
(pdftex.def)             Requested size: 105.2751pt x 36.8594pt.

Overfull \vbox (36.8594pt too high) has occurred while \output is active []


[47]
Underfull \hbox (badness 10000) in alignment at lines 295--301
[] [] []
 []


Underfull \hbox (badness 10000) in alignment at lines 301--305
[] [] []
 []


Underfull \hbox (badness 10000) in alignment at lines 305--336
[] [] []
 []

ignored error: Infinite glue shrinkage found in box being split
File: ./images/UADE_LARGE.png Graphic file (type png)
<use ./images/UADE_LARGE.png>
Package pdftex.def Info: ./images/UADE_LARGE.png  used on input line 336.
(pdftex.def)             Requested size: 105.2751pt x 36.8594pt.

Overfull \vbox (36.8594pt too high) has occurred while \output is active []


[48]) (chapters/capitulo_08_user_research.tex
File: ./images/UADE_LARGE.png Graphic file (type png)
<use ./images/UADE_LARGE.png>
Package pdftex.def Info: ./images/UADE_LARGE.png  used on input line 1.
(pdftex.def)             Requested size: 105.2751pt x 36.8594pt.

Overfull \vbox (36.8594pt too high) has occurred while \output is active []


[49]
Cap\'{\i }tulo 8.
LaTeX Info: Redefining \sptext on input line 11.
LaTeX Info: Redefining \. on input line 11.
LaTeX Info: Redefining \% on input line 11.
LaTeX Info: Redefining \sptext on input line 11.
LaTeX Info: Redefining \. on input line 11.
LaTeX Info: Redefining \% on input line 11.
File: ./images/UADE_LARGE.png Graphic file (type png)
<use ./images/UADE_LARGE.png>
Package pdftex.def Info: ./images/UADE_LARGE.png  used on input line 31.
(pdftex.def)             Requested size: 105.2751pt x 36.8594pt.

Overfull \vbox (36.8594pt too high) has occurred while \output is active []


[50

]
Underfull \hbox (badness 10000) in alignment at lines 55--60
[] [] []
 []


Underfull \hbox (badness 10000) in alignment at lines 60--65
[] [] []
 []


Underfull \hbox (badness 10000) in alignment at lines 65--67
[] [] []
 []


Underfull \hbox (badness 10000) in alignment at lines 67--80
[] [] []
 []

File: ./images/UADE_LARGE.png Graphic file (type png)
<use ./images/UADE_LARGE.png>
Package pdftex.def Info: ./images/UADE_LARGE.png  used on input line 80.
(pdftex.def)             Requested size: 105.2751pt x 36.8594pt.

Overfull \vbox (36.8594pt too high) has occurred while \output is active []


[51]
ignored error: Infinite glue shrinkage found in box being split
File: ./images/UADE_LARGE.png Graphic file (type png)
<use ./images/UADE_LARGE.png>
Package pdftex.def Info: ./images/UADE_LARGE.png  used on input line 80.
(pdftex.def)             Requested size: 105.2751pt x 36.8594pt.

Overfull \vbox (36.8594pt too high) has occurred while \output is active []


[52]
ignored error: Infinite glue shrinkage found in box being split
File: ./images/UADE_LARGE.png Graphic file (type png)
<use ./images/UADE_LARGE.png>
Package pdftex.def Info: ./images/UADE_LARGE.png  used on input line 80.
(pdftex.def)             Requested size: 105.2751pt x 36.8594pt.

Overfull \vbox (36.8594pt too high) has occurred while \output is active []


[53]
File: ./images/UADE_LARGE.png Graphic file (type png)
<use ./images/UADE_LARGE.png>
Package pdftex.def Info: ./images/UADE_LARGE.png  used on input line 96.
(pdftex.def)             Requested size: 105.2751pt x 36.8594pt.

Overfull \vbox (36.8594pt too high) has occurred while \output is active []


[54]
Underfull \hbox (badness 10000) in alignment at lines 106--111
[] [] []
 []


Underfull \hbox (badness 10000) in alignment at lines 111--116
[] [] []
 []


Underfull \hbox (badness 10000) in alignment at lines 116--118
[] [] []
 []


Underfull \hbox (badness 10000) in alignment at lines 118--127
[] [] []
 []

ignored error: Infinite glue shrinkage found in box being split
File: ./images/UADE_LARGE.png Graphic file (type png)
<use ./images/UADE_LARGE.png>
Package pdftex.def Info: ./images/UADE_LARGE.png  used on input line 127.
(pdftex.def)             Requested size: 105.2751pt x 36.8594pt.

Overfull \vbox (36.8594pt too high) has occurred while \output is active []


[55]
Underfull \hbox (badness 10000) in alignment at lines 137--142
[] []
 []


Underfull \hbox (badness 10000) in alignment at lines 142--147
[] []
 []


Underfull \hbox (badness 10000) in alignment at lines 147--149
[] []
 []


Underfull \hbox (badness 10000) in alignment at lines 149--158
[] []
 []

ignored error: Infinite glue shrinkage found in box being split
File: ./images/UADE_LARGE.png Graphic file (type png)
<use ./images/UADE_LARGE.png>
Package pdftex.def Info: ./images/UADE_LARGE.png  used on input line 158.
(pdftex.def)             Requested size: 105.2751pt x 36.8594pt.

Overfull \vbox (36.8594pt too high) has occurred while \output is active []


[56]
Underfull \hbox (badness 10000) in alignment at lines 168--173
[] [] []
 []


Underfull \hbox (badness 10000) in alignment at lines 173--178
[] [] []
 []


Underfull \hbox (badness 10000) in alignment at lines 178--180
[] [] []
 []


Underfull \hbox (badness 10000) in alignment at lines 180--194
[] [] []
 []

ignored error: Infinite glue shrinkage found in box being split
File: ./images/UADE_LARGE.png Graphic file (type png)
<use ./images/UADE_LARGE.png>
Package pdftex.def Info: ./images/UADE_LARGE.png  used on input line 194.
(pdftex.def)             Requested size: 105.2751pt x 36.8594pt.

Overfull \vbox (36.8594pt too high) has occurred while \output is active []


[57]
File: ./images/UADE_LARGE.png Graphic file (type png)
<use ./images/UADE_LARGE.png>
Package pdftex.def Info: ./images/UADE_LARGE.png  used on input line 215.
(pdftex.def)             Requested size: 105.2751pt x 36.8594pt.

Overfull \vbox (36.8594pt too high) has occurred while \output is active []


[58]
LaTeX Info: Redefining \sptext on input line 215.
LaTeX Info: Redefining \. on input line 215.
LaTeX Info: Redefining \% on input line 215.
LaTeX Info: Redefining \sptext on input line 215.
LaTeX Info: Redefining \. on input line 215.
LaTeX Info: Redefining \% on input line 215.
File: ./images/UADE_LARGE.png Graphic file (type png)
<use ./images/UADE_LARGE.png>
Package pdftex.def Info: ./images/UADE_LARGE.png  used on input line 242.
(pdftex.def)             Requested size: 105.2751pt x 36.8594pt.

Overfull \vbox (36.8594pt too high) has occurred while \output is active []


[59]
<images/user_research/fig_08_01_encuesta_p1.png, id=1817, 446.1468pt x 241.3818
pt>
File: images/user_research/fig_08_01_encuesta_p1.png Graphic file (type png)
<use images/user_research/fig_08_01_encuesta_p1.png>
Package pdftex.def Info: images/user_research/fig_08_01_encuesta_p1.png  used o
n input line 245.
(pdftex.def)             Requested size: 419.4127pt x 226.9247pt.
<images/user_research/fig_08_01_encuesta_p3.png, id=1818, 446.1468pt x 241.8636
pt>
File: images/user_research/fig_08_01_encuesta_p3.png Graphic file (type png)
<use images/user_research/fig_08_01_encuesta_p3.png>
Package pdftex.def Info: images/user_research/fig_08_01_encuesta_p3.png  used o
n input line 248.
(pdftex.def)             Requested size: 419.4127pt x 227.37764pt.
<images/user_research/fig_08_02_encuesta_p9.png, id=1819, 446.1468pt x 217.7736
pt>
File: images/user_research/fig_08_02_encuesta_p9.png Graphic file (type png)
<use images/user_research/fig_08_02_encuesta_p9.png>
Package pdftex.def Info: images/user_research/fig_08_02_encuesta_p9.png  used o
n input line 257.
(pdftex.def)             Requested size: 419.4127pt x 204.73045pt.
<images/user_research/fig_08_02_encuesta_p7.png, id=1820, 446.1468pt x 202.356p
t>
File: images/user_research/fig_08_02_encuesta_p7.png Graphic file (type png)
<use images/user_research/fig_08_02_encuesta_p7.png>
Package pdftex.def Info: images/user_research/fig_08_02_encuesta_p7.png  used o
n input line 260.
(pdftex.def)             Requested size: 419.4127pt x 190.23627pt.
<images/user_research/fig_08_03_encuesta_p11.png, id=1821, 446.1468pt x 161.884
8pt>
File: images/user_research/fig_08_03_encuesta_p11.png Graphic file (type png)
<use images/user_research/fig_08_03_encuesta_p11.png>
Package pdftex.def Info: images/user_research/fig_08_03_encuesta_p11.png  used 
on input line 270.
(pdftex.def)             Requested size: 419.4127pt x 152.18901pt.
<images/user_research/fig_08_03_encuesta_p12_p13.png, id=1822, 446.1468pt x 173
.448pt>
File: images/user_research/fig_08_03_encuesta_p12_p13.png Graphic file (type pn
g)
<use images/user_research/fig_08_03_encuesta_p12_p13.png>
Package pdftex.def Info: images/user_research/fig_08_03_encuesta_p12_p13.png  u
sed on input line 273.
(pdftex.def)             Requested size: 419.4127pt x 163.05966pt.
File: ./images/UADE_LARGE.png Graphic file (type png)
<use ./images/UADE_LARGE.png>
Package pdftex.def Info: ./images/UADE_LARGE.png  used on input line 284.
(pdftex.def)             Requested size: 105.2751pt x 36.8594pt.

Overfull \vbox (36.8594pt too high) has occurred while \output is active []


[60 <./images/user_research/fig_08_01_encuesta_p1.png> <./images/user_research/
fig_08_01_encuesta_p3.png>]
File: ./images/UADE_LARGE.png Graphic file (type png)
<use ./images/UADE_LARGE.png>
Package pdftex.def Info: ./images/UADE_LARGE.png  used on input line 284.
(pdftex.def)             Requested size: 105.2751pt x 36.8594pt.

Overfull \vbox (36.8594pt too high) has occurred while \output is active []


[61 <./images/user_research/fig_08_02_encuesta_p9.png> <./images/user_research/
fig_08_02_encuesta_p7.png>]
File: ./images/UADE_LARGE.png Graphic file (type png)
<use ./images/UADE_LARGE.png>
Package pdftex.def Info: ./images/UADE_LARGE.png  used on input line 284.
(pdftex.def)             Requested size: 105.2751pt x 36.8594pt.

Overfull \vbox (36.8594pt too high) has occurred while \output is active []


[62 <./images/user_research/fig_08_03_encuesta_p11.png> <./images/user_research
/fig_08_03_encuesta_p12_p13.png>]) (chapters/capitulo_09_requerimientos.tex
File: ./images/UADE_LARGE.png Graphic file (type png)
<use ./images/UADE_LARGE.png>
Package pdftex.def Info: ./images/UADE_LARGE.png  used on input line 1.
(pdftex.def)             Requested size: 105.2751pt x 36.8594pt.

Overfull \vbox (36.8594pt too high) has occurred while \output is active []


[63]
Cap\'{\i }tulo 9.
LaTeX Info: Redefining \sptext on input line 11.
LaTeX Info: Redefining \. on input line 11.
LaTeX Info: Redefining \% on input line 11.
LaTeX Info: Redefining \sptext on input line 11.
LaTeX Info: Redefining \. on input line 11.
LaTeX Info: Redefining \% on input line 11.

Underfull \hbox (badness 10000) in alignment at lines 29--34
[] [] []
 []


Underfull \hbox (badness 10000) in alignment at lines 34--39
[] [] []
 []


Underfull \hbox (badness 10000) in alignment at lines 39--41
[] [] []
 []


Underfull \hbox (badness 10000) in alignment at lines 41--48
[] [] []
 []

ignored error: Infinite glue shrinkage found in box being split
File: ./images/UADE_LARGE.png Graphic file (type png)
<use ./images/UADE_LARGE.png>
Package pdftex.def Info: ./images/UADE_LARGE.png  used on input line 48.
(pdftex.def)             Requested size: 105.2751pt x 36.8594pt.

Overfull \vbox (36.8594pt too high) has occurred while \output is active []


[64

]
Underfull \hbox (badness 10000) in alignment at lines 60--65
[] []
 []


Underfull \hbox (badness 10000) in alignment at lines 65--70
[] []
 []


Underfull \hbox (badness 10000) in alignment at lines 70--72
[] []
 []


Underfull \hbox (badness 10000) in alignment at lines 72--78
[] []
 []

File: ./images/UADE_LARGE.png Graphic file (type png)
<use ./images/UADE_LARGE.png>
Package pdftex.def Info: ./images/UADE_LARGE.png  used on input line 83.
(pdftex.def)             Requested size: 105.2751pt x 36.8594pt.

Overfull \vbox (36.8594pt too high) has occurred while \output is active []


[65]
Underfull \hbox (badness 10000) in alignment at lines 108--113
[] [] [] []
 []


Underfull \hbox (badness 10000) in alignment at lines 113--118
[] [] [] []
 []


Underfull \hbox (badness 10000) in alignment at lines 118--120
[] [] [] []
 []


Underfull \hbox (badness 10000) in alignment at lines 120--136
[] [] [] []
 []

ignored error: Infinite glue shrinkage found in box being split
File: ./images/UADE_LARGE.png Graphic file (type png)
<use ./images/UADE_LARGE.png>
Package pdftex.def Info: ./images/UADE_LARGE.png  used on input line 136.
(pdftex.def)             Requested size: 105.2751pt x 36.8594pt.

Overfull \vbox (36.8594pt too high) has occurred while \output is active []


[66]
Underfull \hbox (badness 10000) in alignment at lines 146--151
[] [] [] []
 []


Underfull \hbox (badness 10000) in alignment at lines 151--156
[] [] [] []
 []


Underfull \hbox (badness 10000) in alignment at lines 156--158
[] [] [] []
 []

LaTeX Font Info:    Font shape `OT1/ptm/bx/n' in size <8> not available
(Font)              Font shape `OT1/ptm/b/n' tried instead on input line 181.
LaTeX Font Info:    Font shape `OT1/ptm/bx/n' in size <6> not available
(Font)              Font shape `OT1/ptm/b/n' tried instead on input line 181.

Underfull \hbox (badness 10000) in alignment at lines 158--185
[] [] [] []
 []

File: ./images/UADE_LARGE.png Graphic file (type png)
<use ./images/UADE_LARGE.png>
Package pdftex.def Info: ./images/UADE_LARGE.png  used on input line 185.
(pdftex.def)             Requested size: 105.2751pt x 36.8594pt.

Overfull \vbox (36.8594pt too high) has occurred while \output is active []


[67]
ignored error: Infinite glue shrinkage found in box being split
File: ./images/UADE_LARGE.png Graphic file (type png)
<use ./images/UADE_LARGE.png>
Package pdftex.def Info: ./images/UADE_LARGE.png  used on input line 185.
(pdftex.def)             Requested size: 105.2751pt x 36.8594pt.

Overfull \vbox (36.8594pt too high) has occurred while \output is active []


[68]
ignored error: Infinite glue shrinkage found in box being split
File: ./images/UADE_LARGE.png Graphic file (type png)
<use ./images/UADE_LARGE.png>
Package pdftex.def Info: ./images/UADE_LARGE.png  used on input line 185.
(pdftex.def)             Requested size: 105.2751pt x 36.8594pt.

Overfull \vbox (36.8594pt too high) has occurred while \output is active []


[69]
Underfull \hbox (badness 10000) in alignment at lines 195--200
[] [] [] []
 []


Underfull \hbox (badness 10000) in alignment at lines 200--205
[] [] [] []
 []


Underfull \hbox (badness 10000) in alignment at lines 205--207
[] [] [] []
 []


Underfull \hbox (badness 10000) in alignment at lines 207--221
[] [] [] []
 []

ignored error: Infinite glue shrinkage found in box being split
File: ./images/UADE_LARGE.png Graphic file (type png)
<use ./images/UADE_LARGE.png>
Package pdftex.def Info: ./images/UADE_LARGE.png  used on input line 221.
(pdftex.def)             Requested size: 105.2751pt x 36.8594pt.

Overfull \vbox (36.8594pt too high) has occurred while \output is active []


[70]
Underfull \hbox (badness 10000) in alignment at lines 231--236
[] [] [] []
 []


Underfull \hbox (badness 10000) in alignment at lines 236--241
[] [] [] []
 []


Underfull \hbox (badness 10000) in alignment at lines 241--243
[] [] [] []
 []


Underfull \hbox (badness 10000) in alignment at lines 243--248
[] [] [] []
 []


Underfull \hbox (badness 10000) in alignment at lines 258--263
[] [] [] [] []
 []


Underfull \hbox (badness 10000) in alignment at lines 263--268
[] [] [] [] []
 []


Underfull \hbox (badness 10000) in alignment at lines 268--270
[] [] [] [] []
 []


Underfull \hbox (badness 10000) in alignment at lines 270--286
[] [] [] [] []
 []

File: ./images/UADE_LARGE.png Graphic file (type png)
<use ./images/UADE_LARGE.png>
Package pdftex.def Info: ./images/UADE_LARGE.png  used on input line 286.
(pdftex.def)             Requested size: 105.2751pt x 36.8594pt.

Overfull \vbox (36.8594pt too high) has occurred while \output is active []


[71]
File: ./images/UADE_LARGE.png Graphic file (type png)
<use ./images/UADE_LARGE.png>
Package pdftex.def Info: ./images/UADE_LARGE.png  used on input line 300.
(pdftex.def)             Requested size: 105.2751pt x 36.8594pt.

Overfull \vbox (36.8594pt too high) has occurred while \output is active []


[72]) (chapters/capitulo_10_diseno_arquitectura.tex
File: ./images/UADE_LARGE.png Graphic file (type png)
<use ./images/UADE_LARGE.png>
Package pdftex.def Info: ./images/UADE_LARGE.png  used on input line 1.
(pdftex.def)             Requested size: 105.2751pt x 36.8594pt.

Overfull \vbox (36.8594pt too high) has occurred while \output is active []


[73]
Cap\'{\i }tulo 10.
<images/architecture/fig_10_01_contexto_sistema.png, id=1889, 948.54375pt x 677
.53125pt>
File: images/architecture/fig_10_01_contexto_sistema.png Graphic file (type png
)
<use images/architecture/fig_10_01_contexto_sistema.png>
Package pdftex.def Info: images/architecture/fig_10_01_contexto_sistema.png  us
ed on input line 11.
(pdftex.def)             Requested size: 419.4127pt x 299.5827pt.
File: ./images/UADE_LARGE.png Graphic file (type png)
<use ./images/UADE_LARGE.png>
Package pdftex.def Info: ./images/UADE_LARGE.png  used on input line 23.
(pdftex.def)             Requested size: 105.2751pt x 36.8594pt.

Overfull \vbox (36.8594pt too high) has occurred while \output is active []


[74

 <./images/architecture/fig_10_01_contexto_sistema.png (PNG copy)>]
Underfull \hbox (badness 10000) in alignment at lines 29--34
[] []
 []


Underfull \hbox (badness 10000) in alignment at lines 34--39
[] []
 []


Underfull \hbox (badness 10000) in alignment at lines 39--41
[] []
 []


Underfull \hbox (badness 10000) in alignment at lines 41--49
[] []
 []


Underfull \hbox (badness 10000) in alignment at lines 66--70
[] [] []
 []


Underfull \hbox (badness 10000) in alignment at lines 70--74
[] [] []
 []


Underfull \hbox (badness 10000) in alignment at lines 74--76
[] [] []
 []


Underfull \hbox (badness 10000) in alignment at lines 76--87
[] [] []
 []

File: ./images/UADE_LARGE.png Graphic file (type png)
<use ./images/UADE_LARGE.png>
Package pdftex.def Info: ./images/UADE_LARGE.png  used on input line 87.
(pdftex.def)             Requested size: 105.2751pt x 36.8594pt.

Overfull \vbox (36.8594pt too high) has occurred while \output is active []


[75]
Underfull \hbox (badness 10000) in alignment at lines 104--108
[] [] []
 []


Underfull \hbox (badness 10000) in alignment at lines 108--112
[] [] []
 []


Underfull \hbox (badness 10000) in alignment at lines 112--114
[] [] []
 []


Underfull \hbox (badness 10000) in alignment at lines 114--123
[] [] []
 []

File: ./images/UADE_LARGE.png Graphic file (type png)
<use ./images/UADE_LARGE.png>
Package pdftex.def Info: ./images/UADE_LARGE.png  used on input line 123.
(pdftex.def)             Requested size: 105.2751pt x 36.8594pt.

Overfull \vbox (36.8594pt too high) has occurred while \output is active []


[76]
<images/architecture/fig_10_02_componentes.png, id=1905, 948.54375pt x 657.4562
5pt>
File: images/architecture/fig_10_02_componentes.png Graphic file (type png)
<use images/architecture/fig_10_02_componentes.png>
Package pdftex.def Info: images/architecture/fig_10_02_componentes.png  used on
 input line 133.
(pdftex.def)             Requested size: 419.4127pt x 290.70618pt.
<images/architecture/fig_10_03_visor_volumetrico.png, id=1906, 455.301pt x 341.
5962pt>
File: images/architecture/fig_10_03_visor_volumetrico.png Graphic file (type pn
g)
<use images/architecture/fig_10_03_visor_volumetrico.png>
Package pdftex.def Info: images/architecture/fig_10_03_visor_volumetrico.png  u
sed on input line 148.
(pdftex.def)             Requested size: 419.4127pt x 314.67886pt.
File: ./images/UADE_LARGE.png Graphic file (type png)
<use ./images/UADE_LARGE.png>
Package pdftex.def Info: ./images/UADE_LARGE.png  used on input line 154.
(pdftex.def)             Requested size: 105.2751pt x 36.8594pt.

Overfull \vbox (36.8594pt too high) has occurred while \output is active []


[77]
<images/architecture/fig_10_04_modelo_datos.png, id=1913, 948.54375pt x 679.538
76pt>
File: images/architecture/fig_10_04_modelo_datos.png Graphic file (type png)
<use images/architecture/fig_10_04_modelo_datos.png>
Package pdftex.def Info: images/architecture/fig_10_04_modelo_datos.png  used o
n input line 165.
(pdftex.def)             Requested size: 419.4127pt x 300.47037pt.

Underfull \hbox (badness 10000) in alignment at lines 178--182
[] []
 []


Underfull \hbox (badness 10000) in alignment at lines 182--186
[] []
 []


Underfull \hbox (badness 10000) in alignment at lines 186--188
[] []
 []


Underfull \hbox (badness 10000) in alignment at lines 188--201
[] []
 []

File: ./images/UADE_LARGE.png Graphic file (type png)
<use ./images/UADE_LARGE.png>
Package pdftex.def Info: ./images/UADE_LARGE.png  used on input line 201.
(pdftex.def)             Requested size: 105.2751pt x 36.8594pt.

Overfull \vbox (36.8594pt too high) has occurred while \output is active []


[78 <./images/architecture/fig_10_02_componentes.png (PNG copy)>]
File: ./images/UADE_LARGE.png Graphic file (type png)
<use ./images/UADE_LARGE.png>
Package pdftex.def Info: ./images/UADE_LARGE.png  used on input line 201.
(pdftex.def)             Requested size: 105.2751pt x 36.8594pt.

Overfull \vbox (36.8594pt too high) has occurred while \output is active []


[79 <./images/architecture/fig_10_03_visor_volumetrico.png>]
ignored error: Infinite glue shrinkage found in box being split
File: ./images/UADE_LARGE.png Graphic file (type png)
<use ./images/UADE_LARGE.png>
Package pdftex.def Info: ./images/UADE_LARGE.png  used on input line 201.
(pdftex.def)             Requested size: 105.2751pt x 36.8594pt.

Overfull \vbox (36.8594pt too high) has occurred while \output is active []


[80 <./images/architecture/fig_10_04_modelo_datos.png>]
<images/architecture/fig_10_05_clases_dominio.png, id=1931, 373.395pt x 368.095
2pt>
File: images/architecture/fig_10_05_clases_dominio.png Graphic file (type png)
<use images/architecture/fig_10_05_clases_dominio.png>
Package pdftex.def Info: images/architecture/fig_10_05_clases_dominio.png  used
 on input line 221.
(pdftex.def)             Requested size: 328.23724pt x 323.59337pt.
File: ./images/UADE_LARGE.png Graphic file (type png)
<use ./images/UADE_LARGE.png>
Package pdftex.def Info: ./images/UADE_LARGE.png  used on input line 232.
(pdftex.def)             Requested size: 105.2751pt x 36.8594pt.

Overfull \vbox (36.8594pt too high) has occurred while \output is active []


[81]
File: ./images/UADE_LARGE.png Graphic file (type png)
<use ./images/UADE_LARGE.png>
Package pdftex.def Info: ./images/UADE_LARGE.png  used on input line 232.
(pdftex.def)             Requested size: 105.2751pt x 36.8594pt.

Overfull \vbox (36.8594pt too high) has occurred while \output is active []


[82 <./images/architecture/fig_10_05_clases_dominio.png>]
<images/architecture/fig_10_06_flujo_end_to_end.png, id=1941, 455.301pt x 317.0
244pt>
File: images/architecture/fig_10_06_flujo_end_to_end.png Graphic file (type png
)
<use images/architecture/fig_10_06_flujo_end_to_end.png>
Package pdftex.def Info: images/architecture/fig_10_06_flujo_end_to_end.png  us
ed on input line 249.
(pdftex.def)             Requested size: 419.4127pt x 292.0433pt.

Underfull \hbox (badness 10000) in alignment at lines 274--278
[] [] [] []
 []


Underfull \hbox (badness 10000) in alignment at lines 278--282
[] [] [] []
 []


Underfull \hbox (badness 10000) in alignment at lines 282--284
[] [] [] []
 []


Underfull \hbox (badness 10000) in alignment at lines 284--291
[] [] [] []
 []

File: ./images/UADE_LARGE.png Graphic file (type png)
<use ./images/UADE_LARGE.png>
Package pdftex.def Info: ./images/UADE_LARGE.png  used on input line 291.
(pdftex.def)             Requested size: 105.2751pt x 36.8594pt.

Overfull \vbox (36.8594pt too high) has occurred while \output is active []


[83]
File: ./images/UADE_LARGE.png Graphic file (type png)
<use ./images/UADE_LARGE.png>
Package pdftex.def Info: ./images/UADE_LARGE.png  used on input line 302.
(pdftex.def)             Requested size: 105.2751pt x 36.8594pt.

Overfull \vbox (36.8594pt too high) has occurred while \output is active []


[84 <./images/architecture/fig_10_06_flujo_end_to_end.png>]
Underfull \hbox (badness 10000) in alignment at lines 322--326
[] [] []
 []


Underfull \hbox (badness 10000) in alignment at lines 326--330
[] [] []
 []


Underfull \hbox (badness 10000) in alignment at lines 330--332
[] [] []
 []


Underfull \hbox (badness 10000) in alignment at lines 332--336
[] [] []
 []

File: ./images/UADE_LARGE.png Graphic file (type png)
<use ./images/UADE_LARGE.png>
Package pdftex.def Info: ./images/UADE_LARGE.png  used on input line 342.
(pdftex.def)             Requested size: 105.2751pt x 36.8594pt.

Overfull \vbox (36.8594pt too high) has occurred while \output is active []


[85]
Underfull \hbox (badness 10000) in alignment at lines 354--358
[] [] []
 []


Underfull \hbox (badness 10000) in alignment at lines 358--362
[] [] []
 []


Underfull \hbox (badness 10000) in alignment at lines 362--364
[] [] []
 []


Underfull \hbox (badness 10000) in alignment at lines 364--374
[] [] []
 []

ignored error: Infinite glue shrinkage found in box being split
File: ./images/UADE_LARGE.png Graphic file (type png)
<use ./images/UADE_LARGE.png>
Package pdftex.def Info: ./images/UADE_LARGE.png  used on input line 374.
(pdftex.def)             Requested size: 105.2751pt x 36.8594pt.

Overfull \vbox (36.8594pt too high) has occurred while \output is active []


[86]
Underfull \hbox (badness 10000) in alignment at lines 389--393
[] [] [] []
 []


Underfull \hbox (badness 10000) in alignment at lines 393--397
[] [] [] []
 []


Underfull \hbox (badness 10000) in alignment at lines 397--399
[] [] [] []
 []


Underfull \hbox (badness 10000) in alignment at lines 399--405
[] [] [] []
 []

ignored error: Infinite glue shrinkage found in box being split
File: ./images/UADE_LARGE.png Graphic file (type png)
<use ./images/UADE_LARGE.png>
Package pdftex.def Info: ./images/UADE_LARGE.png  used on input line 405.
(pdftex.def)             Requested size: 105.2751pt x 36.8594pt.

Overfull \vbox (36.8594pt too high) has occurred while \output is active []


[87]
File: ./images/UADE_LARGE.png Graphic file (type png)
<use ./images/UADE_LARGE.png>
Package pdftex.def Info: ./images/UADE_LARGE.png  used on input line 436.
(pdftex.def)             Requested size: 105.2751pt x 36.8594pt.

Overfull \vbox (36.8594pt too high) has occurred while \output is active []


[88]
Underfull \hbox (badness 10000) in alignment at lines 445--449
[] [] [] [] [] []
 []


Underfull \hbox (badness 10000) in alignment at lines 449--453
[] [] [] [] [] []
 []


Underfull \hbox (badness 10000) in alignment at lines 453--455
[] [] [] [] [] []
 []


Underfull \hbox (badness 10000) in alignment at lines 455--461
[] [] [] [] [] []
 []

ignored error: Infinite glue shrinkage found in box being split
File: ./images/UADE_LARGE.png Graphic file (type png)
<use ./images/UADE_LARGE.png>
Package pdftex.def Info: ./images/UADE_LARGE.png  used on input line 461.
(pdftex.def)             Requested size: 105.2751pt x 36.8594pt.

Overfull \vbox (36.8594pt too high) has occurred while \output is active []


[89]
<images/architecture/fig_10_07_despliegue_google_cloud.png, id=1983, 455.301pt 
x 315.579pt>
File: images/architecture/fig_10_07_despliegue_google_cloud.png Graphic file (t
ype png)
<use images/architecture/fig_10_07_despliegue_google_cloud.png>
Package pdftex.def Info: images/architecture/fig_10_07_despliegue_google_cloud.
png  used on input line 468.
(pdftex.def)             Requested size: 419.4127pt x 290.71179pt.
File: ./images/UADE_LARGE.png Graphic file (type png)
<use ./images/UADE_LARGE.png>
Package pdftex.def Info: ./images/UADE_LARGE.png  used on input line 475.
(pdftex.def)             Requested size: 105.2751pt x 36.8594pt.

Overfull \vbox (36.8594pt too high) has occurred while \output is active []


[90]
File: ./images/UADE_LARGE.png Graphic file (type png)
<use ./images/UADE_LARGE.png>
Package pdftex.def Info: ./images/UADE_LARGE.png  used on input line 489.
(pdftex.def)             Requested size: 105.2751pt x 36.8594pt.

Overfull \vbox (36.8594pt too high) has occurred while \output is active []


[91 <./images/architecture/fig_10_07_despliegue_google_cloud.png>]
Underfull \hbox (badness 10000) in alignment at lines 535--540
[] [] [] []
 []


Underfull \hbox (badness 10000) in alignment at lines 540--545
[] [] [] []
 []


Underfull \hbox (badness 10000) in alignment at lines 545--547
[] [] [] []
 []


Underfull \hbox (badness 10000) in alignment at lines 547--558
[] [] [] []
 []

ignored error: Infinite glue shrinkage found in box being split
File: ./images/UADE_LARGE.png Graphic file (type png)
<use ./images/UADE_LARGE.png>
Package pdftex.def Info: ./images/UADE_LARGE.png  used on input line 558.
(pdftex.def)             Requested size: 105.2751pt x 36.8594pt.

Overfull \vbox (36.8594pt too high) has occurred while \output is active []


[92]) (chapters/capitulo_11_capacidades_prototipo.tex
File: ./images/UADE_LARGE.png Graphic file (type png)
<use ./images/UADE_LARGE.png>
Package pdftex.def Info: ./images/UADE_LARGE.png  used on input line 1.
(pdftex.def)             Requested size: 105.2751pt x 36.8594pt.

Overfull \vbox (36.8594pt too high) has occurred while \output is active []


[93]
Cap\'{\i }tulo 11.

Underfull \hbox (badness 10000) in alignment at lines 25--30
[] [] []
 []


Underfull \hbox (badness 10000) in alignment at lines 30--34
[] [] []
 []


Underfull \hbox (badness 10000) in alignment at lines 34--36
[] [] []
 []


Underfull \hbox (badness 10000) in alignment at lines 36--42
[] [] []
 []

ignored error: Infinite glue shrinkage found in box being split
File: ./images/UADE_LARGE.png Graphic file (type png)
<use ./images/UADE_LARGE.png>
Package pdftex.def Info: ./images/UADE_LARGE.png  used on input line 42.
(pdftex.def)             Requested size: 105.2751pt x 36.8594pt.

Overfull \vbox (36.8594pt too high) has occurred while \output is active []


[94

]
File: ./images/UADE_LARGE.png Graphic file (type png)
<use ./images/UADE_LARGE.png>
Package pdftex.def Info: ./images/UADE_LARGE.png  used on input line 80.
(pdftex.def)             Requested size: 105.2751pt x 36.8594pt.

Overfull \vbox (36.8594pt too high) has occurred while \output is active []


[95]
Underfull \hbox (badness 10000) in alignment at lines 107--112
[] [] [] []
 []


Underfull \hbox (badness 10000) in alignment at lines 112--116
[] [] [] []
 []


Underfull \hbox (badness 10000) in alignment at lines 116--118
[] [] [] []
 []


Underfull \hbox (badness 10000) in alignment at lines 118--126
[] [] [] []
 []

File: ./images/UADE_LARGE.png Graphic file (type png)
<use ./images/UADE_LARGE.png>
Package pdftex.def Info: ./images/UADE_LARGE.png  used on input line 130.
(pdftex.def)             Requested size: 105.2751pt x 36.8594pt.

Overfull \vbox (36.8594pt too high) has occurred while \output is active []


[96]
Underfull \hbox (badness 10000) in alignment at lines 161--166
[] [] [] [] []
 []


Underfull \hbox (badness 10000) in alignment at lines 166--170
[] [] [] [] []
 []


Underfull \hbox (badness 10000) in alignment at lines 170--172
[] [] [] [] []
 []


Underfull \hbox (badness 10000) in alignment at lines 172--180
[] [] [] [] []
 []

File: ./images/UADE_LARGE.png Graphic file (type png)
<use ./images/UADE_LARGE.png>
Package pdftex.def Info: ./images/UADE_LARGE.png  used on input line 180.
(pdftex.def)             Requested size: 105.2751pt x 36.8594pt.

Overfull \vbox (36.8594pt too high) has occurred while \output is active []


[97]
File: ./images/UADE_LARGE.png Graphic file (type png)
<use ./images/UADE_LARGE.png>
Package pdftex.def Info: ./images/UADE_LARGE.png  used on input line 205.
(pdftex.def)             Requested size: 105.2751pt x 36.8594pt.

Overfull \vbox (36.8594pt too high) has occurred while \output is active []


[98]
File: ./images/UADE_LARGE.png Graphic file (type png)
<use ./images/UADE_LARGE.png>
Package pdftex.def Info: ./images/UADE_LARGE.png  used on input line 220.
(pdftex.def)             Requested size: 105.2751pt x 36.8594pt.

Overfull \vbox (36.8594pt too high) has occurred while \output is active []


[99]
File: ./images/UADE_LARGE.png Graphic file (type png)
<use ./images/UADE_LARGE.png>
Package pdftex.def Info: ./images/UADE_LARGE.png  used on input line 246.
(pdftex.def)             Requested size: 105.2751pt x 36.8594pt.

Overfull \vbox (36.8594pt too high) has occurred while \output is active []


[100]
File: ./images/UADE_LARGE.png Graphic file (type png)
<use ./images/UADE_LARGE.png>
Package pdftex.def Info: ./images/UADE_LARGE.png  used on input line 285.
(pdftex.def)             Requested size: 105.2751pt x 36.8594pt.

Overfull \vbox (36.8594pt too high) has occurred while \output is active []


[101]
File: ./images/UADE_LARGE.png Graphic file (type png)
<use ./images/UADE_LARGE.png>
Package pdftex.def Info: ./images/UADE_LARGE.png  used on input line 329.
(pdftex.def)             Requested size: 105.2751pt x 36.8594pt.

Overfull \vbox (36.8594pt too high) has occurred while \output is active []


[102]
Overfull \hbox (14.64104pt too wide) in alignment at lines 337--342
[] [] [] [] [] [] []
 []


Overfull \hbox (14.64104pt too wide) in alignment at lines 342--346
[] [] [] [] [] [] []
 []


Overfull \hbox (14.64104pt too wide) in alignment at lines 346--348
[] [] [] [] [] [] []
 []


Overfull \hbox (14.64104pt too wide) in alignment at lines 348--358
[] [] [] [] [] [] []
 []

File: ./images/UADE_LARGE.png Graphic file (type png)
<use ./images/UADE_LARGE.png>
Package pdftex.def Info: ./images/UADE_LARGE.png  used on input line 367.
(pdftex.def)             Requested size: 105.2751pt x 36.8594pt.

Overfull \vbox (36.8594pt too high) has occurred while \output is active []


[103]
Underfull \hbox (badness 10000) in alignment at lines 387--392
[] [] []
 []


Underfull \hbox (badness 10000) in alignment at lines 392--396
[] [] []
 []


Underfull \hbox (badness 10000) in alignment at lines 396--398
[] [] []
 []


Underfull \hbox (badness 10000) in alignment at lines 398--417
[] [] []
 []

ignored error: Infinite glue shrinkage found in box being split
File: ./images/UADE_LARGE.png Graphic file (type png)
<use ./images/UADE_LARGE.png>
Package pdftex.def Info: ./images/UADE_LARGE.png  used on input line 417.
(pdftex.def)             Requested size: 105.2751pt x 36.8594pt.

Overfull \vbox (36.8594pt too high) has occurred while \output is active []


[104]) (chapters/capitulo_12_metodologia_validacion.tex
File: ./images/UADE_LARGE.png Graphic file (type png)
<use ./images/UADE_LARGE.png>
Package pdftex.def Info: ./images/UADE_LARGE.png  used on input line 1.
(pdftex.def)             Requested size: 105.2751pt x 36.8594pt.

Overfull \vbox (36.8594pt too high) has occurred while \output is active []


[105]
Cap\'{\i }tulo 12.
LaTeX Info: Redefining \sptext on input line 8.
LaTeX Info: Redefining \. on input line 8.
LaTeX Info: Redefining \% on input line 8.
LaTeX Info: Redefining \sptext on input line 8.
LaTeX Info: Redefining \. on input line 8.
LaTeX Info: Redefining \% on input line 8.
File: ./images/UADE_LARGE.png Graphic file (type png)
<use ./images/UADE_LARGE.png>
Package pdftex.def Info: ./images/UADE_LARGE.png  used on input line 24.
(pdftex.def)             Requested size: 105.2751pt x 36.8594pt.

Overfull \vbox (36.8594pt too high) has occurred while \output is active []


[106

]
File: ./images/UADE_LARGE.png Graphic file (type png)
<use ./images/UADE_LARGE.png>
Package pdftex.def Info: ./images/UADE_LARGE.png  used on input line 41.
(pdftex.def)             Requested size: 105.2751pt x 36.8594pt.

Overfull \vbox (36.8594pt too high) has occurred while \output is active []


[107]
File: ./images/UADE_LARGE.png Graphic file (type png)
<use ./images/UADE_LARGE.png>
Package pdftex.def Info: ./images/UADE_LARGE.png  used on input line 57.
(pdftex.def)             Requested size: 105.2751pt x 36.8594pt.

Overfull \vbox (36.8594pt too high) has occurred while \output is active []


[108]) (chapters/capitulo_13_resultados_evaluacion.tex
File: ./images/UADE_LARGE.png Graphic file (type png)
<use ./images/UADE_LARGE.png>
Package pdftex.def Info: ./images/UADE_LARGE.png  used on input line 1.
(pdftex.def)             Requested size: 105.2751pt x 36.8594pt.

Overfull \vbox (36.8594pt too high) has occurred while \output is active []


[109]
Cap\'{\i }tulo 13.

Underfull \hbox (badness 10000) in alignment at lines 21--26
[] [] [] [] []
 []


Underfull \hbox (badness 10000) in alignment at lines 26--30
[] [] [] [] []
 []


Underfull \hbox (badness 10000) in alignment at lines 30--32
[] [] [] [] []
 []


Underfull \hbox (badness 10000) in alignment at lines 32--36
[] [] [] [] []
 []

File: ./images/UADE_LARGE.png Graphic file (type png)
<use ./images/UADE_LARGE.png>
Package pdftex.def Info: ./images/UADE_LARGE.png  used on input line 41.
(pdftex.def)             Requested size: 105.2751pt x 36.8594pt.

Overfull \vbox (36.8594pt too high) has occurred while \output is active []


[110

]
Underfull \hbox (badness 10000) in alignment at lines 52--57
[] [] [] [] []
 []


Underfull \hbox (badness 10000) in alignment at lines 57--61
[] [] [] [] []
 []


Underfull \hbox (badness 10000) in alignment at lines 61--63
[] [] [] [] []
 []


Underfull \hbox (badness 10000) in alignment at lines 63--68
[] [] [] [] []
 []

File: ./images/UADE_LARGE.png Graphic file (type png)
<use ./images/UADE_LARGE.png>
Package pdftex.def Info: ./images/UADE_LARGE.png  used on input line 82.
(pdftex.def)             Requested size: 105.2751pt x 36.8594pt.

Overfull \vbox (36.8594pt too high) has occurred while \output is active []


[111]
Underfull \hbox (badness 10000) in alignment at lines 104--109
[] [] [] []
 []


Underfull \hbox (badness 10000) in alignment at lines 109--113
[] [] [] []
 []


Underfull \hbox (badness 10000) in alignment at lines 113--115
[] [] [] []
 []


Underfull \hbox (badness 10000) in alignment at lines 115--120
[] [] [] []
 []

File: ./images/UADE_LARGE.png Graphic file (type png)
<use ./images/UADE_LARGE.png>
Package pdftex.def Info: ./images/UADE_LARGE.png  used on input line 120.
(pdftex.def)             Requested size: 105.2751pt x 36.8594pt.

Overfull \vbox (36.8594pt too high) has occurred while \output is active []


[112]
File: ./images/UADE_LARGE.png Graphic file (type png)
<use ./images/UADE_LARGE.png>
Package pdftex.def Info: ./images/UADE_LARGE.png  used on input line 140.
(pdftex.def)             Requested size: 105.2751pt x 36.8594pt.

Overfull \vbox (36.8594pt too high) has occurred while \output is active []


[113]) (chapters/capitulo_14_planificacion_academica.tex
File: ./images/UADE_LARGE.png Graphic file (type png)
<use ./images/UADE_LARGE.png>
Package pdftex.def Info: ./images/UADE_LARGE.png  used on input line 1.
(pdftex.def)             Requested size: 105.2751pt x 36.8594pt.

Overfull \vbox (36.8594pt too high) has occurred while \output is active []


[114]
Cap\'{\i }tulo 14.
ignored error: Infinite glue shrinkage found in box being split
File: ./images/UADE_LARGE.png Graphic file (type png)
<use ./images/UADE_LARGE.png>
Package pdftex.def Info: ./images/UADE_LARGE.png  used on input line 60.
(pdftex.def)             Requested size: 105.2751pt x 36.8594pt.

Overfull \vbox (36.8594pt too high) has occurred while \output is active []


[115

]) (appendices/anexo_a_cronograma.tex
File: ./images/UADE_LARGE.png Graphic file (type png)
<use ./images/UADE_LARGE.png>
Package pdftex.def Info: ./images/UADE_LARGE.png  used on input line 1.
(pdftex.def)             Requested size: 105.2751pt x 36.8594pt.

Overfull \vbox (36.8594pt too high) has occurred while \output is active []


[116]
File: ./images/UADE_LARGE.png Graphic file (type png)
<use ./images/UADE_LARGE.png>
Package pdftex.def Info: ./images/UADE_LARGE.png  used on input line 1.
(pdftex.def)             Requested size: 105.2751pt x 36.8594pt.

Overfull \vbox (36.8594pt too high) has occurred while \output is active []


[117]
Ap\'{e}ndice A.
File: ./images/UADE_LARGE.png Graphic file (type png)
<use ./images/UADE_LARGE.png>
Package pdftex.def Info: ./images/UADE_LARGE.png  used on input line 96.
(pdftex.def)             Requested size: 105.2751pt x 36.8594pt.

Overfull \vbox (36.8594pt too high) has occurred while \output is active []


[118

]
ignored error: Infinite glue shrinkage found in box being split
File: ./images/UADE_LARGE.png Graphic file (type png)
<use ./images/UADE_LARGE.png>
Package pdftex.def Info: ./images/UADE_LARGE.png  used on input line 127.
(pdftex.def)             Requested size: 105.2751pt x 36.8594pt.

Overfull \vbox (36.8594pt too high) has occurred while \output is active []


[119]) (appendices/anexo_b_glosario.tex
File: ./images/UADE_LARGE.png Graphic file (type png)
<use ./images/UADE_LARGE.png>
Package pdftex.def Info: ./images/UADE_LARGE.png  used on input line 1.
(pdftex.def)             Requested size: 105.2751pt x 36.8594pt.

Overfull \vbox (36.8594pt too high) has occurred while \output is active []


[120]
Ap\'{e}ndice B.
File: ./images/UADE_LARGE.png Graphic file (type png)
<use ./images/UADE_LARGE.png>
Package pdftex.def Info: ./images/UADE_LARGE.png  used on input line 22.
(pdftex.def)             Requested size: 105.2751pt x 36.8594pt.

Overfull \vbox (36.8594pt too high) has occurred while \output is active []


[121

]
File: ./images/UADE_LARGE.png Graphic file (type png)
<use ./images/UADE_LARGE.png>
Package pdftex.def Info: ./images/UADE_LARGE.png  used on input line 41.
(pdftex.def)             Requested size: 105.2751pt x 36.8594pt.

Overfull \vbox (36.8594pt too high) has occurred while \output is active []


[122]
File: ./images/UADE_LARGE.png Graphic file (type png)
<use ./images/UADE_LARGE.png>
Package pdftex.def Info: ./images/UADE_LARGE.png  used on input line 61.
(pdftex.def)             Requested size: 105.2751pt x 36.8594pt.

Overfull \vbox (36.8594pt too high) has occurred while \output is active []


[123]
File: ./images/UADE_LARGE.png Graphic file (type png)
<use ./images/UADE_LARGE.png>
Package pdftex.def Info: ./images/UADE_LARGE.png  used on input line 83.
(pdftex.def)             Requested size: 105.2751pt x 36.8594pt.

Overfull \vbox (36.8594pt too high) has occurred while \output is active []


[124]
File: ./images/UADE_LARGE.png Graphic file (type png)
<use ./images/UADE_LARGE.png>
Package pdftex.def Info: ./images/UADE_LARGE.png  used on input line 104.
(pdftex.def)             Requested size: 105.2751pt x 36.8594pt.

Overfull \vbox (36.8594pt too high) has occurred while \output is active []


[125]) (appendices/anexo_c_anatomia.tex
File: ./images/UADE_LARGE.png Graphic file (type png)
<use ./images/UADE_LARGE.png>
Package pdftex.def Info: ./images/UADE_LARGE.png  used on input line 1.
(pdftex.def)             Requested size: 105.2751pt x 36.8594pt.

Overfull \vbox (36.8594pt too high) has occurred while \output is active []


[126]
Ap\'{e}ndice C.
<images/anatomy/fig_c_01_columna_lumbar_sagital.png, id=2144, 282.3348pt x 200.
4288pt>
File: images/anatomy/fig_c_01_columna_lumbar_sagital.png Graphic file (type png
)
<use images/anatomy/fig_c_01_columna_lumbar_sagital.png>
Package pdftex.def Info: images/anatomy/fig_c_01_columna_lumbar_sagital.png  us
ed on input line 20.
(pdftex.def)             Requested size: 419.4127pt x 297.76154pt.
File: ./images/UADE_LARGE.png Graphic file (type png)
<use ./images/UADE_LARGE.png>
Package pdftex.def Info: ./images/UADE_LARGE.png  used on input line 24.
(pdftex.def)             Requested size: 105.2751pt x 36.8594pt.

Overfull \vbox (36.8594pt too high) has occurred while \output is active []


[127

]
<images/anatomy/fig_c_02_segmentacion_conceptual.png, id=2149, 455.301pt x 184.
0476pt>
File: images/anatomy/fig_c_02_segmentacion_conceptual.png Graphic file (type pn
g)
<use images/anatomy/fig_c_02_segmentacion_conceptual.png>
Package pdftex.def Info: images/anatomy/fig_c_02_segmentacion_conceptual.png  u
sed on input line 29.
(pdftex.def)             Requested size: 419.4127pt x 169.54489pt.
) (appendices/anexo_d_entrevistas.tex
File: ./images/UADE_LARGE.png Graphic file (type png)
<use ./images/UADE_LARGE.png>
Package pdftex.def Info: ./images/UADE_LARGE.png  used on input line 1.
(pdftex.def)             Requested size: 105.2751pt x 36.8594pt.

Overfull \vbox (36.8594pt too high) has occurred while \output is active []


[128 <./images/anatomy/fig_c_01_columna_lumbar_sagital.png> <./images/anatomy/f
ig_c_02_segmentacion_conceptual.png>]
Ap\'{e}ndice D.
File: ./images/UADE_LARGE.png Graphic file (type png)
<use ./images/UADE_LARGE.png>
Package pdftex.def Info: ./images/UADE_LARGE.png  used on input line 30.
(pdftex.def)             Requested size: 105.2751pt x 36.8594pt.

Overfull \vbox (36.8594pt too high) has occurred while \output is active []


[129

]
File: ./images/UADE_LARGE.png Graphic file (type png)
<use ./images/UADE_LARGE.png>
Package pdftex.def Info: ./images/UADE_LARGE.png  used on input line 49.
(pdftex.def)             Requested size: 105.2751pt x 36.8594pt.

Overfull \vbox (36.8594pt too high) has occurred while \output is active []


[130]
File: ./images/UADE_LARGE.png Graphic file (type png)
<use ./images/UADE_LARGE.png>
Package pdftex.def Info: ./images/UADE_LARGE.png  used on input line 70.
(pdftex.def)             Requested size: 105.2751pt x 36.8594pt.

Overfull \vbox (36.8594pt too high) has occurred while \output is active []


[131]
File: ./images/UADE_LARGE.png Graphic file (type png)
<use ./images/UADE_LARGE.png>
Package pdftex.def Info: ./images/UADE_LARGE.png  used on input line 112.
(pdftex.def)             Requested size: 105.2751pt x 36.8594pt.

Overfull \vbox (36.8594pt too high) has occurred while \output is active []


[132]
File: ./images/UADE_LARGE.png Graphic file (type png)
<use ./images/UADE_LARGE.png>
Package pdftex.def Info: ./images/UADE_LARGE.png  used on input line 127.
(pdftex.def)             Requested size: 105.2751pt x 36.8594pt.

Overfull \vbox (36.8594pt too high) has occurred while \output is active []


[133]
File: ./images/UADE_LARGE.png Graphic file (type png)
<use ./images/UADE_LARGE.png>
Package pdftex.def Info: ./images/UADE_LARGE.png  used on input line 145.
(pdftex.def)             Requested size: 105.2751pt x 36.8594pt.

Overfull \vbox (36.8594pt too high) has occurred while \output is active []


[134]
File: ./images/UADE_LARGE.png Graphic file (type png)
<use ./images/UADE_LARGE.png>
Package pdftex.def Info: ./images/UADE_LARGE.png  used on input line 167.
(pdftex.def)             Requested size: 105.2751pt x 36.8594pt.

Overfull \vbox (36.8594pt too high) has occurred while \output is active []


[135]
File: ./images/UADE_LARGE.png Graphic file (type png)
<use ./images/UADE_LARGE.png>
Package pdftex.def Info: ./images/UADE_LARGE.png  used on input line 200.
(pdftex.def)             Requested size: 105.2751pt x 36.8594pt.

Overfull \vbox (36.8594pt too high) has occurred while \output is active []


[136]
File: ./images/UADE_LARGE.png Graphic file (type png)
<use ./images/UADE_LARGE.png>
Package pdftex.def Info: ./images/UADE_LARGE.png  used on input line 220.
(pdftex.def)             Requested size: 105.2751pt x 36.8594pt.

Overfull \vbox (36.8594pt too high) has occurred while \output is active []


[137]
File: ./images/UADE_LARGE.png Graphic file (type png)
<use ./images/UADE_LARGE.png>
Package pdftex.def Info: ./images/UADE_LARGE.png  used on input line 244.
(pdftex.def)             Requested size: 105.2751pt x 36.8594pt.

Overfull \vbox (36.8594pt too high) has occurred while \output is active []


[138]
File: ./images/UADE_LARGE.png Graphic file (type png)
<use ./images/UADE_LARGE.png>
Package pdftex.def Info: ./images/UADE_LARGE.png  used on input line 270.
(pdftex.def)             Requested size: 105.2751pt x 36.8594pt.

Overfull \vbox (36.8594pt too high) has occurred while \output is active []


[139]
File: ./images/UADE_LARGE.png Graphic file (type png)
<use ./images/UADE_LARGE.png>
Package pdftex.def Info: ./images/UADE_LARGE.png  used on input line 304.
(pdftex.def)             Requested size: 105.2751pt x 36.8594pt.

Overfull \vbox (36.8594pt too high) has occurred while \output is active []


[140]
File: ./images/UADE_LARGE.png Graphic file (type png)
<use ./images/UADE_LARGE.png>
Package pdftex.def Info: ./images/UADE_LARGE.png  used on input line 328.
(pdftex.def)             Requested size: 105.2751pt x 36.8594pt.

Overfull \vbox (36.8594pt too high) has occurred while \output is active []


[141]
File: ./images/UADE_LARGE.png Graphic file (type png)
<use ./images/UADE_LARGE.png>
Package pdftex.def Info: ./images/UADE_LARGE.png  used on input line 358.
(pdftex.def)             Requested size: 105.2751pt x 36.8594pt.

Overfull \vbox (36.8594pt too high) has occurred while \output is active []


[142]
File: ./images/UADE_LARGE.png Graphic file (type png)
<use ./images/UADE_LARGE.png>
Package pdftex.def Info: ./images/UADE_LARGE.png  used on input line 378.
(pdftex.def)             Requested size: 105.2751pt x 36.8594pt.

Overfull \vbox (36.8594pt too high) has occurred while \output is active []


[143]
File: ./images/UADE_LARGE.png Graphic file (type png)
<use ./images/UADE_LARGE.png>
Package pdftex.def Info: ./images/UADE_LARGE.png  used on input line 394.
(pdftex.def)             Requested size: 105.2751pt x 36.8594pt.

Overfull \vbox (36.8594pt too high) has occurred while \output is active []


[144]
File: ./images/UADE_LARGE.png Graphic file (type png)
<use ./images/UADE_LARGE.png>
Package pdftex.def Info: ./images/UADE_LARGE.png  used on input line 410.
(pdftex.def)             Requested size: 105.2751pt x 36.8594pt.

Overfull \vbox (36.8594pt too high) has occurred while \output is active []


[145]
File: ./images/UADE_LARGE.png Graphic file (type png)
<use ./images/UADE_LARGE.png>
Package pdftex.def Info: ./images/UADE_LARGE.png  used on input line 439.
(pdftex.def)             Requested size: 105.2751pt x 36.8594pt.

Overfull \vbox (36.8594pt too high) has occurred while \output is active []


[146]) (appendices/anexo_e_configuracion_entrenamiento.tex
File: ./images/UADE_LARGE.png Graphic file (type png)
<use ./images/UADE_LARGE.png>
Package pdftex.def Info: ./images/UADE_LARGE.png  used on input line 1.
(pdftex.def)             Requested size: 105.2751pt x 36.8594pt.

Overfull \vbox (36.8594pt too high) has occurred while \output is active []


[147]
Ap\'{e}ndice E.
File: ./images/UADE_LARGE.png Graphic file (type png)
<use ./images/UADE_LARGE.png>
Package pdftex.def Info: ./images/UADE_LARGE.png  used on input line 90.
(pdftex.def)             Requested size: 105.2751pt x 36.8594pt.

Overfull \vbox (36.8594pt too high) has occurred while \output is active []


[148

]
File: ./images/UADE_LARGE.png Graphic file (type png)
<use ./images/UADE_LARGE.png>
Package pdftex.def Info: ./images/UADE_LARGE.png  used on input line 125.
(pdftex.def)             Requested size: 105.2751pt x 36.8594pt.

Overfull \vbox (36.8594pt too high) has occurred while \output is active []


[149]) (appendices/anexo_f_evolucion_tecnica.tex
File: ./images/UADE_LARGE.png Graphic file (type png)
<use ./images/UADE_LARGE.png>
Package pdftex.def Info: ./images/UADE_LARGE.png  used on input line 1.
(pdftex.def)             Requested size: 105.2751pt x 36.8594pt.

Overfull \vbox (36.8594pt too high) has occurred while \output is active []


[150]
Ap\'{e}ndice F.
) (appendices/anexo_g_adr.tex
File: ./images/UADE_LARGE.png Graphic file (type png)
<use ./images/UADE_LARGE.png>
Package pdftex.def Info: ./images/UADE_LARGE.png  used on input line 1.
(pdftex.def)             Requested size: 105.2751pt x 36.8594pt.

Overfull \vbox (36.8594pt too high) has occurred while \output is active []


[151

]
Ap\'{e}ndice G.
)
File: ./images/UADE_LARGE.png Graphic file (type png)
<use ./images/UADE_LARGE.png>
Package pdftex.def Info: ./images/UADE_LARGE.png  used on input line 281.
(pdftex.def)             Requested size: 105.2751pt x 36.8594pt.

Overfull \vbox (36.8594pt too high) has occurred while \output is active []


[152

]
LaTeX Info: Redefining \sptext on input line 283.
LaTeX Info: Redefining \. on input line 283.
LaTeX Info: Redefining \% on input line 283.
LaTeX Info: Redefining \sptext on input line 283.
LaTeX Info: Redefining \. on input line 283.
LaTeX Info: Redefining \% on input line 283.
LaTeX Info: Redefining \sptext on input line 283.
LaTeX Info: Redefining \. on input line 283.
LaTeX Info: Redefining \% on input line 283.
LaTeX Info: Redefining \sptext on input line 283.
LaTeX Info: Redefining \. on input line 283.
LaTeX Info: Redefining \% on input line 283.
LaTeX Info: Redefining \sptext on input line 283.
LaTeX Info: Redefining \. on input line 283.
LaTeX Info: Redefining \% on input line 283.
LaTeX Font Info:    Trying to load font information for T1+lmtt on input line 2
83.
 (C:\Users\enzoa\AppData\Local\Programs\MiKTeX\tex/latex/lm\t1lmtt.fd
File: t1lmtt.fd 2015/05/01 v1.6.1 Font defs for Latin Modern
)
Package microtype Info: Loading generic protrusion settings for font family
(microtype)             `lmtt' (encoding: T1).
(microtype)             For optimal results, create family-specific settings.
(microtype)             See the microtype manual for details.
LaTeX Info: Redefining \sptext on input line 283.
LaTeX Info: Redefining \. on input line 283.
LaTeX Info: Redefining \% on input line 283.
LaTeX Info: Redefining \sptext on input line 283.
LaTeX Info: Redefining \. on input line 283.
LaTeX Info: Redefining \% on input line 283.
LaTeX Info: Redefining \sptext on input line 283.
LaTeX Info: Redefining \. on input line 283.
LaTeX Info: Redefining \% on input line 283.
LaTeX Info: Redefining \sptext on input line 283.
LaTeX Info: Redefining \. on input line 283.
LaTeX Info: Redefining \% on input line 283.
LaTeX Info: Redefining \sptext on input line 283.
LaTeX Info: Redefining \. on input line 283.
LaTeX Info: Redefining \% on input line 283.
LaTeX Info: Redefining \sptext on input line 283.
LaTeX Info: Redefining \. on input line 283.
LaTeX Info: Redefining \% on input line 283.
LaTeX Info: Redefining \sptext on input line 283.
LaTeX Info: Redefining \. on input line 283.
LaTeX Info: Redefining \% on input line 283.
LaTeX Info: Redefining \sptext on input line 283.
LaTeX Info: Redefining \. on input line 283.
LaTeX Info: Redefining \% on input line 283.
LaTeX Info: Redefining \sptext on input line 283.
LaTeX Info: Redefining \. on input line 283.
LaTeX Info: Redefining \% on input line 283.
LaTeX Info: Redefining \sptext on input line 283.
LaTeX Info: Redefining \. on input line 283.
LaTeX Info: Redefining \% on input line 283.
LaTeX Info: Redefining \sptext on input line 283.
LaTeX Info: Redefining \. on input line 283.
LaTeX Info: Redefining \% on input line 283.
LaTeX Info: Redefining \sptext on input line 283.
LaTeX Info: Redefining \. on input line 283.
LaTeX Info: Redefining \% on input line 283.
LaTeX Info: Redefining \sptext on input line 283.
LaTeX Info: Redefining \. on input line 283.
LaTeX Info: Redefining \% on input line 283.
LaTeX Info: Redefining \sptext on input line 283.
LaTeX Info: Redefining \. on input line 283.
LaTeX Info: Redefining \% on input line 283.
LaTeX Info: Redefining \sptext on input line 283.
LaTeX Info: Redefining \. on input line 283.
LaTeX Info: Redefining \% on input line 283.
LaTeX Info: Redefining \sptext on input line 283.
LaTeX Info: Redefining \. on input line 283.
LaTeX Info: Redefining \% on input line 283.
LaTeX Info: Redefining \sptext on input line 283.
LaTeX Info: Redefining \. on input line 283.
LaTeX Info: Redefining \% on input line 283.
LaTeX Info: Redefining \sptext on input line 283.
LaTeX Info: Redefining \. on input line 283.
LaTeX Info: Redefining \% on input line 283.
LaTeX Info: Redefining \sptext on input line 283.
LaTeX Info: Redefining \. on input line 283.
LaTeX Info: Redefining \% on input line 283.
LaTeX Info: Redefining \sptext on input line 283.
LaTeX Info: Redefining \. on input line 283.
LaTeX Info: Redefining \% on input line 283.
LaTeX Info: Redefining \sptext on input line 283.
LaTeX Info: Redefining \. on input line 283.
LaTeX Info: Redefining \% on input line 283.
LaTeX Info: Redefining \sptext on input line 283.
LaTeX Info: Redefining \. on input line 283.
LaTeX Info: Redefining \% on input line 283.
LaTeX Info: Redefining \sptext on input line 283.
LaTeX Info: Redefining \. on input line 283.
LaTeX Info: Redefining \% on input line 283.
File: ./images/UADE_LARGE.png Graphic file (type png)
<use ./images/UADE_LARGE.png>
Package pdftex.def Info: ./images/UADE_LARGE.png  used on input line 283.
(pdftex.def)             Requested size: 105.2751pt x 36.8594pt.

Overfull \vbox (36.8594pt too high) has occurred while \output is active []


[153


{C:/Users/enzoa/AppData/Local/Programs/MiKTeX/fonts/enc/dvips/lm/lm-ec.enc}]
LaTeX Info: Redefining \sptext on input line 283.
LaTeX Info: Redefining \. on input line 283.
LaTeX Info: Redefining \% on input line 283.
LaTeX Info: Redefining \sptext on input line 283.
LaTeX Info: Redefining \. on input line 283.
LaTeX Info: Redefining \% on input line 283.
LaTeX Info: Redefining \sptext on input line 283.
LaTeX Info: Redefining \. on input line 283.
LaTeX Info: Redefining \% on input line 283.
LaTeX Info: Redefining \sptext on input line 283.
LaTeX Info: Redefining \. on input line 283.
LaTeX Info: Redefining \% on input line 283.
LaTeX Info: Redefining \sptext on input line 283.
LaTeX Info: Redefining \. on input line 283.
LaTeX Info: Redefining \% on input line 283.
LaTeX Info: Redefining \sptext on input line 283.
LaTeX Info: Redefining \. on input line 283.
LaTeX Info: Redefining \% on input line 283.
LaTeX Info: Redefining \sptext on input line 283.
LaTeX Info: Redefining \. on input line 283.
LaTeX Info: Redefining \% on input line 283.
LaTeX Info: Redefining \sptext on input line 283.
LaTeX Info: Redefining \. on input line 283.
LaTeX Info: Redefining \% on input line 283.
LaTeX Info: Redefining \sptext on input line 283.
LaTeX Info: Redefining \. on input line 283.
LaTeX Info: Redefining \% on input line 283.
LaTeX Info: Redefining \sptext on input line 283.
LaTeX Info: Redefining \. on input line 283.
LaTeX Info: Redefining \% on input line 283.
LaTeX Info: Redefining \sptext on input line 283.
LaTeX Info: Redefining \. on input line 283.
LaTeX Info: Redefining \% on input line 283.
LaTeX Info: Redefining \sptext on input line 283.
LaTeX Info: Redefining \. on input line 283.
LaTeX Info: Redefining \% on input line 283.
LaTeX Info: Redefining \sptext on input line 283.
LaTeX Info: Redefining \. on input line 283.
LaTeX Info: Redefining \% on input line 283.
LaTeX Info: Redefining \sptext on input line 283.
LaTeX Info: Redefining \. on input line 283.
LaTeX Info: Redefining \% on input line 283.
LaTeX Info: Redefining \sptext on input line 283.
LaTeX Info: Redefining \. on input line 283.
LaTeX Info: Redefining \% on input line 283.
LaTeX Info: Redefining \sptext on input line 283.
LaTeX Info: Redefining \. on input line 283.
LaTeX Info: Redefining \% on input line 283.
LaTeX Info: Redefining \sptext on input line 283.
LaTeX Info: Redefining \. on input line 283.
LaTeX Info: Redefining \% on input line 283.
LaTeX Info: Redefining \sptext on input line 283.
LaTeX Info: Redefining \. on input line 283.
LaTeX Info: Redefining \% on input line 283.
LaTeX Info: Redefining \sptext on input line 283.
LaTeX Info: Redefining \. on input line 283.
LaTeX Info: Redefining \% on input line 283.
LaTeX Info: Redefining \sptext on input line 283.
LaTeX Info: Redefining \. on input line 283.
LaTeX Info: Redefining \% on input line 283.
LaTeX Info: Redefining \sptext on input line 283.
LaTeX Info: Redefining \. on input line 283.
LaTeX Info: Redefining \% on input line 283.
LaTeX Info: Redefining \sptext on input line 283.
LaTeX Info: Redefining \. on input line 283.
LaTeX Info: Redefining \% on input line 283.
LaTeX Info: Redefining \sptext on input line 283.
LaTeX Info: Redefining \. on input line 283.
LaTeX Info: Redefining \% on input line 283.
LaTeX Info: Redefining \sptext on input line 283.
LaTeX Info: Redefining \. on input line 283.
LaTeX Info: Redefining \% on input line 283.
LaTeX Info: Redefining \sptext on input line 283.
LaTeX Info: Redefining \. on input line 283.
LaTeX Info: Redefining \% on input line 283.
LaTeX Info: Redefining \sptext on input line 283.
LaTeX Info: Redefining \. on input line 283.
LaTeX Info: Redefining \% on input line 283.
LaTeX Info: Redefining \sptext on input line 283.
LaTeX Info: Redefining \. on input line 283.
LaTeX Info: Redefining \% on input line 283.
LaTeX Info: Redefining \sptext on input line 283.
LaTeX Info: Redefining \. on input line 283.
LaTeX Info: Redefining \% on input line 283.
LaTeX Info: Redefining \sptext on input line 283.
LaTeX Info: Redefining \. on input line 283.
LaTeX Info: Redefining \% on input line 283.
LaTeX Info: Redefining \sptext on input line 283.
LaTeX Info: Redefining \. on input line 283.
LaTeX Info: Redefining \% on input line 283.
LaTeX Info: Redefining \sptext on input line 283.
LaTeX Info: Redefining \. on input line 283.
LaTeX Info: Redefining \% on input line 283.
LaTeX Info: Redefining \sptext on input line 283.
LaTeX Info: Redefining \. on input line 283.
LaTeX Info: Redefining \% on input line 283.
LaTeX Info: Redefining \sptext on input line 283.
LaTeX Info: Redefining \. on input line 283.
LaTeX Info: Redefining \% on input line 283.
LaTeX Info: Redefining \sptext on input line 283.
LaTeX Info: Redefining \. on input line 283.
LaTeX Info: Redefining \% on input line 283.
LaTeX Info: Redefining \sptext on input line 283.
LaTeX Info: Redefining \. on input line 283.
LaTeX Info: Redefining \% on input line 283.
LaTeX Info: Redefining \sptext on input line 283.
LaTeX Info: Redefining \. on input line 283.
LaTeX Info: Redefining \% on input line 283.
LaTeX Info: Redefining \sptext on input line 283.
LaTeX Info: Redefining \. on input line 283.
LaTeX Info: Redefining \% on input line 283.
LaTeX Info: Redefining \sptext on input line 283.
LaTeX Info: Redefining \. on input line 283.
LaTeX Info: Redefining \% on input line 283.
LaTeX Info: Redefining \sptext on input line 283.
LaTeX Info: Redefining \. on input line 283.
LaTeX Info: Redefining \% on input line 283.
LaTeX Info: Redefining \sptext on input line 283.
LaTeX Info: Redefining \. on input line 283.
LaTeX Info: Redefining \% on input line 283.
LaTeX Info: Redefining \sptext on input line 283.
LaTeX Info: Redefining \. on input line 283.
LaTeX Info: Redefining \% on input line 283.
LaTeX Info: Redefining \sptext on input line 283.
LaTeX Info: Redefining \. on input line 283.
LaTeX Info: Redefining \% on input line 283.
LaTeX Info: Redefining \sptext on input line 283.
LaTeX Info: Redefining \. on input line 283.
LaTeX Info: Redefining \% on input line 283.
LaTeX Info: Redefining \sptext on input line 283.
LaTeX Info: Redefining \. on input line 283.
LaTeX Info: Redefining \% on input line 283.
LaTeX Info: Redefining \sptext on input line 283.
LaTeX Info: Redefining \. on input line 283.
LaTeX Info: Redefining \% on input line 283.
LaTeX Info: Redefining \sptext on input line 283.
LaTeX Info: Redefining \. on input line 283.
LaTeX Info: Redefining \% on input line 283.
LaTeX Info: Redefining \sptext on input line 283.
LaTeX Info: Redefining \. on input line 283.
LaTeX Info: Redefining \% on input line 283.
LaTeX Info: Redefining \sptext on input line 283.
LaTeX Info: Redefining \. on input line 283.
LaTeX Info: Redefining \% on input line 283.
LaTeX Info: Redefining \sptext on input line 283.
LaTeX Info: Redefining \. on input line 283.
LaTeX Info: Redefining \% on input line 283.
LaTeX Info: Redefining \sptext on input line 283.
LaTeX Info: Redefining \. on input line 283.
LaTeX Info: Redefining \% on input line 283.
LaTeX Info: Redefining \sptext on input line 283.
LaTeX Info: Redefining \. on input line 283.
LaTeX Info: Redefining \% on input line 283.
LaTeX Info: Redefining \sptext on input line 283.
LaTeX Info: Redefining \. on input line 283.
LaTeX Info: Redefining \% on input line 283.
LaTeX Info: Redefining \sptext on input line 283.
LaTeX Info: Redefining \. on input line 283.
LaTeX Info: Redefining \% on input line 283.
LaTeX Info: Redefining \sptext on input line 283.
LaTeX Info: Redefining \. on input line 283.
LaTeX Info: Redefining \% on input line 283.
File: ./images/UADE_LARGE.png Graphic file (type png)
<use ./images/UADE_LARGE.png>
Package pdftex.def Info: ./images/UADE_LARGE.png  used on input line 283.
(pdftex.def)             Requested size: 105.2751pt x 36.8594pt.

Overfull \vbox (36.8594pt too high) has occurred while \output is active []


[154]
LaTeX Info: Redefining \sptext on input line 283.
LaTeX Info: Redefining \. on input line 283.
LaTeX Info: Redefining \% on input line 283.
LaTeX Info: Redefining \sptext on input line 283.
LaTeX Info: Redefining \. on input line 283.
LaTeX Info: Redefining \% on input line 283.
LaTeX Info: Redefining \sptext on input line 283.
LaTeX Info: Redefining \. on input line 283.
LaTeX Info: Redefining \% on input line 283.
LaTeX Info: Redefining \sptext on input line 283.
LaTeX Info: Redefining \. on input line 283.
LaTeX Info: Redefining \% on input line 283.
LaTeX Info: Redefining \sptext on input line 283.
LaTeX Info: Redefining \. on input line 283.
LaTeX Info: Redefining \% on input line 283.
LaTeX Info: Redefining \sptext on input line 283.
LaTeX Info: Redefining \. on input line 283.
LaTeX Info: Redefining \% on input line 283.
LaTeX Info: Redefining \sptext on input line 283.
LaTeX Info: Redefining \. on input line 283.
LaTeX Info: Redefining \% on input line 283.
LaTeX Info: Redefining \sptext on input line 283.
LaTeX Info: Redefining \. on input line 283.
LaTeX Info: Redefining \% on input line 283.
LaTeX Info: Redefining \sptext on input line 283.
LaTeX Info: Redefining \. on input line 283.
LaTeX Info: Redefining \% on input line 283.
LaTeX Info: Redefining \sptext on input line 283.
LaTeX Info: Redefining \. on input line 283.
LaTeX Info: Redefining \% on input line 283.
LaTeX Info: Redefining \sptext on input line 283.
LaTeX Info: Redefining \. on input line 283.
LaTeX Info: Redefining \% on input line 283.
LaTeX Info: Redefining \sptext on input line 283.
LaTeX Info: Redefining \. on input line 283.
LaTeX Info: Redefining \% on input line 283.
LaTeX Info: Redefining \sptext on input line 283.
LaTeX Info: Redefining \. on input line 283.
LaTeX Info: Redefining \% on input line 283.
LaTeX Info: Redefining \sptext on input line 283.
LaTeX Info: Redefining \. on input line 283.
LaTeX Info: Redefining \% on input line 283.
LaTeX Info: Redefining \sptext on input line 283.
LaTeX Info: Redefining \. on input line 283.
LaTeX Info: Redefining \% on input line 283.
LaTeX Info: Redefining \sptext on input line 283.
LaTeX Info: Redefining \. on input line 283.
LaTeX Info: Redefining \% on input line 283.
LaTeX Info: Redefining \sptext on input line 283.
LaTeX Info: Redefining \. on input line 283.
LaTeX Info: Redefining \% on input line 283.
LaTeX Info: Redefining \sptext on input line 283.
LaTeX Info: Redefining \. on input line 283.
LaTeX Info: Redefining \% on input line 283.
LaTeX Info: Redefining \sptext on input line 283.
LaTeX Info: Redefining \. on input line 283.
LaTeX Info: Redefining \% on input line 283.
LaTeX Info: Redefining \sptext on input line 283.
LaTeX Info: Redefining \. on input line 283.
LaTeX Info: Redefining \% on input line 283.
LaTeX Info: Redefining \sptext on input line 283.
LaTeX Info: Redefining \. on input line 283.
LaTeX Info: Redefining \% on input line 283.
LaTeX Info: Redefining \sptext on input line 283.
LaTeX Info: Redefining \. on input line 283.
LaTeX Info: Redefining \% on input line 283.
LaTeX Info: Redefining \sptext on input line 283.
LaTeX Info: Redefining \. on input line 283.
LaTeX Info: Redefining \% on input line 283.
LaTeX Info: Redefining \sptext on input line 283.
LaTeX Info: Redefining \. on input line 283.
LaTeX Info: Redefining \% on input line 283.
LaTeX Info: Redefining \sptext on input line 283.
LaTeX Info: Redefining \. on input line 283.
LaTeX Info: Redefining \% on input line 283.
LaTeX Info: Redefining \sptext on input line 283.
LaTeX Info: Redefining \. on input line 283.
LaTeX Info: Redefining \% on input line 283.
LaTeX Info: Redefining \sptext on input line 283.
LaTeX Info: Redefining \. on input line 283.
LaTeX Info: Redefining \% on input line 283.
LaTeX Info: Redefining \sptext on input line 283.
LaTeX Info: Redefining \. on input line 283.
LaTeX Info: Redefining \% on input line 283.
LaTeX Info: Redefining \sptext on input line 283.
LaTeX Info: Redefining \. on input line 283.
LaTeX Info: Redefining \% on input line 283.
LaTeX Info: Redefining \sptext on input line 283.
LaTeX Info: Redefining \. on input line 283.
LaTeX Info: Redefining \% on input line 283.
LaTeX Info: Redefining \sptext on input line 283.
LaTeX Info: Redefining \. on input line 283.
LaTeX Info: Redefining \% on input line 283.
LaTeX Info: Redefining \sptext on input line 283.
LaTeX Info: Redefining \. on input line 283.
LaTeX Info: Redefining \% on input line 283.
LaTeX Info: Redefining \sptext on input line 283.
LaTeX Info: Redefining \. on input line 283.
LaTeX Info: Redefining \% on input line 283.
LaTeX Info: Redefining \sptext on input line 283.
LaTeX Info: Redefining \. on input line 283.
LaTeX Info: Redefining \% on input line 283.
LaTeX Info: Redefining \sptext on input line 283.
LaTeX Info: Redefining \. on input line 283.
LaTeX Info: Redefining \% on input line 283.
LaTeX Info: Redefining \sptext on input line 283.
LaTeX Info: Redefining \. on input line 283.
LaTeX Info: Redefining \% on input line 283.
LaTeX Info: Redefining \sptext on input line 283.
LaTeX Info: Redefining \. on input line 283.
LaTeX Info: Redefining \% on input line 283.
LaTeX Info: Redefining \sptext on input line 283.
LaTeX Info: Redefining \. on input line 283.
LaTeX Info: Redefining \% on input line 283.
LaTeX Info: Redefining \sptext on input line 283.
LaTeX Info: Redefining \. on input line 283.
LaTeX Info: Redefining \% on input line 283.
LaTeX Info: Redefining \sptext on input line 283.
LaTeX Info: Redefining \. on input line 283.
LaTeX Info: Redefining \% on input line 283.
LaTeX Info: Redefining \sptext on input line 283.
LaTeX Info: Redefining \. on input line 283.
LaTeX Info: Redefining \% on input line 283.
LaTeX Info: Redefining \sptext on input line 283.
LaTeX Info: Redefining \. on input line 283.
LaTeX Info: Redefining \% on input line 283.
LaTeX Info: Redefining \sptext on input line 283.
LaTeX Info: Redefining \. on input line 283.
LaTeX Info: Redefining \% on input line 283.
LaTeX Info: Redefining \sptext on input line 283.
LaTeX Info: Redefining \. on input line 283.
LaTeX Info: Redefining \% on input line 283.
LaTeX Info: Redefining \sptext on input line 283.
LaTeX Info: Redefining \. on input line 283.
LaTeX Info: Redefining \% on input line 283.
LaTeX Info: Redefining \sptext on input line 283.
LaTeX Info: Redefining \. on input line 283.
LaTeX Info: Redefining \% on input line 283.
LaTeX Info: Redefining \sptext on input line 283.
LaTeX Info: Redefining \. on input line 283.
LaTeX Info: Redefining \% on input line 283.
LaTeX Info: Redefining \sptext on input line 283.
LaTeX Info: Redefining \. on input line 283.
LaTeX Info: Redefining \% on input line 283.
LaTeX Info: Redefining \sptext on input line 283.
LaTeX Info: Redefining \. on input line 283.
LaTeX Info: Redefining \% on input line 283.
LaTeX Info: Redefining \sptext on input line 283.
LaTeX Info: Redefining \. on input line 283.
LaTeX Info: Redefining \% on input line 283.
LaTeX Info: Redefining \sptext on input line 283.
LaTeX Info: Redefining \. on input line 283.
LaTeX Info: Redefining \% on input line 283.
LaTeX Info: Redefining \sptext on input line 283.
LaTeX Info: Redefining \. on input line 283.
LaTeX Info: Redefining \% on input line 283.
LaTeX Info: Redefining \sptext on input line 283.
LaTeX Info: Redefining \. on input line 283.
LaTeX Info: Redefining \% on input line 283.
LaTeX Info: Redefining \sptext on input line 283.
LaTeX Info: Redefining \. on input line 283.
LaTeX Info: Redefining \% on input line 283.
LaTeX Info: Redefining \sptext on input line 283.
LaTeX Info: Redefining \. on input line 283.
LaTeX Info: Redefining \% on input line 283.
LaTeX Info: Redefining \sptext on input line 283.
LaTeX Info: Redefining \. on input line 283.
LaTeX Info: Redefining \% on input line 283.
LaTeX Info: Redefining \sptext on input line 283.
LaTeX Info: Redefining \. on input line 283.
LaTeX Info: Redefining \% on input line 283.
LaTeX Info: Redefining \sptext on input line 283.
LaTeX Info: Redefining \. on input line 283.
LaTeX Info: Redefining \% on input line 283.
LaTeX Info: Redefining \sptext on input line 283.
LaTeX Info: Redefining \. on input line 283.
LaTeX Info: Redefining \% on input line 283.
LaTeX Info: Redefining \sptext on input line 283.
LaTeX Info: Redefining \. on input line 283.
LaTeX Info: Redefining \% on input line 283.
LaTeX Info: Redefining \sptext on input line 283.
LaTeX Info: Redefining \. on input line 283.
LaTeX Info: Redefining \% on input line 283.
LaTeX Info: Redefining \sptext on input line 283.
LaTeX Info: Redefining \. on input line 283.
LaTeX Info: Redefining \% on input line 283.
File: ./images/UADE_LARGE.png Graphic file (type png)
<use ./images/UADE_LARGE.png>
Package pdftex.def Info: ./images/UADE_LARGE.png  used on input line 283.
(pdftex.def)             Requested size: 105.2751pt x 36.8594pt.

Overfull \vbox (36.8594pt too high) has occurred while \output is active []


[155]
LaTeX Info: Redefining \sptext on input line 283.
LaTeX Info: Redefining \. on input line 283.
LaTeX Info: Redefining \% on input line 283.
LaTeX Info: Redefining \sptext on input line 283.
LaTeX Info: Redefining \. on input line 283.
LaTeX Info: Redefining \% on input line 283.
LaTeX Info: Redefining \sptext on input line 283.
LaTeX Info: Redefining \. on input line 283.
LaTeX Info: Redefining \% on input line 283.
LaTeX Info: Redefining \sptext on input line 283.
LaTeX Info: Redefining \. on input line 283.
LaTeX Info: Redefining \% on input line 283.
LaTeX Info: Redefining \sptext on input line 283.
LaTeX Info: Redefining \. on input line 283.
LaTeX Info: Redefining \% on input line 283.
LaTeX Info: Redefining \sptext on input line 283.
LaTeX Info: Redefining \. on input line 283.
LaTeX Info: Redefining \% on input line 283.
LaTeX Info: Redefining \sptext on input line 283.
LaTeX Info: Redefining \. on input line 283.
LaTeX Info: Redefining \% on input line 283.
LaTeX Info: Redefining \sptext on input line 283.
LaTeX Info: Redefining \. on input line 283.
LaTeX Info: Redefining \% on input line 283.
LaTeX Info: Redefining \sptext on input line 283.
LaTeX Info: Redefining \. on input line 283.
LaTeX Info: Redefining \% on input line 283.
LaTeX Info: Redefining \sptext on input line 283.
LaTeX Info: Redefining \. on input line 283.
LaTeX Info: Redefining \% on input line 283.
LaTeX Info: Redefining \sptext on input line 283.
LaTeX Info: Redefining \. on input line 283.
LaTeX Info: Redefining \% on input line 283.
LaTeX Info: Redefining \sptext on input line 283.
LaTeX Info: Redefining \. on input line 283.
LaTeX Info: Redefining \% on input line 283.
LaTeX Info: Redefining \sptext on input line 283.
LaTeX Info: Redefining \. on input line 283.
LaTeX Info: Redefining \% on input line 283.
LaTeX Info: Redefining \sptext on input line 283.
LaTeX Info: Redefining \. on input line 283.
LaTeX Info: Redefining \% on input line 283.
LaTeX Info: Redefining \sptext on input line 283.
LaTeX Info: Redefining \. on input line 283.
LaTeX Info: Redefining \% on input line 283.
LaTeX Info: Redefining \sptext on input line 283.
LaTeX Info: Redefining \. on input line 283.
LaTeX Info: Redefining \% on input line 283.
LaTeX Info: Redefining \sptext on input line 283.
LaTeX Info: Redefining \. on input line 283.
LaTeX Info: Redefining \% on input line 283.
LaTeX Info: Redefining \sptext on input line 283.
LaTeX Info: Redefining \. on input line 283.
LaTeX Info: Redefining \% on input line 283.
LaTeX Info: Redefining \sptext on input line 283.
LaTeX Info: Redefining \. on input line 283.
LaTeX Info: Redefining \% on input line 283.
LaTeX Info: Redefining \sptext on input line 283.
LaTeX Info: Redefining \. on input line 283.
LaTeX Info: Redefining \% on input line 283.
LaTeX Info: Redefining \sptext on input line 283.
LaTeX Info: Redefining \. on input line 283.
LaTeX Info: Redefining \% on input line 283.
LaTeX Info: Redefining \sptext on input line 283.
LaTeX Info: Redefining \. on input line 283.
LaTeX Info: Redefining \% on input line 283.
LaTeX Info: Redefining \sptext on input line 283.
LaTeX Info: Redefining \. on input line 283.
LaTeX Info: Redefining \% on input line 283.
LaTeX Info: Redefining \sptext on input line 283.
LaTeX Info: Redefining \. on input line 283.
LaTeX Info: Redefining \% on input line 283.
LaTeX Info: Redefining \sptext on input line 283.
LaTeX Info: Redefining \. on input line 283.
LaTeX Info: Redefining \% on input line 283.
LaTeX Info: Redefining \sptext on input line 283.
LaTeX Info: Redefining \. on input line 283.
LaTeX Info: Redefining \% on input line 283.
LaTeX Info: Redefining \sptext on input line 283.
LaTeX Info: Redefining \. on input line 283.
LaTeX Info: Redefining \% on input line 283.
LaTeX Info: Redefining \sptext on input line 283.
LaTeX Info: Redefining \. on input line 283.
LaTeX Info: Redefining \% on input line 283.
LaTeX Info: Redefining \sptext on input line 283.
LaTeX Info: Redefining \. on input line 283.
LaTeX Info: Redefining \% on input line 283.
LaTeX Info: Redefining \sptext on input line 283.
LaTeX Info: Redefining \. on input line 283.
LaTeX Info: Redefining \% on input line 283.
LaTeX Info: Redefining \sptext on input line 283.
LaTeX Info: Redefining \. on input line 283.
LaTeX Info: Redefining \% on input line 283.
LaTeX Info: Redefining \sptext on input line 283.
LaTeX Info: Redefining \. on input line 283.
LaTeX Info: Redefining \% on input line 283.
LaTeX Info: Redefining \sptext on input line 283.
LaTeX Info: Redefining \. on input line 283.
LaTeX Info: Redefining \% on input line 283.
LaTeX Info: Redefining \sptext on input line 283.
LaTeX Info: Redefining \. on input line 283.
LaTeX Info: Redefining \% on input line 283.
LaTeX Info: Redefining \sptext on input line 283.
LaTeX Info: Redefining \. on input line 283.
LaTeX Info: Redefining \% on input line 283.
LaTeX Info: Redefining \sptext on input line 283.
LaTeX Info: Redefining \. on input line 283.
LaTeX Info: Redefining \% on input line 283.
LaTeX Info: Redefining \sptext on input line 283.
LaTeX Info: Redefining \. on input line 283.
LaTeX Info: Redefining \% on input line 283.
LaTeX Info: Redefining \sptext on input line 283.
LaTeX Info: Redefining \. on input line 283.
LaTeX Info: Redefining \% on input line 283.
LaTeX Info: Redefining \sptext on input line 283.
LaTeX Info: Redefining \. on input line 283.
LaTeX Info: Redefining \% on input line 283.
LaTeX Info: Redefining \sptext on input line 283.
LaTeX Info: Redefining \. on input line 283.
LaTeX Info: Redefining \% on input line 283.
LaTeX Info: Redefining \sptext on input line 283.
LaTeX Info: Redefining \. on input line 283.
LaTeX Info: Redefining \% on input line 283.
LaTeX Info: Redefining \sptext on input line 283.
LaTeX Info: Redefining \. on input line 283.
LaTeX Info: Redefining \% on input line 283.
LaTeX Info: Redefining \sptext on input line 283.
LaTeX Info: Redefining \. on input line 283.
LaTeX Info: Redefining \% on input line 283.
LaTeX Info: Redefining \sptext on input line 283.
LaTeX Info: Redefining \. on input line 283.
LaTeX Info: Redefining \% on input line 283.
File: ./images/UADE_LARGE.png Graphic file (type png)
<use ./images/UADE_LARGE.png>
Package pdftex.def Info: ./images/UADE_LARGE.png  used on input line 285.
(pdftex.def)             Requested size: 105.2751pt x 36.8594pt.

Overfull \vbox (36.8594pt too high) has occurred while \output is active []


[156]
LaTeX Info: Redefining \sptext on input line 287.
LaTeX Info: Redefining \. on input line 287.
LaTeX Info: Redefining \% on input line 287.
LaTeX Info: Redefining \sptext on input line 287.
LaTeX Info: Redefining \. on input line 287.
LaTeX Info: Redefining \% on input line 287.
LaTeX Info: Redefining \sptext on input line 287.
LaTeX Info: Redefining \. on input line 287.
LaTeX Info: Redefining \% on input line 287.
LaTeX Info: Redefining \sptext on input line 287.
LaTeX Info: Redefining \. on input line 287.
LaTeX Info: Redefining \% on input line 287.
LaTeX Info: Redefining \sptext on input line 287.
LaTeX Info: Redefining \. on input line 287.
LaTeX Info: Redefining \% on input line 287.
LaTeX Info: Redefining \sptext on input line 287.
LaTeX Info: Redefining \. on input line 287.
LaTeX Info: Redefining \% on input line 287.
LaTeX Info: Redefining \sptext on input line 287.
LaTeX Info: Redefining \. on input line 287.
LaTeX Info: Redefining \% on input line 287.
LaTeX Info: Redefining \sptext on input line 287.
LaTeX Info: Redefining \. on input line 287.
LaTeX Info: Redefining \% on input line 287.
LaTeX Info: Redefining \sptext on input line 287.
LaTeX Info: Redefining \. on input line 287.
LaTeX Info: Redefining \% on input line 287.
LaTeX Info: Redefining \sptext on input line 287.
LaTeX Info: Redefining \. on input line 287.
LaTeX Info: Redefining \% on input line 287.
File: ./images/UADE_LARGE.png Graphic file (type png)
<use ./images/UADE_LARGE.png>
Package pdftex.def Info: ./images/UADE_LARGE.png  used on input line 289.
(pdftex.def)             Requested size: 105.2751pt x 36.8594pt.

Overfull \vbox (36.8594pt too high) has occurred while \output is active []


[157


] 
enddocument/afterlastpage (AED): lastpage setting LastPage.
(main.aux
LaTeX Info: Redefining \sptext on input line 14.
LaTeX Info: Redefining \. on input line 14.
LaTeX Info: Redefining \% on input line 14.
LaTeX Info: Redefining \sptext on input line 52.
LaTeX Info: Redefining \. on input line 52.
LaTeX Info: Redefining \% on input line 52.
LaTeX Info: Redefining \sptext on input line 53.
LaTeX Info: Redefining \. on input line 53.
LaTeX Info: Redefining \% on input line 53.
LaTeX Info: Redefining \sptext on input line 59.
LaTeX Info: Redefining \. on input line 59.
LaTeX Info: Redefining \% on input line 59.
LaTeX Info: Redefining \sptext on input line 60.
LaTeX Info: Redefining \. on input line 60.
LaTeX Info: Redefining \% on input line 60.
LaTeX Info: Redefining \sptext on input line 63.
LaTeX Info: Redefining \. on input line 63.
LaTeX Info: Redefining \% on input line 63.
LaTeX Info: Redefining \sptext on input line 64.
LaTeX Info: Redefining \. on input line 64.
LaTeX Info: Redefining \% on input line 64.
LaTeX Info: Redefining \sptext on input line 76.
LaTeX Info: Redefining \. on input line 76.
LaTeX Info: Redefining \% on input line 76.
LaTeX Info: Redefining \sptext on input line 77.
LaTeX Info: Redefining \. on input line 77.
LaTeX Info: Redefining \% on input line 77.
LaTeX Info: Redefining \sptext on input line 79.
LaTeX Info: Redefining \. on input line 79.
LaTeX Info: Redefining \% on input line 79.
LaTeX Info: Redefining \sptext on input line 80.
LaTeX Info: Redefining \. on input line 80.
LaTeX Info: Redefining \% on input line 80.
LaTeX Info: Redefining \sptext on input line 88.
LaTeX Info: Redefining \. on input line 88.
LaTeX Info: Redefining \% on input line 88.
LaTeX Info: Redefining \sptext on input line 89.
LaTeX Info: Redefining \. on input line 89.
LaTeX Info: Redefining \% on input line 89.
LaTeX Info: Redefining \sptext on input line 90.
LaTeX Info: Redefining \. on input line 90.
LaTeX Info: Redefining \% on input line 90.
LaTeX Info: Redefining \sptext on input line 91.
LaTeX Info: Redefining \. on input line 91.
LaTeX Info: Redefining \% on input line 91.
LaTeX Info: Redefining \sptext on input line 93.
LaTeX Info: Redefining \. on input line 93.
LaTeX Info: Redefining \% on input line 93.
LaTeX Info: Redefining \sptext on input line 94.
LaTeX Info: Redefining \. on input line 94.
LaTeX Info: Redefining \% on input line 94.
LaTeX Info: Redefining \sptext on input line 95.
LaTeX Info: Redefining \. on input line 95.
LaTeX Info: Redefining \% on input line 95.
LaTeX Info: Redefining \sptext on input line 96.
LaTeX Info: Redefining \. on input line 96.
LaTeX Info: Redefining \% on input line 96.
LaTeX Info: Redefining \sptext on input line 101.
LaTeX Info: Redefining \. on input line 101.
LaTeX Info: Redefining \% on input line 101.
LaTeX Info: Redefining \sptext on input line 102.
LaTeX Info: Redefining \. on input line 102.
LaTeX Info: Redefining \% on input line 102.
LaTeX Info: Redefining \sptext on input line 104.
LaTeX Info: Redefining \. on input line 104.
LaTeX Info: Redefining \% on input line 104.
LaTeX Info: Redefining \sptext on input line 105.
LaTeX Info: Redefining \. on input line 105.
LaTeX Info: Redefining \% on input line 105.
LaTeX Info: Redefining \sptext on input line 114.
LaTeX Info: Redefining \. on input line 114.
LaTeX Info: Redefining \% on input line 114.
LaTeX Info: Redefining \sptext on input line 115.
LaTeX Info: Redefining \. on input line 115.
LaTeX Info: Redefining \% on input line 115.
LaTeX Info: Redefining \sptext on input line 117.
LaTeX Info: Redefining \. on input line 117.
LaTeX Info: Redefining \% on input line 117.
LaTeX Info: Redefining \sptext on input line 118.
LaTeX Info: Redefining \. on input line 118.
LaTeX Info: Redefining \% on input line 118.
LaTeX Info: Redefining \sptext on input line 120.
LaTeX Info: Redefining \. on input line 120.
LaTeX Info: Redefining \% on input line 120.
LaTeX Info: Redefining \sptext on input line 121.
LaTeX Info: Redefining \. on input line 121.
LaTeX Info: Redefining \% on input line 121.
LaTeX Info: Redefining \sptext on input line 179.
LaTeX Info: Redefining \. on input line 179.
LaTeX Info: Redefining \% on input line 179.
LaTeX Info: Redefining \sptext on input line 180.
LaTeX Info: Redefining \. on input line 180.
LaTeX Info: Redefining \% on input line 180.
LaTeX Info: Redefining \sptext on input line 181.
LaTeX Info: Redefining \. on input line 181.
LaTeX Info: Redefining \% on input line 181.
LaTeX Info: Redefining \sptext on input line 182.
LaTeX Info: Redefining \. on input line 182.
LaTeX Info: Redefining \% on input line 182.
LaTeX Info: Redefining \sptext on input line 187.
LaTeX Info: Redefining \. on input line 187.
LaTeX Info: Redefining \% on input line 187.
LaTeX Info: Redefining \sptext on input line 188.
LaTeX Info: Redefining \. on input line 188.
LaTeX Info: Redefining \% on input line 188.
LaTeX Info: Redefining \sptext on input line 189.
LaTeX Info: Redefining \. on input line 189.
LaTeX Info: Redefining \% on input line 189.
LaTeX Info: Redefining \sptext on input line 190.
LaTeX Info: Redefining \. on input line 190.
LaTeX Info: Redefining \% on input line 190.
LaTeX Info: Redefining \sptext on input line 192.
LaTeX Info: Redefining \. on input line 192.
LaTeX Info: Redefining \% on input line 192.
LaTeX Info: Redefining \sptext on input line 193.
LaTeX Info: Redefining \. on input line 193.
LaTeX Info: Redefining \% on input line 193.
LaTeX Info: Redefining \sptext on input line 194.
LaTeX Info: Redefining \. on input line 194.
LaTeX Info: Redefining \% on input line 194.
LaTeX Info: Redefining \sptext on input line 195.
LaTeX Info: Redefining \. on input line 195.
LaTeX Info: Redefining \% on input line 195.
LaTeX Info: Redefining \sptext on input line 203.
LaTeX Info: Redefining \. on input line 203.
LaTeX Info: Redefining \% on input line 203.
LaTeX Info: Redefining \sptext on input line 204.
LaTeX Info: Redefining \. on input line 204.
LaTeX Info: Redefining \% on input line 204.
LaTeX Info: Redefining \sptext on input line 205.
LaTeX Info: Redefining \. on input line 205.
LaTeX Info: Redefining \% on input line 205.
LaTeX Info: Redefining \sptext on input line 206.
LaTeX Info: Redefining \. on input line 206.
LaTeX Info: Redefining \% on input line 206.
LaTeX Info: Redefining \sptext on input line 210.
LaTeX Info: Redefining \. on input line 210.
LaTeX Info: Redefining \% on input line 210.
LaTeX Info: Redefining \sptext on input line 211.
LaTeX Info: Redefining \. on input line 211.
LaTeX Info: Redefining \% on input line 211.
LaTeX Info: Redefining \sptext on input line 225.
LaTeX Info: Redefining \. on input line 225.
LaTeX Info: Redefining \% on input line 225.
LaTeX Info: Redefining \sptext on input line 226.
LaTeX Info: Redefining \. on input line 226.
LaTeX Info: Redefining \% on input line 226.
LaTeX Info: Redefining \sptext on input line 227.
LaTeX Info: Redefining \. on input line 227.
LaTeX Info: Redefining \% on input line 227.
LaTeX Info: Redefining \sptext on input line 228.
LaTeX Info: Redefining \. on input line 228.
LaTeX Info: Redefining \% on input line 228.
LaTeX Info: Redefining \sptext on input line 230.
LaTeX Info: Redefining \. on input line 230.
LaTeX Info: Redefining \% on input line 230.
LaTeX Info: Redefining \sptext on input line 231.
LaTeX Info: Redefining \. on input line 231.
LaTeX Info: Redefining \% on input line 231.
LaTeX Info: Redefining \sptext on input line 232.
LaTeX Info: Redefining \. on input line 232.
LaTeX Info: Redefining \% on input line 232.
LaTeX Info: Redefining \sptext on input line 233.
LaTeX Info: Redefining \. on input line 233.
LaTeX Info: Redefining \% on input line 233.
LaTeX Info: Redefining \sptext on input line 236.
LaTeX Info: Redefining \. on input line 236.
LaTeX Info: Redefining \% on input line 236.
LaTeX Info: Redefining \sptext on input line 237.
LaTeX Info: Redefining \. on input line 237.
LaTeX Info: Redefining \% on input line 237.
LaTeX Info: Redefining \sptext on input line 243.
LaTeX Info: Redefining \. on input line 243.
LaTeX Info: Redefining \% on input line 243.
LaTeX Info: Redefining \sptext on input line 244.
LaTeX Info: Redefining \. on input line 244.
LaTeX Info: Redefining \% on input line 244.
LaTeX Info: Redefining \sptext on input line 248.
LaTeX Info: Redefining \. on input line 248.
LaTeX Info: Redefining \% on input line 248.
LaTeX Info: Redefining \sptext on input line 249.
LaTeX Info: Redefining \. on input line 249.
LaTeX Info: Redefining \% on input line 249.
LaTeX Info: Redefining \sptext on input line 265.
LaTeX Info: Redefining \. on input line 265.
LaTeX Info: Redefining \% on input line 265.
LaTeX Info: Redefining \sptext on input line 266.
LaTeX Info: Redefining \. on input line 266.
LaTeX Info: Redefining \% on input line 266.
LaTeX Info: Redefining \sptext on input line 267.
LaTeX Info: Redefining \. on input line 267.
LaTeX Info: Redefining \% on input line 267.
LaTeX Info: Redefining \sptext on input line 268.
LaTeX Info: Redefining \. on input line 268.
LaTeX Info: Redefining \% on input line 268.
LaTeX Info: Redefining \sptext on input line 271.
LaTeX Info: Redefining \. on input line 271.
LaTeX Info: Redefining \% on input line 271.
LaTeX Info: Redefining \sptext on input line 272.
LaTeX Info: Redefining \. on input line 272.
LaTeX Info: Redefining \% on input line 272.
LaTeX Info: Redefining \sptext on input line 274.
LaTeX Info: Redefining \. on input line 274.
LaTeX Info: Redefining \% on input line 274.
LaTeX Info: Redefining \sptext on input line 275.
LaTeX Info: Redefining \. on input line 275.
LaTeX Info: Redefining \% on input line 275.
LaTeX Info: Redefining \sptext on input line 281.
LaTeX Info: Redefining \. on input line 281.
LaTeX Info: Redefining \% on input line 281.
LaTeX Info: Redefining \sptext on input line 282.
LaTeX Info: Redefining \. on input line 282.
LaTeX Info: Redefining \% on input line 282.
LaTeX Info: Redefining \sptext on input line 283.
LaTeX Info: Redefining \. on input line 283.
LaTeX Info: Redefining \% on input line 283.
LaTeX Info: Redefining \sptext on input line 284.
LaTeX Info: Redefining \. on input line 284.
LaTeX Info: Redefining \% on input line 284.
LaTeX Info: Redefining \sptext on input line 286.
LaTeX Info: Redefining \. on input line 286.
LaTeX Info: Redefining \% on input line 286.
LaTeX Info: Redefining \sptext on input line 287.
LaTeX Info: Redefining \. on input line 287.
LaTeX Info: Redefining \% on input line 287.
LaTeX Info: Redefining \sptext on input line 297.
LaTeX Info: Redefining \. on input line 297.
LaTeX Info: Redefining \% on input line 297.
LaTeX Info: Redefining \sptext on input line 298.
LaTeX Info: Redefining \. on input line 298.
LaTeX Info: Redefining \% on input line 298.
LaTeX Info: Redefining \sptext on input line 299.
LaTeX Info: Redefining \. on input line 299.
LaTeX Info: Redefining \% on input line 299.
LaTeX Info: Redefining \sptext on input line 300.
LaTeX Info: Redefining \. on input line 300.
LaTeX Info: Redefining \% on input line 300.
LaTeX Info: Redefining \sptext on input line 304.
LaTeX Info: Redefining \. on input line 304.
LaTeX Info: Redefining \% on input line 304.
LaTeX Info: Redefining \sptext on input line 305.
LaTeX Info: Redefining \. on input line 305.
LaTeX Info: Redefining \% on input line 305.
LaTeX Info: Redefining \sptext on input line 306.
LaTeX Info: Redefining \. on input line 306.
LaTeX Info: Redefining \% on input line 306.
LaTeX Info: Redefining \sptext on input line 307.
LaTeX Info: Redefining \. on input line 307.
LaTeX Info: Redefining \% on input line 307.
LaTeX Info: Redefining \sptext on input line 314.
LaTeX Info: Redefining \. on input line 314.
LaTeX Info: Redefining \% on input line 314.
LaTeX Info: Redefining \sptext on input line 315.
LaTeX Info: Redefining \. on input line 315.
LaTeX Info: Redefining \% on input line 315.
LaTeX Info: Redefining \sptext on input line 330.
LaTeX Info: Redefining \. on input line 330.
LaTeX Info: Redefining \% on input line 330.
LaTeX Info: Redefining \sptext on input line 331.
LaTeX Info: Redefining \. on input line 331.
LaTeX Info: Redefining \% on input line 331.
LaTeX Info: Redefining \sptext on input line 339.
LaTeX Info: Redefining \. on input line 339.
LaTeX Info: Redefining \% on input line 339.
LaTeX Info: Redefining \sptext on input line 340.
LaTeX Info: Redefining \. on input line 340.
LaTeX Info: Redefining \% on input line 340.
LaTeX Info: Redefining \sptext on input line 341.
LaTeX Info: Redefining \. on input line 341.
LaTeX Info: Redefining \% on input line 341.
LaTeX Info: Redefining \sptext on input line 342.
LaTeX Info: Redefining \. on input line 342.
LaTeX Info: Redefining \% on input line 342.
LaTeX Info: Redefining \sptext on input line 354.
LaTeX Info: Redefining \. on input line 354.
LaTeX Info: Redefining \% on input line 354.
LaTeX Info: Redefining \sptext on input line 355.
LaTeX Info: Redefining \. on input line 355.
LaTeX Info: Redefining \% on input line 355.
LaTeX Info: Redefining \sptext on input line 391.
LaTeX Info: Redefining \. on input line 391.
LaTeX Info: Redefining \% on input line 391.
LaTeX Info: Redefining \sptext on input line 392.
LaTeX Info: Redefining \. on input line 392.
LaTeX Info: Redefining \% on input line 392.
LaTeX Info: Redefining \sptext on input line 414.
LaTeX Info: Redefining \. on input line 414.
LaTeX Info: Redefining \% on input line 414.
LaTeX Info: Redefining \sptext on input line 415.
LaTeX Info: Redefining \. on input line 415.
LaTeX Info: Redefining \% on input line 415.
LaTeX Info: Redefining \sptext on input line 628.
LaTeX Info: Redefining \. on input line 628.
LaTeX Info: Redefining \% on input line 628.
LaTeX Info: Redefining \sptext on input line 629.
LaTeX Info: Redefining \. on input line 629.
LaTeX Info: Redefining \% on input line 629.
LaTeX Info: Redefining \sptext on input line 771.
LaTeX Info: Redefining \. on input line 771.
LaTeX Info: Redefining \% on input line 771.
LaTeX Info: Redefining \sptext on input line 772.
LaTeX Info: Redefining \. on input line 772.
LaTeX Info: Redefining \% on input line 772.
LaTeX Info: Redefining \sptext on input line 773.
LaTeX Info: Redefining \. on input line 773.
LaTeX Info: Redefining \% on input line 773.
LaTeX Info: Redefining \sptext on input line 774.
LaTeX Info: Redefining \. on input line 774.
LaTeX Info: Redefining \% on input line 774.
LaTeX Info: Redefining \sptext on input line 775.
LaTeX Info: Redefining \. on input line 775.
LaTeX Info: Redefining \% on input line 775.
LaTeX Info: Redefining \sptext on input line 776.
LaTeX Info: Redefining \. on input line 776.
LaTeX Info: Redefining \% on input line 776.
LaTeX Info: Redefining \sptext on input line 777.
LaTeX Info: Redefining \. on input line 777.
LaTeX Info: Redefining \% on input line 777.
LaTeX Info: Redefining \sptext on input line 778.
LaTeX Info: Redefining \. on input line 778.
LaTeX Info: Redefining \% on input line 778.
LaTeX Info: Redefining \sptext on input line 779.
LaTeX Info: Redefining \. on input line 779.
LaTeX Info: Redefining \% on input line 779.
LaTeX Info: Redefining \sptext on input line 780.
LaTeX Info: Redefining \. on input line 780.
LaTeX Info: Redefining \% on input line 780.
LaTeX Info: Redefining \sptext on input line 781.
LaTeX Info: Redefining \. on input line 781.
LaTeX Info: Redefining \% on input line 781.
LaTeX Info: Redefining \sptext on input line 782.
LaTeX Info: Redefining \. on input line 782.
LaTeX Info: Redefining \% on input line 782.
LaTeX Info: Redefining \sptext on input line 783.
LaTeX Info: Redefining \. on input line 783.
LaTeX Info: Redefining \% on input line 783.
LaTeX Info: Redefining \sptext on input line 784.
LaTeX Info: Redefining \. on input line 784.
LaTeX Info: Redefining \% on input line 784.
LaTeX Info: Redefining \sptext on input line 785.
LaTeX Info: Redefining \. on input line 785.
LaTeX Info: Redefining \% on input line 785.
LaTeX Info: Redefining \sptext on input line 786.
LaTeX Info: Redefining \. on input line 786.
LaTeX Info: Redefining \% on input line 786.
LaTeX Info: Redefining \sptext on input line 787.
LaTeX Info: Redefining \. on input line 787.
LaTeX Info: Redefining \% on input line 787.
LaTeX Info: Redefining \sptext on input line 788.
LaTeX Info: Redefining \. on input line 788.
LaTeX Info: Redefining \% on input line 788.
LaTeX Info: Redefining \sptext on input line 789.
LaTeX Info: Redefining \. on input line 789.
LaTeX Info: Redefining \% on input line 789.
LaTeX Info: Redefining \sptext on input line 790.
LaTeX Info: Redefining \. on input line 790.
LaTeX Info: Redefining \% on input line 790.
LaTeX Info: Redefining \sptext on input line 791.
LaTeX Info: Redefining \. on input line 791.
LaTeX Info: Redefining \% on input line 791.
LaTeX Info: Redefining \sptext on input line 792.
LaTeX Info: Redefining \. on input line 792.
LaTeX Info: Redefining \% on input line 792.
LaTeX Info: Redefining \sptext on input line 793.
LaTeX Info: Redefining \. on input line 793.
LaTeX Info: Redefining \% on input line 793.
LaTeX Info: Redefining \sptext on input line 794.
LaTeX Info: Redefining \. on input line 794.
LaTeX Info: Redefining \% on input line 794.
LaTeX Info: Redefining \sptext on input line 795.
LaTeX Info: Redefining \. on input line 795.
LaTeX Info: Redefining \% on input line 795.
LaTeX Info: Redefining \sptext on input line 796.
LaTeX Info: Redefining \. on input line 796.
LaTeX Info: Redefining \% on input line 796.
LaTeX Info: Redefining \sptext on input line 797.
LaTeX Info: Redefining \. on input line 797.
LaTeX Info: Redefining \% on input line 797.
LaTeX Info: Redefining \sptext on input line 798.
LaTeX Info: Redefining \. on input line 798.
LaTeX Info: Redefining \% on input line 798.
LaTeX Info: Redefining \sptext on input line 799.
LaTeX Info: Redefining \. on input line 799.
LaTeX Info: Redefining \% on input line 799.
LaTeX Info: Redefining \sptext on input line 800.
LaTeX Info: Redefining \. on input line 800.
LaTeX Info: Redefining \% on input line 800.
LaTeX Info: Redefining \sptext on input line 801.
LaTeX Info: Redefining \. on input line 801.
LaTeX Info: Redefining \% on input line 801.
LaTeX Info: Redefining \sptext on input line 802.
LaTeX Info: Redefining \. on input line 802.
LaTeX Info: Redefining \% on input line 802.
LaTeX Info: Redefining \sptext on input line 803.
LaTeX Info: Redefining \. on input line 803.
LaTeX Info: Redefining \% on input line 803.
LaTeX Info: Redefining \sptext on input line 804.
LaTeX Info: Redefining \. on input line 804.
LaTeX Info: Redefining \% on input line 804.
LaTeX Info: Redefining \sptext on input line 805.
LaTeX Info: Redefining \. on input line 805.
LaTeX Info: Redefining \% on input line 805.
LaTeX Info: Redefining \sptext on input line 806.
LaTeX Info: Redefining \. on input line 806.
LaTeX Info: Redefining \% on input line 806.
LaTeX Info: Redefining \sptext on input line 807.
LaTeX Info: Redefining \. on input line 807.
LaTeX Info: Redefining \% on input line 807.
LaTeX Info: Redefining \sptext on input line 808.
LaTeX Info: Redefining \. on input line 808.
LaTeX Info: Redefining \% on input line 808.
LaTeX Info: Redefining \sptext on input line 809.
LaTeX Info: Redefining \. on input line 809.
LaTeX Info: Redefining \% on input line 809.
LaTeX Info: Redefining \sptext on input line 810.
LaTeX Info: Redefining \. on input line 810.
LaTeX Info: Redefining \% on input line 810.
LaTeX Info: Redefining \sptext on input line 811.
LaTeX Info: Redefining \. on input line 811.
LaTeX Info: Redefining \% on input line 811.
LaTeX Info: Redefining \sptext on input line 812.
LaTeX Info: Redefining \. on input line 812.
LaTeX Info: Redefining \% on input line 812.
LaTeX Info: Redefining \sptext on input line 813.
LaTeX Info: Redefining \. on input line 813.
LaTeX Info: Redefining \% on input line 813.
LaTeX Info: Redefining \sptext on input line 814.
LaTeX Info: Redefining \. on input line 814.
LaTeX Info: Redefining \% on input line 814.
LaTeX Info: Redefining \sptext on input line 815.
LaTeX Info: Redefining \. on input line 815.
LaTeX Info: Redefining \% on input line 815.
LaTeX Info: Redefining \sptext on input line 816.
LaTeX Info: Redefining \. on input line 816.
LaTeX Info: Redefining \% on input line 816.
LaTeX Info: Redefining \sptext on input line 817.
LaTeX Info: Redefining \. on input line 817.
LaTeX Info: Redefining \% on input line 817.
LaTeX Info: Redefining \sptext on input line 818.
LaTeX Info: Redefining \. on input line 818.
LaTeX Info: Redefining \% on input line 818.
LaTeX Info: Redefining \sptext on input line 819.
LaTeX Info: Redefining \. on input line 819.
LaTeX Info: Redefining \% on input line 819.
LaTeX Info: Redefining \sptext on input line 820.
LaTeX Info: Redefining \. on input line 820.
LaTeX Info: Redefining \% on input line 820.
LaTeX Info: Redefining \sptext on input line 821.
LaTeX Info: Redefining \. on input line 821.
LaTeX Info: Redefining \% on input line 821.
LaTeX Info: Redefining \sptext on input line 822.
LaTeX Info: Redefining \. on input line 822.
LaTeX Info: Redefining \% on input line 822.
LaTeX Info: Redefining \sptext on input line 823.
LaTeX Info: Redefining \. on input line 823.
LaTeX Info: Redefining \% on input line 823.
LaTeX Info: Redefining \sptext on input line 824.
LaTeX Info: Redefining \. on input line 824.
LaTeX Info: Redefining \% on input line 824.
LaTeX Info: Redefining \sptext on input line 825.
LaTeX Info: Redefining \. on input line 825.
LaTeX Info: Redefining \% on input line 825.
LaTeX Info: Redefining \sptext on input line 826.
LaTeX Info: Redefining \. on input line 826.
LaTeX Info: Redefining \% on input line 826.
LaTeX Info: Redefining \sptext on input line 827.
LaTeX Info: Redefining \. on input line 827.
LaTeX Info: Redefining \% on input line 827.
LaTeX Info: Redefining \sptext on input line 828.
LaTeX Info: Redefining \. on input line 828.
LaTeX Info: Redefining \% on input line 828.
LaTeX Info: Redefining \sptext on input line 829.
LaTeX Info: Redefining \. on input line 829.
LaTeX Info: Redefining \% on input line 829.
LaTeX Info: Redefining \sptext on input line 830.
LaTeX Info: Redefining \. on input line 830.
LaTeX Info: Redefining \% on input line 830.
LaTeX Info: Redefining \sptext on input line 831.
LaTeX Info: Redefining \. on input line 831.
LaTeX Info: Redefining \% on input line 831.
LaTeX Info: Redefining \sptext on input line 832.
LaTeX Info: Redefining \. on input line 832.
LaTeX Info: Redefining \% on input line 832.
LaTeX Info: Redefining \sptext on input line 833.
LaTeX Info: Redefining \. on input line 833.
LaTeX Info: Redefining \% on input line 833.
LaTeX Info: Redefining \sptext on input line 834.
LaTeX Info: Redefining \. on input line 834.
LaTeX Info: Redefining \% on input line 834.
LaTeX Info: Redefining \sptext on input line 835.
LaTeX Info: Redefining \. on input line 835.
LaTeX Info: Redefining \% on input line 835.
LaTeX Info: Redefining \sptext on input line 836.
LaTeX Info: Redefining \. on input line 836.
LaTeX Info: Redefining \% on input line 836.
LaTeX Info: Redefining \sptext on input line 837.
LaTeX Info: Redefining \. on input line 837.
LaTeX Info: Redefining \% on input line 837.
LaTeX Info: Redefining \sptext on input line 838.
LaTeX Info: Redefining \. on input line 838.
LaTeX Info: Redefining \% on input line 838.
LaTeX Info: Redefining \sptext on input line 839.
LaTeX Info: Redefining \. on input line 839.
LaTeX Info: Redefining \% on input line 839.
LaTeX Info: Redefining \sptext on input line 840.
LaTeX Info: Redefining \. on input line 840.
LaTeX Info: Redefining \% on input line 840.
LaTeX Info: Redefining \sptext on input line 841.
LaTeX Info: Redefining \. on input line 841.
LaTeX Info: Redefining \% on input line 841.
LaTeX Info: Redefining \sptext on input line 842.
LaTeX Info: Redefining \. on input line 842.
LaTeX Info: Redefining \% on input line 842.
LaTeX Info: Redefining \sptext on input line 843.
LaTeX Info: Redefining \. on input line 843.
LaTeX Info: Redefining \% on input line 843.
LaTeX Info: Redefining \sptext on input line 844.
LaTeX Info: Redefining \. on input line 844.
LaTeX Info: Redefining \% on input line 844.
LaTeX Info: Redefining \sptext on input line 845.
LaTeX Info: Redefining \. on input line 845.
LaTeX Info: Redefining \% on input line 845.
LaTeX Info: Redefining \sptext on input line 846.
LaTeX Info: Redefining \. on input line 846.
LaTeX Info: Redefining \% on input line 846.
LaTeX Info: Redefining \sptext on input line 847.
LaTeX Info: Redefining \. on input line 847.
LaTeX Info: Redefining \% on input line 847.
LaTeX Info: Redefining \sptext on input line 848.
LaTeX Info: Redefining \. on input line 848.
LaTeX Info: Redefining \% on input line 848.
LaTeX Info: Redefining \sptext on input line 849.
LaTeX Info: Redefining \. on input line 849.
LaTeX Info: Redefining \% on input line 849.
LaTeX Info: Redefining \sptext on input line 850.
LaTeX Info: Redefining \. on input line 850.
LaTeX Info: Redefining \% on input line 850.
LaTeX Info: Redefining \sptext on input line 851.
LaTeX Info: Redefining \. on input line 851.
LaTeX Info: Redefining \% on input line 851.
LaTeX Info: Redefining \sptext on input line 852.
LaTeX Info: Redefining \. on input line 852.
LaTeX Info: Redefining \% on input line 852.
LaTeX Info: Redefining \sptext on input line 853.
LaTeX Info: Redefining \. on input line 853.
LaTeX Info: Redefining \% on input line 853.
LaTeX Info: Redefining \sptext on input line 854.
LaTeX Info: Redefining \. on input line 854.
LaTeX Info: Redefining \% on input line 854.
LaTeX Info: Redefining \sptext on input line 855.
LaTeX Info: Redefining \. on input line 855.
LaTeX Info: Redefining \% on input line 855.
LaTeX Info: Redefining \sptext on input line 856.
LaTeX Info: Redefining \. on input line 856.
LaTeX Info: Redefining \% on input line 856.
LaTeX Info: Redefining \sptext on input line 857.
LaTeX Info: Redefining \. on input line 857.
LaTeX Info: Redefining \% on input line 857.
LaTeX Info: Redefining \sptext on input line 858.
LaTeX Info: Redefining \. on input line 858.
LaTeX Info: Redefining \% on input line 858.
LaTeX Info: Redefining \sptext on input line 859.
LaTeX Info: Redefining \. on input line 859.
LaTeX Info: Redefining \% on input line 859.
LaTeX Info: Redefining \sptext on input line 860.
LaTeX Info: Redefining \. on input line 860.
LaTeX Info: Redefining \% on input line 860.
LaTeX Info: Redefining \sptext on input line 861.
LaTeX Info: Redefining \. on input line 861.
LaTeX Info: Redefining \% on input line 861.
LaTeX Info: Redefining \sptext on input line 862.
LaTeX Info: Redefining \. on input line 862.
LaTeX Info: Redefining \% on input line 862.
LaTeX Info: Redefining \sptext on input line 863.
LaTeX Info: Redefining \. on input line 863.
LaTeX Info: Redefining \% on input line 863.
LaTeX Info: Redefining \sptext on input line 864.
LaTeX Info: Redefining \. on input line 864.
LaTeX Info: Redefining \% on input line 864.
LaTeX Info: Redefining \sptext on input line 865.
LaTeX Info: Redefining \. on input line 865.
LaTeX Info: Redefining \% on input line 865.
LaTeX Info: Redefining \sptext on input line 866.
LaTeX Info: Redefining \. on input line 866.
LaTeX Info: Redefining \% on input line 866.
LaTeX Info: Redefining \sptext on input line 867.
LaTeX Info: Redefining \. on input line 867.
LaTeX Info: Redefining \% on input line 867.
LaTeX Info: Redefining \sptext on input line 868.
LaTeX Info: Redefining \. on input line 868.
LaTeX Info: Redefining \% on input line 868.
LaTeX Info: Redefining \sptext on input line 869.
LaTeX Info: Redefining \. on input line 869.
LaTeX Info: Redefining \% on input line 869.
LaTeX Info: Redefining \sptext on input line 870.
LaTeX Info: Redefining \. on input line 870.
LaTeX Info: Redefining \% on input line 870.
LaTeX Info: Redefining \sptext on input line 871.
LaTeX Info: Redefining \. on input line 871.
LaTeX Info: Redefining \% on input line 871.
LaTeX Info: Redefining \sptext on input line 872.
LaTeX Info: Redefining \. on input line 872.
LaTeX Info: Redefining \% on input line 872.
LaTeX Info: Redefining \sptext on input line 873.
LaTeX Info: Redefining \. on input line 873.
LaTeX Info: Redefining \% on input line 873.
LaTeX Info: Redefining \sptext on input line 874.
LaTeX Info: Redefining \. on input line 874.
LaTeX Info: Redefining \% on input line 874.
LaTeX Info: Redefining \sptext on input line 875.
LaTeX Info: Redefining \. on input line 875.
LaTeX Info: Redefining \% on input line 875.
LaTeX Info: Redefining \sptext on input line 876.
LaTeX Info: Redefining \. on input line 876.
LaTeX Info: Redefining \% on input line 876.
LaTeX Info: Redefining \sptext on input line 877.
LaTeX Info: Redefining \. on input line 877.
LaTeX Info: Redefining \% on input line 877.
LaTeX Info: Redefining \sptext on input line 878.
LaTeX Info: Redefining \. on input line 878.
LaTeX Info: Redefining \% on input line 878.
LaTeX Info: Redefining \sptext on input line 879.
LaTeX Info: Redefining \. on input line 879.
LaTeX Info: Redefining \% on input line 879.
LaTeX Info: Redefining \sptext on input line 880.
LaTeX Info: Redefining \. on input line 880.
LaTeX Info: Redefining \% on input line 880.
LaTeX Info: Redefining \sptext on input line 881.
LaTeX Info: Redefining \. on input line 881.
LaTeX Info: Redefining \% on input line 881.
LaTeX Info: Redefining \sptext on input line 882.
LaTeX Info: Redefining \. on input line 882.
LaTeX Info: Redefining \% on input line 882.
LaTeX Info: Redefining \sptext on input line 883.
LaTeX Info: Redefining \. on input line 883.
LaTeX Info: Redefining \% on input line 883.
LaTeX Info: Redefining \sptext on input line 884.
LaTeX Info: Redefining \. on input line 884.
LaTeX Info: Redefining \% on input line 884.
LaTeX Info: Redefining \sptext on input line 885.
LaTeX Info: Redefining \. on input line 885.
LaTeX Info: Redefining \% on input line 885.
LaTeX Info: Redefining \sptext on input line 886.
LaTeX Info: Redefining \. on input line 886.
LaTeX Info: Redefining \% on input line 886.
LaTeX Info: Redefining \sptext on input line 887.
LaTeX Info: Redefining \. on input line 887.
LaTeX Info: Redefining \% on input line 887.
LaTeX Info: Redefining \sptext on input line 888.
LaTeX Info: Redefining \. on input line 888.
LaTeX Info: Redefining \% on input line 888.
LaTeX Info: Redefining \sptext on input line 889.
LaTeX Info: Redefining \. on input line 889.
LaTeX Info: Redefining \% on input line 889.
LaTeX Info: Redefining \sptext on input line 890.
LaTeX Info: Redefining \. on input line 890.
LaTeX Info: Redefining \% on input line 890.
LaTeX Info: Redefining \sptext on input line 891.
LaTeX Info: Redefining \. on input line 891.
LaTeX Info: Redefining \% on input line 891.
LaTeX Info: Redefining \sptext on input line 892.
LaTeX Info: Redefining \. on input line 892.
LaTeX Info: Redefining \% on input line 892.
LaTeX Info: Redefining \sptext on input line 893.
LaTeX Info: Redefining \. on input line 893.
LaTeX Info: Redefining \% on input line 893.
LaTeX Info: Redefining \sptext on input line 894.
LaTeX Info: Redefining \. on input line 894.
LaTeX Info: Redefining \% on input line 894.
LaTeX Info: Redefining \sptext on input line 895.
LaTeX Info: Redefining \. on input line 895.
LaTeX Info: Redefining \% on input line 895.
LaTeX Info: Redefining \sptext on input line 896.
LaTeX Info: Redefining \. on input line 896.
LaTeX Info: Redefining \% on input line 896.
LaTeX Info: Redefining \sptext on input line 897.
LaTeX Info: Redefining \. on input line 897.
LaTeX Info: Redefining \% on input line 897.
LaTeX Info: Redefining \sptext on input line 898.
LaTeX Info: Redefining \. on input line 898.
LaTeX Info: Redefining \% on input line 898.
LaTeX Info: Redefining \sptext on input line 899.
LaTeX Info: Redefining \. on input line 899.
LaTeX Info: Redefining \% on input line 899.
LaTeX Info: Redefining \sptext on input line 900.
LaTeX Info: Redefining \. on input line 900.
LaTeX Info: Redefining \% on input line 900.
LaTeX Info: Redefining \sptext on input line 901.
LaTeX Info: Redefining \. on input line 901.
LaTeX Info: Redefining \% on input line 901.
LaTeX Info: Redefining \sptext on input line 902.
LaTeX Info: Redefining \. on input line 902.
LaTeX Info: Redefining \% on input line 902.
LaTeX Info: Redefining \sptext on input line 903.
LaTeX Info: Redefining \. on input line 903.
LaTeX Info: Redefining \% on input line 903.
LaTeX Info: Redefining \sptext on input line 904.
LaTeX Info: Redefining \. on input line 904.
LaTeX Info: Redefining \% on input line 904.
LaTeX Info: Redefining \sptext on input line 905.
LaTeX Info: Redefining \. on input line 905.
LaTeX Info: Redefining \% on input line 905.
LaTeX Info: Redefining \sptext on input line 906.
LaTeX Info: Redefining \. on input line 906.
LaTeX Info: Redefining \% on input line 906.
LaTeX Info: Redefining \sptext on input line 907.
LaTeX Info: Redefining \. on input line 907.
LaTeX Info: Redefining \% on input line 907.
LaTeX Info: Redefining \sptext on input line 908.
LaTeX Info: Redefining \. on input line 908.
LaTeX Info: Redefining \% on input line 908.
LaTeX Info: Redefining \sptext on input line 909.
LaTeX Info: Redefining \. on input line 909.
LaTeX Info: Redefining \% on input line 909.
LaTeX Info: Redefining \sptext on input line 910.
LaTeX Info: Redefining \. on input line 910.
LaTeX Info: Redefining \% on input line 910.
LaTeX Info: Redefining \sptext on input line 911.
LaTeX Info: Redefining \. on input line 911.
LaTeX Info: Redefining \% on input line 911.
LaTeX Info: Redefining \sptext on input line 912.
LaTeX Info: Redefining \. on input line 912.
LaTeX Info: Redefining \% on input line 912.
LaTeX Info: Redefining \sptext on input line 913.
LaTeX Info: Redefining \. on input line 913.
LaTeX Info: Redefining \% on input line 913.
LaTeX Info: Redefining \sptext on input line 914.
LaTeX Info: Redefining \. on input line 914.
LaTeX Info: Redefining \% on input line 914.
LaTeX Info: Redefining \sptext on input line 915.
LaTeX Info: Redefining \. on input line 915.
LaTeX Info: Redefining \% on input line 915.
LaTeX Info: Redefining \sptext on input line 916.
LaTeX Info: Redefining \. on input line 916.
LaTeX Info: Redefining \% on input line 916.
LaTeX Info: Redefining \sptext on input line 917.
LaTeX Info: Redefining \. on input line 917.
LaTeX Info: Redefining \% on input line 917.
LaTeX Info: Redefining \sptext on input line 918.
LaTeX Info: Redefining \. on input line 918.
LaTeX Info: Redefining \% on input line 918.
LaTeX Info: Redefining \sptext on input line 919.
LaTeX Info: Redefining \. on input line 919.
LaTeX Info: Redefining \% on input line 919.
LaTeX Info: Redefining \sptext on input line 920.
LaTeX Info: Redefining \. on input line 920.
LaTeX Info: Redefining \% on input line 920.
LaTeX Info: Redefining \sptext on input line 921.
LaTeX Info: Redefining \. on input line 921.
LaTeX Info: Redefining \% on input line 921.
LaTeX Info: Redefining \sptext on input line 922.
LaTeX Info: Redefining \. on input line 922.
LaTeX Info: Redefining \% on input line 922.
LaTeX Info: Redefining \sptext on input line 923.
LaTeX Info: Redefining \. on input line 923.
LaTeX Info: Redefining \% on input line 923.
LaTeX Info: Redefining \sptext on input line 924.
LaTeX Info: Redefining \. on input line 924.
LaTeX Info: Redefining \% on input line 924.
LaTeX Info: Redefining \sptext on input line 925.
LaTeX Info: Redefining \. on input line 925.
LaTeX Info: Redefining \% on input line 925.
LaTeX Info: Redefining \sptext on input line 926.
LaTeX Info: Redefining \. on input line 926.
LaTeX Info: Redefining \% on input line 926.
LaTeX Info: Redefining \sptext on input line 927.
LaTeX Info: Redefining \. on input line 927.
LaTeX Info: Redefining \% on input line 927.
LaTeX Info: Redefining \sptext on input line 928.
LaTeX Info: Redefining \. on input line 928.
LaTeX Info: Redefining \% on input line 928.
LaTeX Info: Redefining \sptext on input line 929.
LaTeX Info: Redefining \. on input line 929.
LaTeX Info: Redefining \% on input line 929.
LaTeX Info: Redefining \sptext on input line 930.
LaTeX Info: Redefining \. on input line 930.
LaTeX Info: Redefining \% on input line 930.
LaTeX Info: Redefining \sptext on input line 931.
LaTeX Info: Redefining \. on input line 931.
LaTeX Info: Redefining \% on input line 931.
LaTeX Info: Redefining \sptext on input line 932.
LaTeX Info: Redefining \. on input line 932.
LaTeX Info: Redefining \% on input line 932.
LaTeX Info: Redefining \sptext on input line 933.
LaTeX Info: Redefining \. on input line 933.
LaTeX Info: Redefining \% on input line 933.
LaTeX Info: Redefining \sptext on input line 934.
LaTeX Info: Redefining \. on input line 934.
LaTeX Info: Redefining \% on input line 934.
LaTeX Info: Redefining \sptext on input line 935.
LaTeX Info: Redefining \. on input line 935.
LaTeX Info: Redefining \% on input line 935.
LaTeX Info: Redefining \sptext on input line 936.
LaTeX Info: Redefining \. on input line 936.
LaTeX Info: Redefining \% on input line 936.
LaTeX Info: Redefining \sptext on input line 937.
LaTeX Info: Redefining \. on input line 937.
LaTeX Info: Redefining \% on input line 937.
LaTeX Info: Redefining \sptext on input line 938.
LaTeX Info: Redefining \. on input line 938.
LaTeX Info: Redefining \% on input line 938.
LaTeX Info: Redefining \sptext on input line 939.
LaTeX Info: Redefining \. on input line 939.
LaTeX Info: Redefining \% on input line 939.
LaTeX Info: Redefining \sptext on input line 940.
LaTeX Info: Redefining \. on input line 940.
LaTeX Info: Redefining \% on input line 940.
LaTeX Info: Redefining \sptext on input line 941.
LaTeX Info: Redefining \. on input line 941.
LaTeX Info: Redefining \% on input line 941.
LaTeX Info: Redefining \sptext on input line 942.
LaTeX Info: Redefining \. on input line 942.
LaTeX Info: Redefining \% on input line 942.
LaTeX Info: Redefining \sptext on input line 943.
LaTeX Info: Redefining \. on input line 943.
LaTeX Info: Redefining \% on input line 943.
LaTeX Info: Redefining \sptext on input line 944.
LaTeX Info: Redefining \. on input line 944.
LaTeX Info: Redefining \% on input line 944.
LaTeX Info: Redefining \sptext on input line 945.
LaTeX Info: Redefining \. on input line 945.
LaTeX Info: Redefining \% on input line 945.
LaTeX Info: Redefining \sptext on input line 946.
LaTeX Info: Redefining \. on input line 946.
LaTeX Info: Redefining \% on input line 946.
LaTeX Info: Redefining \sptext on input line 947.
LaTeX Info: Redefining \. on input line 947.
LaTeX Info: Redefining \% on input line 947.
LaTeX Info: Redefining \sptext on input line 948.
LaTeX Info: Redefining \. on input line 948.
LaTeX Info: Redefining \% on input line 948.
LaTeX Info: Redefining \sptext on input line 949.
LaTeX Info: Redefining \. on input line 949.
LaTeX Info: Redefining \% on input line 949.
LaTeX Info: Redefining \sptext on input line 950.
LaTeX Info: Redefining \. on input line 950.
LaTeX Info: Redefining \% on input line 950.
LaTeX Info: Redefining \sptext on input line 951.
LaTeX Info: Redefining \. on input line 951.
LaTeX Info: Redefining \% on input line 951.
LaTeX Info: Redefining \sptext on input line 952.
LaTeX Info: Redefining \. on input line 952.
LaTeX Info: Redefining \% on input line 952.
LaTeX Info: Redefining \sptext on input line 953.
LaTeX Info: Redefining \. on input line 953.
LaTeX Info: Redefining \% on input line 953.
LaTeX Info: Redefining \sptext on input line 954.
LaTeX Info: Redefining \. on input line 954.
LaTeX Info: Redefining \% on input line 954.
LaTeX Info: Redefining \sptext on input line 955.
LaTeX Info: Redefining \. on input line 955.
LaTeX Info: Redefining \% on input line 955.
LaTeX Info: Redefining \sptext on input line 956.
LaTeX Info: Redefining \. on input line 956.
LaTeX Info: Redefining \% on input line 956.
LaTeX Info: Redefining \sptext on input line 957.
LaTeX Info: Redefining \. on input line 957.
LaTeX Info: Redefining \% on input line 957.
LaTeX Info: Redefining \sptext on input line 958.
LaTeX Info: Redefining \. on input line 958.
LaTeX Info: Redefining \% on input line 958.
LaTeX Info: Redefining \sptext on input line 960.
LaTeX Info: Redefining \. on input line 960.
LaTeX Info: Redefining \% on input line 960.
LaTeX Info: Redefining \sptext on input line 961.
LaTeX Info: Redefining \. on input line 961.
LaTeX Info: Redefining \% on input line 961.
LaTeX Info: Redefining \sptext on input line 962.
LaTeX Info: Redefining \. on input line 962.
LaTeX Info: Redefining \% on input line 962.
LaTeX Info: Redefining \sptext on input line 963.
LaTeX Info: Redefining \. on input line 963.
LaTeX Info: Redefining \% on input line 963.
LaTeX Info: Redefining \sptext on input line 964.
LaTeX Info: Redefining \. on input line 964.
LaTeX Info: Redefining \% on input line 964.
LaTeX Info: Redefining \sptext on input line 965.
LaTeX Info: Redefining \. on input line 965.
LaTeX Info: Redefining \% on input line 965.
LaTeX Info: Redefining \sptext on input line 966.
LaTeX Info: Redefining \. on input line 966.
LaTeX Info: Redefining \% on input line 966.
LaTeX Info: Redefining \sptext on input line 967.
LaTeX Info: Redefining \. on input line 967.
LaTeX Info: Redefining \% on input line 967.
LaTeX Info: Redefining \sptext on input line 968.
LaTeX Info: Redefining \. on input line 968.
LaTeX Info: Redefining \% on input line 968.
LaTeX Info: Redefining \sptext on input line 969.
LaTeX Info: Redefining \. on input line 969.
LaTeX Info: Redefining \% on input line 969.
 * soulpos - computing points - it may take a few seconds *
\openout5 = `main.upb'.

 (main.upa))
 ***********
LaTeX2e <2025-11-01>
L3 programming layer <2025-12-24>
 ***********
Package rerunfilecheck Info: File `main.out' has not changed.
(rerunfilecheck)             Checksum: 50B8A8E3BCBF12DCFBCEE16B25843379;19639.
Package logreq Info: Writing requests to 'main.run.xml'.
\openout1 = `main.run.xml'.

 ) 
Here is how much of TeX's memory you used:
 46524 strings out of 467871
 941993 string characters out of 5418376
 1800148 words of memory out of 5000000
 73344 multiletter control sequences out of 15000+600000
 731946 words of font info for 553 fonts, out of 8000000 for 9000
 1141 hyphenation exceptions out of 8191
 99i,18n,108p,1498b,4826s stack positions out of 10000i,1000n,20000p,200000b,200000s
<C:/Users/enzoa/AppData/Local/Programs/MiKTeX/fonts/type1/public/amsfonts/cm/
cmex10.pfb><C:/Users/enzoa/AppData/Local/Programs/MiKTeX/fonts/type1/public/ams
fonts/cm/cmmi10.pfb><C:/Users/enzoa/AppData/Local/Programs/MiKTeX/fonts/type1/p
ublic/amsfonts/cm/cmr10.pfb><C:/Users/enzoa/AppData/Local/Programs/MiKTeX/fonts
/type1/public/amsfonts/cm/cmsy10.pfb><C:/Users/enzoa/AppData/Local/Programs/MiK
TeX/fonts/type1/public/lm/lmtt12.pfb><C:/Users/enzoa/AppData/Local/Programs/MiK
TeX/fonts/type1/urw/times/utmb8a.pfb><C:/Users/enzoa/AppData/Local/Programs/MiK
TeX/fonts/type1/urw/times/utmr8a.pfb><C:/Users/enzoa/AppData/Local/Programs/MiK
TeX/fonts/type1/urw/times/utmri8a.pfb>
Output written on main.pdf (159 pages, 2480323 bytes).
PDF statistics:
 2466 PDF objects out of 2487 (max. 8388607)
 484 named destinations out of 1000 (max. 500000)
 106349 words of extra memory for PDF output out of 106986 (max. 10000000)

